#
# TABLE STRUCTURE FOR: age_restrictions
#

DROP TABLE IF EXISTS `age_restrictions`;

CREATE TABLE `age_restrictions` (
  `id` bigint(20) unsigned NOT NULL AUTO_INCREMENT,
  `name` varchar(10) COLLATE utf8mb4_unicode_ci NOT NULL COMMENT 'имя категории ограничений возраста',
  `min_age` tinyint(4) DEFAULT NULL COMMENT 'минимальный возраст для категории',
  PRIMARY KEY (`name`),
  UNIQUE KEY `id` (`id`)
) ENGINE=InnoDB AUTO_INCREMENT=6 DEFAULT CHARSET=utf8mb4 COLLATE=utf8mb4_unicode_ci;

INSERT INTO `age_restrictions` (`id`, `name`, `min_age`) VALUES ('2', 'asperiores', 127);
INSERT INTO `age_restrictions` (`id`, `name`, `min_age`) VALUES ('5', 'consectetu', 127);
INSERT INTO `age_restrictions` (`id`, `name`, `min_age`) VALUES ('1', 'non', 6);
INSERT INTO `age_restrictions` (`id`, `name`, `min_age`) VALUES ('3', 'ratione', 5);
INSERT INTO `age_restrictions` (`id`, `name`, `min_age`) VALUES ('4', 'saepe', 127);


#
# TABLE STRUCTURE FOR: communities
#

DROP TABLE IF EXISTS `communities`;

CREATE TABLE `communities` (
  `id` bigint(20) unsigned NOT NULL AUTO_INCREMENT,
  `name` varchar(150) COLLATE utf8mb4_unicode_ci DEFAULT NULL,
  `admin_user_id` bigint(20) unsigned NOT NULL,
  UNIQUE KEY `id` (`id`),
  KEY `communities_name_idx` (`name`),
  KEY `admin_user_id` (`admin_user_id`),
  CONSTRAINT `communities_ibfk_1` FOREIGN KEY (`admin_user_id`) REFERENCES `users` (`id`)
) ENGINE=InnoDB AUTO_INCREMENT=21 DEFAULT CHARSET=utf8mb4 COLLATE=utf8mb4_unicode_ci;

INSERT INTO `communities` (`id`, `name`, `admin_user_id`) VALUES ('1', 'nobis', '1');
INSERT INTO `communities` (`id`, `name`, `admin_user_id`) VALUES ('2', 'voluptas', '2');
INSERT INTO `communities` (`id`, `name`, `admin_user_id`) VALUES ('3', 'sit', '3');
INSERT INTO `communities` (`id`, `name`, `admin_user_id`) VALUES ('4', 'aperiam', '4');
INSERT INTO `communities` (`id`, `name`, `admin_user_id`) VALUES ('5', 'voluptate', '5');
INSERT INTO `communities` (`id`, `name`, `admin_user_id`) VALUES ('6', 'dolor', '6');
INSERT INTO `communities` (`id`, `name`, `admin_user_id`) VALUES ('7', 'suscipit', '7');
INSERT INTO `communities` (`id`, `name`, `admin_user_id`) VALUES ('8', 'labore', '8');
INSERT INTO `communities` (`id`, `name`, `admin_user_id`) VALUES ('9', 'fuga', '9');
INSERT INTO `communities` (`id`, `name`, `admin_user_id`) VALUES ('10', 'ipsum', '10');
INSERT INTO `communities` (`id`, `name`, `admin_user_id`) VALUES ('11', 'dicta', '11');
INSERT INTO `communities` (`id`, `name`, `admin_user_id`) VALUES ('12', 'est', '12');
INSERT INTO `communities` (`id`, `name`, `admin_user_id`) VALUES ('13', 'possimus', '13');
INSERT INTO `communities` (`id`, `name`, `admin_user_id`) VALUES ('14', 'blanditiis', '14');
INSERT INTO `communities` (`id`, `name`, `admin_user_id`) VALUES ('15', 'molestiae', '15');
INSERT INTO `communities` (`id`, `name`, `admin_user_id`) VALUES ('16', 'natus', '16');
INSERT INTO `communities` (`id`, `name`, `admin_user_id`) VALUES ('17', 'molestiae', '17');
INSERT INTO `communities` (`id`, `name`, `admin_user_id`) VALUES ('18', 'qui', '18');
INSERT INTO `communities` (`id`, `name`, `admin_user_id`) VALUES ('19', 'laboriosam', '19');
INSERT INTO `communities` (`id`, `name`, `admin_user_id`) VALUES ('20', 'inventore', '20');


#
# TABLE STRUCTURE FOR: friend_requests
#

DROP TABLE IF EXISTS `friend_requests`;

CREATE TABLE `friend_requests` (
  `initiator_user_id` bigint(20) unsigned NOT NULL,
  `target_user_id` bigint(20) unsigned NOT NULL,
  `status` enum('requested','approved','declined','unfriended') COLLATE utf8mb4_unicode_ci DEFAULT NULL,
  `requested_at` datetime DEFAULT current_timestamp(),
  `updated_at` datetime DEFAULT NULL ON UPDATE current_timestamp(),
  PRIMARY KEY (`initiator_user_id`,`target_user_id`),
  KEY `target_user_id` (`target_user_id`),
  CONSTRAINT `friend_requests_ibfk_1` FOREIGN KEY (`initiator_user_id`) REFERENCES `users` (`id`),
  CONSTRAINT `friend_requests_ibfk_2` FOREIGN KEY (`target_user_id`) REFERENCES `users` (`id`)
) ENGINE=InnoDB DEFAULT CHARSET=utf8mb4 COLLATE=utf8mb4_unicode_ci;

INSERT INTO `friend_requests` (`initiator_user_id`, `target_user_id`, `status`, `requested_at`, `updated_at`) VALUES ('1', '1', 'approved', '1998-07-06 00:04:53', '2012-07-20 13:11:51');
INSERT INTO `friend_requests` (`initiator_user_id`, `target_user_id`, `status`, `requested_at`, `updated_at`) VALUES ('2', '2', 'requested', '1990-02-04 17:38:05', '1995-01-29 05:10:16');
INSERT INTO `friend_requests` (`initiator_user_id`, `target_user_id`, `status`, `requested_at`, `updated_at`) VALUES ('3', '3', 'requested', '1984-10-31 17:53:03', '1975-06-26 17:12:48');
INSERT INTO `friend_requests` (`initiator_user_id`, `target_user_id`, `status`, `requested_at`, `updated_at`) VALUES ('4', '4', 'approved', '2000-02-07 13:43:25', '1971-03-09 14:02:55');
INSERT INTO `friend_requests` (`initiator_user_id`, `target_user_id`, `status`, `requested_at`, `updated_at`) VALUES ('5', '5', 'declined', '1999-01-06 13:54:29', '1984-05-26 00:45:26');
INSERT INTO `friend_requests` (`initiator_user_id`, `target_user_id`, `status`, `requested_at`, `updated_at`) VALUES ('6', '6', 'unfriended', '1973-10-02 14:29:45', '1985-10-21 20:37:41');
INSERT INTO `friend_requests` (`initiator_user_id`, `target_user_id`, `status`, `requested_at`, `updated_at`) VALUES ('7', '7', 'approved', '2012-12-27 18:38:22', '1991-09-21 14:13:24');
INSERT INTO `friend_requests` (`initiator_user_id`, `target_user_id`, `status`, `requested_at`, `updated_at`) VALUES ('8', '8', 'approved', '1973-11-09 13:46:17', '1997-03-09 11:18:59');
INSERT INTO `friend_requests` (`initiator_user_id`, `target_user_id`, `status`, `requested_at`, `updated_at`) VALUES ('9', '9', 'requested', '2009-06-17 03:55:29', '2010-09-21 14:06:09');
INSERT INTO `friend_requests` (`initiator_user_id`, `target_user_id`, `status`, `requested_at`, `updated_at`) VALUES ('10', '10', 'approved', '1971-06-03 22:28:37', '1978-04-09 15:43:28');
INSERT INTO `friend_requests` (`initiator_user_id`, `target_user_id`, `status`, `requested_at`, `updated_at`) VALUES ('11', '11', 'declined', '1977-08-04 18:24:21', '1999-03-05 02:12:45');
INSERT INTO `friend_requests` (`initiator_user_id`, `target_user_id`, `status`, `requested_at`, `updated_at`) VALUES ('12', '12', 'approved', '1987-11-19 14:03:11', '1990-04-04 20:31:27');
INSERT INTO `friend_requests` (`initiator_user_id`, `target_user_id`, `status`, `requested_at`, `updated_at`) VALUES ('13', '13', 'requested', '2013-05-14 13:53:28', '2014-05-02 11:08:11');
INSERT INTO `friend_requests` (`initiator_user_id`, `target_user_id`, `status`, `requested_at`, `updated_at`) VALUES ('14', '14', 'requested', '1996-05-06 13:11:11', '2013-12-04 08:39:43');
INSERT INTO `friend_requests` (`initiator_user_id`, `target_user_id`, `status`, `requested_at`, `updated_at`) VALUES ('15', '15', 'requested', '1999-11-02 17:36:12', '1990-03-16 03:24:59');
INSERT INTO `friend_requests` (`initiator_user_id`, `target_user_id`, `status`, `requested_at`, `updated_at`) VALUES ('16', '16', 'declined', '2008-06-04 14:11:01', '2016-04-18 10:20:03');
INSERT INTO `friend_requests` (`initiator_user_id`, `target_user_id`, `status`, `requested_at`, `updated_at`) VALUES ('17', '17', 'requested', '2019-11-02 03:08:43', '1975-03-18 11:47:50');
INSERT INTO `friend_requests` (`initiator_user_id`, `target_user_id`, `status`, `requested_at`, `updated_at`) VALUES ('18', '18', 'approved', '1987-09-10 02:13:17', '2002-02-24 19:17:31');
INSERT INTO `friend_requests` (`initiator_user_id`, `target_user_id`, `status`, `requested_at`, `updated_at`) VALUES ('19', '19', 'unfriended', '2019-12-16 16:58:44', '2020-06-15 17:44:39');
INSERT INTO `friend_requests` (`initiator_user_id`, `target_user_id`, `status`, `requested_at`, `updated_at`) VALUES ('20', '20', 'requested', '2003-06-18 22:41:13', '1986-12-04 19:51:52');
INSERT INTO `friend_requests` (`initiator_user_id`, `target_user_id`, `status`, `requested_at`, `updated_at`) VALUES ('21', '21', 'approved', '1998-10-14 02:33:14', '2013-05-27 12:36:45');
INSERT INTO `friend_requests` (`initiator_user_id`, `target_user_id`, `status`, `requested_at`, `updated_at`) VALUES ('22', '22', 'approved', '1994-05-15 20:18:04', '2007-12-22 18:08:39');
INSERT INTO `friend_requests` (`initiator_user_id`, `target_user_id`, `status`, `requested_at`, `updated_at`) VALUES ('23', '23', 'unfriended', '1983-09-24 04:27:44', '1999-09-25 03:31:56');
INSERT INTO `friend_requests` (`initiator_user_id`, `target_user_id`, `status`, `requested_at`, `updated_at`) VALUES ('24', '24', 'declined', '1970-06-09 11:11:13', '2011-12-19 20:34:14');
INSERT INTO `friend_requests` (`initiator_user_id`, `target_user_id`, `status`, `requested_at`, `updated_at`) VALUES ('25', '25', 'requested', '1972-03-12 19:55:29', '1996-08-13 13:29:31');
INSERT INTO `friend_requests` (`initiator_user_id`, `target_user_id`, `status`, `requested_at`, `updated_at`) VALUES ('26', '26', 'requested', '2018-11-27 23:18:10', '1998-11-10 02:59:02');
INSERT INTO `friend_requests` (`initiator_user_id`, `target_user_id`, `status`, `requested_at`, `updated_at`) VALUES ('27', '27', 'unfriended', '1974-06-28 06:27:50', '2010-09-28 01:56:07');
INSERT INTO `friend_requests` (`initiator_user_id`, `target_user_id`, `status`, `requested_at`, `updated_at`) VALUES ('28', '28', 'approved', '2021-01-16 15:33:01', '2015-03-16 06:38:01');
INSERT INTO `friend_requests` (`initiator_user_id`, `target_user_id`, `status`, `requested_at`, `updated_at`) VALUES ('29', '29', 'approved', '1990-03-17 23:26:16', '2009-11-21 03:07:58');
INSERT INTO `friend_requests` (`initiator_user_id`, `target_user_id`, `status`, `requested_at`, `updated_at`) VALUES ('30', '30', 'declined', '1991-02-11 13:04:26', '1972-04-05 06:33:14');
INSERT INTO `friend_requests` (`initiator_user_id`, `target_user_id`, `status`, `requested_at`, `updated_at`) VALUES ('31', '31', 'approved', '2016-08-25 01:03:10', '2014-06-23 16:20:29');
INSERT INTO `friend_requests` (`initiator_user_id`, `target_user_id`, `status`, `requested_at`, `updated_at`) VALUES ('32', '32', 'approved', '2016-02-11 06:31:10', '1997-01-02 18:27:31');
INSERT INTO `friend_requests` (`initiator_user_id`, `target_user_id`, `status`, `requested_at`, `updated_at`) VALUES ('33', '33', 'unfriended', '2018-10-09 11:13:11', '1978-04-18 19:27:45');
INSERT INTO `friend_requests` (`initiator_user_id`, `target_user_id`, `status`, `requested_at`, `updated_at`) VALUES ('34', '34', 'declined', '1988-07-02 10:35:07', '1976-10-01 18:42:54');
INSERT INTO `friend_requests` (`initiator_user_id`, `target_user_id`, `status`, `requested_at`, `updated_at`) VALUES ('35', '35', 'unfriended', '2010-09-08 12:19:50', '2000-09-06 12:19:03');
INSERT INTO `friend_requests` (`initiator_user_id`, `target_user_id`, `status`, `requested_at`, `updated_at`) VALUES ('36', '36', 'requested', '1980-11-03 12:23:52', '2006-07-28 20:33:17');
INSERT INTO `friend_requests` (`initiator_user_id`, `target_user_id`, `status`, `requested_at`, `updated_at`) VALUES ('37', '37', 'requested', '2000-06-17 06:32:14', '2000-09-26 08:14:43');
INSERT INTO `friend_requests` (`initiator_user_id`, `target_user_id`, `status`, `requested_at`, `updated_at`) VALUES ('38', '38', 'unfriended', '1985-03-31 03:28:18', '1984-11-27 08:00:59');
INSERT INTO `friend_requests` (`initiator_user_id`, `target_user_id`, `status`, `requested_at`, `updated_at`) VALUES ('39', '39', 'unfriended', '2008-12-10 21:37:14', '2018-05-06 11:34:18');
INSERT INTO `friend_requests` (`initiator_user_id`, `target_user_id`, `status`, `requested_at`, `updated_at`) VALUES ('40', '40', 'declined', '2019-07-09 07:08:26', '2007-03-02 17:36:38');
INSERT INTO `friend_requests` (`initiator_user_id`, `target_user_id`, `status`, `requested_at`, `updated_at`) VALUES ('41', '41', 'declined', '2001-08-23 19:22:53', '1989-04-27 14:08:00');
INSERT INTO `friend_requests` (`initiator_user_id`, `target_user_id`, `status`, `requested_at`, `updated_at`) VALUES ('42', '42', 'approved', '2012-09-23 21:49:12', '1976-05-01 11:16:34');
INSERT INTO `friend_requests` (`initiator_user_id`, `target_user_id`, `status`, `requested_at`, `updated_at`) VALUES ('43', '43', 'declined', '2007-02-03 05:33:44', '1991-08-21 13:57:38');
INSERT INTO `friend_requests` (`initiator_user_id`, `target_user_id`, `status`, `requested_at`, `updated_at`) VALUES ('44', '44', 'requested', '1972-09-01 14:00:43', '1974-12-15 23:21:32');
INSERT INTO `friend_requests` (`initiator_user_id`, `target_user_id`, `status`, `requested_at`, `updated_at`) VALUES ('45', '45', 'declined', '1977-09-27 15:23:40', '1999-05-12 09:08:06');
INSERT INTO `friend_requests` (`initiator_user_id`, `target_user_id`, `status`, `requested_at`, `updated_at`) VALUES ('46', '46', 'declined', '2002-08-16 01:56:02', '1973-11-22 03:04:11');
INSERT INTO `friend_requests` (`initiator_user_id`, `target_user_id`, `status`, `requested_at`, `updated_at`) VALUES ('47', '47', 'requested', '2003-12-26 02:51:54', '2018-12-15 19:37:46');
INSERT INTO `friend_requests` (`initiator_user_id`, `target_user_id`, `status`, `requested_at`, `updated_at`) VALUES ('48', '48', 'unfriended', '2000-06-26 00:13:26', '2017-05-31 04:30:43');
INSERT INTO `friend_requests` (`initiator_user_id`, `target_user_id`, `status`, `requested_at`, `updated_at`) VALUES ('49', '49', 'declined', '2010-09-20 03:23:04', '2018-05-02 00:22:30');
INSERT INTO `friend_requests` (`initiator_user_id`, `target_user_id`, `status`, `requested_at`, `updated_at`) VALUES ('50', '50', 'requested', '1986-06-08 22:57:31', '1989-03-29 00:48:52');
INSERT INTO `friend_requests` (`initiator_user_id`, `target_user_id`, `status`, `requested_at`, `updated_at`) VALUES ('51', '51', 'declined', '2019-12-11 04:38:06', '2001-04-30 06:26:27');
INSERT INTO `friend_requests` (`initiator_user_id`, `target_user_id`, `status`, `requested_at`, `updated_at`) VALUES ('52', '52', 'declined', '1999-01-05 04:31:03', '2008-02-05 17:22:07');
INSERT INTO `friend_requests` (`initiator_user_id`, `target_user_id`, `status`, `requested_at`, `updated_at`) VALUES ('53', '53', 'requested', '1993-09-05 21:12:50', '2012-04-24 13:57:19');
INSERT INTO `friend_requests` (`initiator_user_id`, `target_user_id`, `status`, `requested_at`, `updated_at`) VALUES ('54', '54', 'requested', '1989-12-14 10:30:34', '1991-06-20 00:08:49');
INSERT INTO `friend_requests` (`initiator_user_id`, `target_user_id`, `status`, `requested_at`, `updated_at`) VALUES ('55', '55', 'unfriended', '2004-08-10 19:07:50', '1981-02-24 20:57:54');
INSERT INTO `friend_requests` (`initiator_user_id`, `target_user_id`, `status`, `requested_at`, `updated_at`) VALUES ('56', '56', 'declined', '1977-12-24 00:22:18', '2015-01-21 17:56:25');
INSERT INTO `friend_requests` (`initiator_user_id`, `target_user_id`, `status`, `requested_at`, `updated_at`) VALUES ('57', '57', 'declined', '1979-03-27 14:12:23', '1992-07-23 11:02:49');
INSERT INTO `friend_requests` (`initiator_user_id`, `target_user_id`, `status`, `requested_at`, `updated_at`) VALUES ('58', '58', 'approved', '2020-11-04 20:53:59', '1970-04-14 06:51:15');
INSERT INTO `friend_requests` (`initiator_user_id`, `target_user_id`, `status`, `requested_at`, `updated_at`) VALUES ('59', '59', 'requested', '1996-09-28 00:15:13', '1982-04-24 09:04:44');
INSERT INTO `friend_requests` (`initiator_user_id`, `target_user_id`, `status`, `requested_at`, `updated_at`) VALUES ('60', '60', 'requested', '1983-07-22 00:32:45', '1991-01-14 09:19:50');
INSERT INTO `friend_requests` (`initiator_user_id`, `target_user_id`, `status`, `requested_at`, `updated_at`) VALUES ('61', '61', 'unfriended', '2011-04-09 06:26:11', '1984-07-09 07:41:56');
INSERT INTO `friend_requests` (`initiator_user_id`, `target_user_id`, `status`, `requested_at`, `updated_at`) VALUES ('62', '62', 'declined', '2021-08-23 12:58:35', '1988-06-04 05:21:47');
INSERT INTO `friend_requests` (`initiator_user_id`, `target_user_id`, `status`, `requested_at`, `updated_at`) VALUES ('63', '63', 'approved', '2010-06-20 20:49:32', '1983-06-21 01:56:37');
INSERT INTO `friend_requests` (`initiator_user_id`, `target_user_id`, `status`, `requested_at`, `updated_at`) VALUES ('64', '64', 'unfriended', '2009-02-25 12:24:37', '1992-09-29 22:28:11');
INSERT INTO `friend_requests` (`initiator_user_id`, `target_user_id`, `status`, `requested_at`, `updated_at`) VALUES ('65', '65', 'approved', '2008-05-09 19:01:17', '1973-08-01 12:00:11');
INSERT INTO `friend_requests` (`initiator_user_id`, `target_user_id`, `status`, `requested_at`, `updated_at`) VALUES ('66', '66', 'declined', '1987-11-14 03:44:20', '2020-09-02 07:08:32');
INSERT INTO `friend_requests` (`initiator_user_id`, `target_user_id`, `status`, `requested_at`, `updated_at`) VALUES ('67', '67', 'unfriended', '1994-07-15 20:50:31', '2014-02-08 04:40:48');
INSERT INTO `friend_requests` (`initiator_user_id`, `target_user_id`, `status`, `requested_at`, `updated_at`) VALUES ('68', '68', 'declined', '1975-03-30 03:04:16', '2010-05-23 08:56:36');
INSERT INTO `friend_requests` (`initiator_user_id`, `target_user_id`, `status`, `requested_at`, `updated_at`) VALUES ('69', '69', 'declined', '1975-04-05 02:11:42', '1985-02-27 20:10:27');
INSERT INTO `friend_requests` (`initiator_user_id`, `target_user_id`, `status`, `requested_at`, `updated_at`) VALUES ('70', '70', 'requested', '1979-02-01 19:47:57', '1992-12-24 02:33:15');
INSERT INTO `friend_requests` (`initiator_user_id`, `target_user_id`, `status`, `requested_at`, `updated_at`) VALUES ('71', '71', 'unfriended', '1981-05-29 17:16:02', '1976-12-22 03:11:35');
INSERT INTO `friend_requests` (`initiator_user_id`, `target_user_id`, `status`, `requested_at`, `updated_at`) VALUES ('72', '72', 'requested', '2012-11-06 05:05:20', '1995-05-26 13:23:58');
INSERT INTO `friend_requests` (`initiator_user_id`, `target_user_id`, `status`, `requested_at`, `updated_at`) VALUES ('73', '73', 'unfriended', '2003-04-30 02:05:59', '1992-06-27 19:35:14');
INSERT INTO `friend_requests` (`initiator_user_id`, `target_user_id`, `status`, `requested_at`, `updated_at`) VALUES ('74', '74', 'approved', '2019-01-09 18:14:54', '2015-02-19 16:19:31');
INSERT INTO `friend_requests` (`initiator_user_id`, `target_user_id`, `status`, `requested_at`, `updated_at`) VALUES ('75', '75', 'declined', '1970-07-05 16:56:42', '1980-02-24 02:12:58');
INSERT INTO `friend_requests` (`initiator_user_id`, `target_user_id`, `status`, `requested_at`, `updated_at`) VALUES ('76', '76', 'requested', '1986-09-06 12:35:44', '2016-05-01 13:00:46');
INSERT INTO `friend_requests` (`initiator_user_id`, `target_user_id`, `status`, `requested_at`, `updated_at`) VALUES ('77', '77', 'requested', '1974-01-17 00:08:23', '2016-07-07 08:08:38');
INSERT INTO `friend_requests` (`initiator_user_id`, `target_user_id`, `status`, `requested_at`, `updated_at`) VALUES ('78', '78', 'requested', '1988-06-02 03:33:53', '2003-05-04 15:21:59');
INSERT INTO `friend_requests` (`initiator_user_id`, `target_user_id`, `status`, `requested_at`, `updated_at`) VALUES ('79', '79', 'unfriended', '1990-04-11 01:43:37', '2005-06-20 03:05:21');
INSERT INTO `friend_requests` (`initiator_user_id`, `target_user_id`, `status`, `requested_at`, `updated_at`) VALUES ('80', '80', 'declined', '2011-05-06 10:43:22', '1986-01-16 06:25:28');
INSERT INTO `friend_requests` (`initiator_user_id`, `target_user_id`, `status`, `requested_at`, `updated_at`) VALUES ('81', '81', 'declined', '1971-11-12 10:45:14', '2007-05-22 05:49:55');
INSERT INTO `friend_requests` (`initiator_user_id`, `target_user_id`, `status`, `requested_at`, `updated_at`) VALUES ('82', '82', 'approved', '1976-11-06 19:54:29', '2010-01-07 07:03:41');
INSERT INTO `friend_requests` (`initiator_user_id`, `target_user_id`, `status`, `requested_at`, `updated_at`) VALUES ('83', '83', 'declined', '2013-09-30 11:41:54', '1972-12-30 13:33:29');
INSERT INTO `friend_requests` (`initiator_user_id`, `target_user_id`, `status`, `requested_at`, `updated_at`) VALUES ('84', '84', 'unfriended', '1991-10-05 03:52:29', '2000-07-08 19:33:10');
INSERT INTO `friend_requests` (`initiator_user_id`, `target_user_id`, `status`, `requested_at`, `updated_at`) VALUES ('85', '85', 'requested', '2013-09-08 02:33:25', '1998-12-07 05:48:46');
INSERT INTO `friend_requests` (`initiator_user_id`, `target_user_id`, `status`, `requested_at`, `updated_at`) VALUES ('86', '86', 'declined', '2009-04-20 07:57:21', '1985-12-07 04:41:18');
INSERT INTO `friend_requests` (`initiator_user_id`, `target_user_id`, `status`, `requested_at`, `updated_at`) VALUES ('87', '87', 'requested', '1989-05-20 07:42:03', '1977-01-12 04:41:38');
INSERT INTO `friend_requests` (`initiator_user_id`, `target_user_id`, `status`, `requested_at`, `updated_at`) VALUES ('88', '88', 'requested', '1972-08-19 00:56:54', '1975-08-29 15:11:55');
INSERT INTO `friend_requests` (`initiator_user_id`, `target_user_id`, `status`, `requested_at`, `updated_at`) VALUES ('89', '89', 'requested', '2019-04-08 09:40:00', '2009-10-23 04:55:50');
INSERT INTO `friend_requests` (`initiator_user_id`, `target_user_id`, `status`, `requested_at`, `updated_at`) VALUES ('90', '90', 'approved', '2007-05-03 22:29:47', '2016-05-31 07:04:29');
INSERT INTO `friend_requests` (`initiator_user_id`, `target_user_id`, `status`, `requested_at`, `updated_at`) VALUES ('91', '91', 'approved', '1974-02-08 10:29:17', '1974-02-20 04:57:48');
INSERT INTO `friend_requests` (`initiator_user_id`, `target_user_id`, `status`, `requested_at`, `updated_at`) VALUES ('92', '92', 'requested', '2012-03-08 18:40:42', '1979-06-04 09:44:36');
INSERT INTO `friend_requests` (`initiator_user_id`, `target_user_id`, `status`, `requested_at`, `updated_at`) VALUES ('93', '93', 'unfriended', '2016-12-14 02:58:19', '1983-09-11 01:29:07');
INSERT INTO `friend_requests` (`initiator_user_id`, `target_user_id`, `status`, `requested_at`, `updated_at`) VALUES ('94', '94', 'unfriended', '1977-12-22 07:08:23', '1977-05-30 05:11:12');
INSERT INTO `friend_requests` (`initiator_user_id`, `target_user_id`, `status`, `requested_at`, `updated_at`) VALUES ('95', '95', 'unfriended', '1985-03-01 10:51:28', '1997-06-01 16:16:28');
INSERT INTO `friend_requests` (`initiator_user_id`, `target_user_id`, `status`, `requested_at`, `updated_at`) VALUES ('96', '96', 'declined', '1998-04-07 15:14:08', '1992-10-12 08:31:30');
INSERT INTO `friend_requests` (`initiator_user_id`, `target_user_id`, `status`, `requested_at`, `updated_at`) VALUES ('97', '97', 'requested', '1994-08-03 19:46:40', '1994-04-25 09:36:53');
INSERT INTO `friend_requests` (`initiator_user_id`, `target_user_id`, `status`, `requested_at`, `updated_at`) VALUES ('98', '98', 'approved', '1983-08-27 03:53:16', '2004-05-07 05:42:34');
INSERT INTO `friend_requests` (`initiator_user_id`, `target_user_id`, `status`, `requested_at`, `updated_at`) VALUES ('99', '99', 'declined', '2007-08-26 04:03:35', '1995-01-19 06:47:04');
INSERT INTO `friend_requests` (`initiator_user_id`, `target_user_id`, `status`, `requested_at`, `updated_at`) VALUES ('100', '100', 'unfriended', '2001-02-05 18:56:49', '1996-05-29 13:36:01');


#
# TABLE STRUCTURE FOR: game_scores
#

DROP TABLE IF EXISTS `game_scores`;

CREATE TABLE `game_scores` (
  `game_id` bigint(20) unsigned NOT NULL,
  `user_id` bigint(20) unsigned NOT NULL,
  `score` bigint(20) DEFAULT 0 COMMENT 'количество игровых очков пользователя',
  `created_at` datetime DEFAULT current_timestamp() COMMENT 'дата первого сохранённого результата ',
  `updated_at` datetime DEFAULT NULL ON UPDATE current_timestamp() COMMENT 'обновление счёта очков',
  PRIMARY KEY (`game_id`,`user_id`),
  KEY `user_id` (`user_id`),
  CONSTRAINT `game_scores_ibfk_1` FOREIGN KEY (`game_id`) REFERENCES `games` (`id`),
  CONSTRAINT `game_scores_ibfk_2` FOREIGN KEY (`user_id`) REFERENCES `users` (`id`)
) ENGINE=InnoDB DEFAULT CHARSET=utf8mb4 COLLATE=utf8mb4_unicode_ci;

INSERT INTO `game_scores` (`game_id`, `user_id`, `score`, `created_at`, `updated_at`) VALUES ('121', '1', '49', '2015-06-12 13:10:10', '2003-12-03 21:28:28');
INSERT INTO `game_scores` (`game_id`, `user_id`, `score`, `created_at`, `updated_at`) VALUES ('121', '11', '7556', '2002-01-11 12:03:02', '1994-03-08 05:23:47');
INSERT INTO `game_scores` (`game_id`, `user_id`, `score`, `created_at`, `updated_at`) VALUES ('121', '21', '16292', '2006-04-11 15:22:56', '2019-11-12 13:37:09');
INSERT INTO `game_scores` (`game_id`, `user_id`, `score`, `created_at`, `updated_at`) VALUES ('121', '31', '287', '1992-01-02 13:01:00', '1977-03-21 18:50:25');
INSERT INTO `game_scores` (`game_id`, `user_id`, `score`, `created_at`, `updated_at`) VALUES ('121', '41', '5', '2001-09-07 09:47:47', '2007-04-24 03:34:21');
INSERT INTO `game_scores` (`game_id`, `user_id`, `score`, `created_at`, `updated_at`) VALUES ('121', '51', '0', '1973-02-11 19:22:39', '2003-06-20 07:31:10');
INSERT INTO `game_scores` (`game_id`, `user_id`, `score`, `created_at`, `updated_at`) VALUES ('121', '61', '0', '1985-12-05 02:00:21', '2016-01-23 11:10:34');
INSERT INTO `game_scores` (`game_id`, `user_id`, `score`, `created_at`, `updated_at`) VALUES ('121', '71', '37', '2013-07-26 01:07:56', '1981-02-21 08:03:22');
INSERT INTO `game_scores` (`game_id`, `user_id`, `score`, `created_at`, `updated_at`) VALUES ('121', '81', '35134205', '2009-10-06 18:22:21', '1987-03-10 20:46:38');
INSERT INTO `game_scores` (`game_id`, `user_id`, `score`, `created_at`, `updated_at`) VALUES ('121', '91', '38613', '1985-02-19 16:39:45', '2009-03-11 21:51:16');
INSERT INTO `game_scores` (`game_id`, `user_id`, `score`, `created_at`, `updated_at`) VALUES ('121', '101', '34', '1998-10-02 03:38:04', '1970-07-10 03:42:57');
INSERT INTO `game_scores` (`game_id`, `user_id`, `score`, `created_at`, `updated_at`) VALUES ('121', '111', '140311', '2021-03-30 06:40:38', '1981-12-08 09:03:37');
INSERT INTO `game_scores` (`game_id`, `user_id`, `score`, `created_at`, `updated_at`) VALUES ('122', '2', '14526', '1971-03-31 06:38:23', '2010-02-22 02:36:22');
INSERT INTO `game_scores` (`game_id`, `user_id`, `score`, `created_at`, `updated_at`) VALUES ('122', '12', '40044', '1987-02-19 07:12:01', '2007-12-06 04:16:22');
INSERT INTO `game_scores` (`game_id`, `user_id`, `score`, `created_at`, `updated_at`) VALUES ('122', '22', '3033611', '2016-09-25 06:56:57', '1996-08-12 20:38:51');
INSERT INTO `game_scores` (`game_id`, `user_id`, `score`, `created_at`, `updated_at`) VALUES ('122', '32', '451', '2012-05-31 16:28:21', '2011-08-11 09:02:37');
INSERT INTO `game_scores` (`game_id`, `user_id`, `score`, `created_at`, `updated_at`) VALUES ('122', '42', '10820875', '2016-08-07 04:07:26', '1977-07-05 12:31:36');
INSERT INTO `game_scores` (`game_id`, `user_id`, `score`, `created_at`, `updated_at`) VALUES ('122', '52', '35043900', '2015-05-16 10:38:51', '1977-05-30 00:25:56');
INSERT INTO `game_scores` (`game_id`, `user_id`, `score`, `created_at`, `updated_at`) VALUES ('122', '62', '274952', '2000-12-25 21:35:00', '1986-04-21 12:57:13');
INSERT INTO `game_scores` (`game_id`, `user_id`, `score`, `created_at`, `updated_at`) VALUES ('122', '72', '856872', '1973-10-16 15:56:33', '1976-01-08 16:03:14');
INSERT INTO `game_scores` (`game_id`, `user_id`, `score`, `created_at`, `updated_at`) VALUES ('122', '82', '0', '1988-03-23 17:39:00', '2004-01-24 10:06:21');
INSERT INTO `game_scores` (`game_id`, `user_id`, `score`, `created_at`, `updated_at`) VALUES ('122', '92', '11146', '2006-12-02 06:19:43', '1972-02-28 18:37:43');
INSERT INTO `game_scores` (`game_id`, `user_id`, `score`, `created_at`, `updated_at`) VALUES ('122', '102', '63286', '1990-06-05 06:06:41', '2015-04-24 08:06:12');
INSERT INTO `game_scores` (`game_id`, `user_id`, `score`, `created_at`, `updated_at`) VALUES ('122', '112', '5', '1986-04-07 06:13:26', '2021-03-10 15:51:02');
INSERT INTO `game_scores` (`game_id`, `user_id`, `score`, `created_at`, `updated_at`) VALUES ('123', '3', '353948', '1987-03-26 17:04:18', '2000-10-23 09:45:34');
INSERT INTO `game_scores` (`game_id`, `user_id`, `score`, `created_at`, `updated_at`) VALUES ('123', '13', '189', '2020-12-09 18:31:16', '1990-10-24 14:01:19');
INSERT INTO `game_scores` (`game_id`, `user_id`, `score`, `created_at`, `updated_at`) VALUES ('123', '23', '3342368', '1986-03-31 06:25:36', '1998-05-03 16:03:23');
INSERT INTO `game_scores` (`game_id`, `user_id`, `score`, `created_at`, `updated_at`) VALUES ('123', '33', '15', '2019-03-08 07:33:53', '1979-10-17 09:44:06');
INSERT INTO `game_scores` (`game_id`, `user_id`, `score`, `created_at`, `updated_at`) VALUES ('123', '43', '6', '1975-01-29 16:00:54', '1999-09-17 13:51:46');
INSERT INTO `game_scores` (`game_id`, `user_id`, `score`, `created_at`, `updated_at`) VALUES ('123', '53', '8', '1974-01-05 11:16:25', '1981-06-29 14:26:35');
INSERT INTO `game_scores` (`game_id`, `user_id`, `score`, `created_at`, `updated_at`) VALUES ('123', '63', '6', '2018-07-13 15:31:35', '1994-02-16 09:30:49');
INSERT INTO `game_scores` (`game_id`, `user_id`, `score`, `created_at`, `updated_at`) VALUES ('123', '73', '533274927', '1984-11-03 03:39:32', '2018-02-19 04:50:24');
INSERT INTO `game_scores` (`game_id`, `user_id`, `score`, `created_at`, `updated_at`) VALUES ('123', '83', '18500', '1988-10-03 21:59:51', '1980-08-13 17:38:59');
INSERT INTO `game_scores` (`game_id`, `user_id`, `score`, `created_at`, `updated_at`) VALUES ('123', '93', '232745813', '1999-09-12 20:18:04', '1974-07-21 10:46:44');
INSERT INTO `game_scores` (`game_id`, `user_id`, `score`, `created_at`, `updated_at`) VALUES ('123', '103', '7543177', '2018-01-26 08:19:52', '1989-07-10 07:53:00');
INSERT INTO `game_scores` (`game_id`, `user_id`, `score`, `created_at`, `updated_at`) VALUES ('123', '113', '84763628', '1983-03-09 17:07:17', '1999-12-10 05:04:45');
INSERT INTO `game_scores` (`game_id`, `user_id`, `score`, `created_at`, `updated_at`) VALUES ('124', '4', '544300594', '1976-11-09 12:42:59', '2005-06-21 18:08:51');
INSERT INTO `game_scores` (`game_id`, `user_id`, `score`, `created_at`, `updated_at`) VALUES ('124', '14', '4876052', '2007-04-28 01:15:22', '1996-09-09 16:51:25');
INSERT INTO `game_scores` (`game_id`, `user_id`, `score`, `created_at`, `updated_at`) VALUES ('124', '24', '41626', '1972-02-14 05:53:59', '1971-10-09 21:36:06');
INSERT INTO `game_scores` (`game_id`, `user_id`, `score`, `created_at`, `updated_at`) VALUES ('124', '34', '5473', '1984-03-16 17:52:59', '1993-05-30 12:03:34');
INSERT INTO `game_scores` (`game_id`, `user_id`, `score`, `created_at`, `updated_at`) VALUES ('124', '44', '111960', '1978-05-25 15:11:01', '1979-04-21 03:44:19');
INSERT INTO `game_scores` (`game_id`, `user_id`, `score`, `created_at`, `updated_at`) VALUES ('124', '54', '17625953', '1980-04-08 19:25:57', '1986-09-23 09:48:58');
INSERT INTO `game_scores` (`game_id`, `user_id`, `score`, `created_at`, `updated_at`) VALUES ('124', '64', '1975', '2014-01-09 04:19:23', '1999-06-09 17:55:04');
INSERT INTO `game_scores` (`game_id`, `user_id`, `score`, `created_at`, `updated_at`) VALUES ('124', '74', '2291413', '1989-09-03 04:12:41', '1989-12-05 02:54:07');
INSERT INTO `game_scores` (`game_id`, `user_id`, `score`, `created_at`, `updated_at`) VALUES ('124', '84', '4340702', '1999-03-10 02:41:11', '2013-10-16 12:04:36');
INSERT INTO `game_scores` (`game_id`, `user_id`, `score`, `created_at`, `updated_at`) VALUES ('124', '94', '676218611', '1997-08-05 09:37:02', '1998-12-27 17:26:32');
INSERT INTO `game_scores` (`game_id`, `user_id`, `score`, `created_at`, `updated_at`) VALUES ('124', '104', '416', '1983-09-27 20:16:53', '1983-09-09 21:36:01');
INSERT INTO `game_scores` (`game_id`, `user_id`, `score`, `created_at`, `updated_at`) VALUES ('124', '114', '1', '1998-05-06 10:44:34', '1974-04-18 00:39:26');
INSERT INTO `game_scores` (`game_id`, `user_id`, `score`, `created_at`, `updated_at`) VALUES ('125', '5', '34', '1973-02-08 16:24:38', '1978-08-17 16:18:18');
INSERT INTO `game_scores` (`game_id`, `user_id`, `score`, `created_at`, `updated_at`) VALUES ('125', '15', '278975', '2003-03-23 14:25:59', '1977-11-11 15:59:35');
INSERT INTO `game_scores` (`game_id`, `user_id`, `score`, `created_at`, `updated_at`) VALUES ('125', '25', '4407815', '1976-01-26 11:56:47', '2006-06-02 03:01:33');
INSERT INTO `game_scores` (`game_id`, `user_id`, `score`, `created_at`, `updated_at`) VALUES ('125', '35', '44491', '2007-04-15 16:47:40', '1987-11-06 21:54:15');
INSERT INTO `game_scores` (`game_id`, `user_id`, `score`, `created_at`, `updated_at`) VALUES ('125', '45', '37945564', '1981-07-31 16:36:31', '2003-12-03 14:01:14');
INSERT INTO `game_scores` (`game_id`, `user_id`, `score`, `created_at`, `updated_at`) VALUES ('125', '55', '48', '1993-11-17 09:53:28', '2009-03-10 12:50:33');
INSERT INTO `game_scores` (`game_id`, `user_id`, `score`, `created_at`, `updated_at`) VALUES ('125', '65', '25583', '1983-09-17 23:57:07', '1978-07-25 05:16:18');
INSERT INTO `game_scores` (`game_id`, `user_id`, `score`, `created_at`, `updated_at`) VALUES ('125', '75', '214262', '2018-06-29 06:02:01', '2004-11-22 20:54:47');
INSERT INTO `game_scores` (`game_id`, `user_id`, `score`, `created_at`, `updated_at`) VALUES ('125', '85', '36', '2012-02-01 18:43:47', '2007-01-09 14:34:34');
INSERT INTO `game_scores` (`game_id`, `user_id`, `score`, `created_at`, `updated_at`) VALUES ('125', '95', '913361', '1989-09-09 06:41:36', '1986-09-04 20:34:13');
INSERT INTO `game_scores` (`game_id`, `user_id`, `score`, `created_at`, `updated_at`) VALUES ('125', '105', '6411032', '1991-04-26 18:44:50', '2007-04-21 11:48:39');
INSERT INTO `game_scores` (`game_id`, `user_id`, `score`, `created_at`, `updated_at`) VALUES ('125', '115', '777665975', '1973-07-06 10:01:50', '2009-02-09 23:46:12');
INSERT INTO `game_scores` (`game_id`, `user_id`, `score`, `created_at`, `updated_at`) VALUES ('126', '6', '498864', '2009-11-05 01:33:27', '2020-04-18 00:26:17');
INSERT INTO `game_scores` (`game_id`, `user_id`, `score`, `created_at`, `updated_at`) VALUES ('126', '16', '35325', '2010-04-22 07:24:03', '2017-04-23 02:28:36');
INSERT INTO `game_scores` (`game_id`, `user_id`, `score`, `created_at`, `updated_at`) VALUES ('126', '26', '0', '1993-06-19 22:29:46', '2018-10-17 13:24:06');
INSERT INTO `game_scores` (`game_id`, `user_id`, `score`, `created_at`, `updated_at`) VALUES ('126', '36', '0', '2006-06-12 19:57:28', '2001-03-11 02:57:51');
INSERT INTO `game_scores` (`game_id`, `user_id`, `score`, `created_at`, `updated_at`) VALUES ('126', '46', '264', '2010-03-09 09:54:15', '1976-08-15 12:40:48');
INSERT INTO `game_scores` (`game_id`, `user_id`, `score`, `created_at`, `updated_at`) VALUES ('126', '56', '572817', '2019-04-30 12:32:44', '2017-03-01 01:06:21');
INSERT INTO `game_scores` (`game_id`, `user_id`, `score`, `created_at`, `updated_at`) VALUES ('126', '66', '570', '2014-12-20 14:20:09', '2015-05-18 10:56:07');
INSERT INTO `game_scores` (`game_id`, `user_id`, `score`, `created_at`, `updated_at`) VALUES ('126', '76', '91537619', '2017-02-28 16:07:28', '1975-06-10 00:45:11');
INSERT INTO `game_scores` (`game_id`, `user_id`, `score`, `created_at`, `updated_at`) VALUES ('126', '86', '5', '1991-12-14 23:52:54', '2011-01-22 23:49:17');
INSERT INTO `game_scores` (`game_id`, `user_id`, `score`, `created_at`, `updated_at`) VALUES ('126', '96', '76112054', '2003-10-12 03:19:02', '1974-01-07 01:14:20');
INSERT INTO `game_scores` (`game_id`, `user_id`, `score`, `created_at`, `updated_at`) VALUES ('126', '106', '1729227', '1979-10-14 17:12:09', '1973-10-31 18:08:05');
INSERT INTO `game_scores` (`game_id`, `user_id`, `score`, `created_at`, `updated_at`) VALUES ('126', '116', '8107', '2006-01-15 08:14:26', '1993-04-16 14:07:53');
INSERT INTO `game_scores` (`game_id`, `user_id`, `score`, `created_at`, `updated_at`) VALUES ('127', '7', '36294', '1983-04-14 12:03:12', '2001-05-31 16:29:10');
INSERT INTO `game_scores` (`game_id`, `user_id`, `score`, `created_at`, `updated_at`) VALUES ('127', '17', '50560', '1971-05-13 17:58:59', '2010-02-15 03:51:49');
INSERT INTO `game_scores` (`game_id`, `user_id`, `score`, `created_at`, `updated_at`) VALUES ('127', '27', '0', '2010-07-30 08:20:30', '2003-09-03 00:18:37');
INSERT INTO `game_scores` (`game_id`, `user_id`, `score`, `created_at`, `updated_at`) VALUES ('127', '37', '5', '2006-04-09 01:04:50', '2021-07-08 23:20:00');
INSERT INTO `game_scores` (`game_id`, `user_id`, `score`, `created_at`, `updated_at`) VALUES ('127', '47', '3', '2000-10-22 12:02:55', '2018-12-03 22:44:58');
INSERT INTO `game_scores` (`game_id`, `user_id`, `score`, `created_at`, `updated_at`) VALUES ('127', '57', '8475911', '1975-09-01 06:09:42', '1995-09-02 22:15:54');
INSERT INTO `game_scores` (`game_id`, `user_id`, `score`, `created_at`, `updated_at`) VALUES ('127', '67', '772', '2016-06-02 17:00:23', '1976-08-13 20:04:13');
INSERT INTO `game_scores` (`game_id`, `user_id`, `score`, `created_at`, `updated_at`) VALUES ('127', '77', '432924', '1976-12-04 18:57:09', '2003-06-16 21:56:11');
INSERT INTO `game_scores` (`game_id`, `user_id`, `score`, `created_at`, `updated_at`) VALUES ('127', '87', '38674003', '2012-02-21 10:24:06', '1994-05-17 00:08:13');
INSERT INTO `game_scores` (`game_id`, `user_id`, `score`, `created_at`, `updated_at`) VALUES ('127', '97', '74802990', '1992-07-07 23:00:57', '2021-05-17 03:42:55');
INSERT INTO `game_scores` (`game_id`, `user_id`, `score`, `created_at`, `updated_at`) VALUES ('127', '107', '904630884', '1987-05-07 03:44:25', '1982-01-13 20:03:00');
INSERT INTO `game_scores` (`game_id`, `user_id`, `score`, `created_at`, `updated_at`) VALUES ('127', '117', '0', '1972-09-10 20:54:10', '2004-06-26 06:39:46');
INSERT INTO `game_scores` (`game_id`, `user_id`, `score`, `created_at`, `updated_at`) VALUES ('128', '8', '61', '1981-10-05 07:13:49', '2002-10-14 19:36:52');
INSERT INTO `game_scores` (`game_id`, `user_id`, `score`, `created_at`, `updated_at`) VALUES ('128', '18', '8998', '1985-06-28 08:01:17', '2015-08-20 00:42:17');
INSERT INTO `game_scores` (`game_id`, `user_id`, `score`, `created_at`, `updated_at`) VALUES ('128', '28', '900', '1992-08-09 03:38:08', '1984-07-24 20:58:51');
INSERT INTO `game_scores` (`game_id`, `user_id`, `score`, `created_at`, `updated_at`) VALUES ('128', '38', '82116', '1974-03-11 09:03:39', '2016-10-10 00:16:55');
INSERT INTO `game_scores` (`game_id`, `user_id`, `score`, `created_at`, `updated_at`) VALUES ('128', '48', '728050', '1973-02-04 18:03:33', '1983-04-12 17:24:02');
INSERT INTO `game_scores` (`game_id`, `user_id`, `score`, `created_at`, `updated_at`) VALUES ('128', '58', '90927574', '1970-03-01 00:08:00', '2006-05-06 07:24:02');
INSERT INTO `game_scores` (`game_id`, `user_id`, `score`, `created_at`, `updated_at`) VALUES ('128', '68', '1670', '2001-04-11 09:23:23', '1977-10-02 11:32:12');
INSERT INTO `game_scores` (`game_id`, `user_id`, `score`, `created_at`, `updated_at`) VALUES ('128', '78', '5514', '1983-05-16 10:53:33', '1992-05-11 00:13:36');
INSERT INTO `game_scores` (`game_id`, `user_id`, `score`, `created_at`, `updated_at`) VALUES ('128', '88', '8545700', '1984-09-10 17:07:09', '1971-08-19 09:03:33');
INSERT INTO `game_scores` (`game_id`, `user_id`, `score`, `created_at`, `updated_at`) VALUES ('128', '98', '55256', '1981-10-17 08:15:54', '2007-10-06 22:24:33');
INSERT INTO `game_scores` (`game_id`, `user_id`, `score`, `created_at`, `updated_at`) VALUES ('128', '108', '0', '1974-02-12 19:11:46', '1999-02-15 19:08:57');
INSERT INTO `game_scores` (`game_id`, `user_id`, `score`, `created_at`, `updated_at`) VALUES ('128', '118', '995359760', '2020-10-11 15:49:19', '2019-02-14 14:57:49');
INSERT INTO `game_scores` (`game_id`, `user_id`, `score`, `created_at`, `updated_at`) VALUES ('129', '9', '2318', '1992-04-11 18:20:16', '2005-08-08 22:25:37');
INSERT INTO `game_scores` (`game_id`, `user_id`, `score`, `created_at`, `updated_at`) VALUES ('129', '19', '9', '2018-06-20 01:43:31', '1974-04-26 21:43:39');
INSERT INTO `game_scores` (`game_id`, `user_id`, `score`, `created_at`, `updated_at`) VALUES ('129', '29', '771', '1989-09-12 19:33:21', '2021-03-04 20:06:08');
INSERT INTO `game_scores` (`game_id`, `user_id`, `score`, `created_at`, `updated_at`) VALUES ('129', '39', '39894438', '1991-07-03 12:26:41', '1981-01-11 05:48:38');
INSERT INTO `game_scores` (`game_id`, `user_id`, `score`, `created_at`, `updated_at`) VALUES ('129', '49', '36375', '2013-01-24 06:04:48', '1976-02-06 12:43:31');
INSERT INTO `game_scores` (`game_id`, `user_id`, `score`, `created_at`, `updated_at`) VALUES ('129', '59', '9341', '1974-11-26 03:06:04', '2016-01-08 04:03:45');
INSERT INTO `game_scores` (`game_id`, `user_id`, `score`, `created_at`, `updated_at`) VALUES ('129', '69', '422557', '2010-10-07 03:54:02', '1987-05-26 15:22:23');
INSERT INTO `game_scores` (`game_id`, `user_id`, `score`, `created_at`, `updated_at`) VALUES ('129', '79', '7', '1990-03-21 18:23:28', '1987-04-15 17:47:02');
INSERT INTO `game_scores` (`game_id`, `user_id`, `score`, `created_at`, `updated_at`) VALUES ('129', '89', '859003', '2021-02-19 07:52:20', '1989-05-15 20:06:15');
INSERT INTO `game_scores` (`game_id`, `user_id`, `score`, `created_at`, `updated_at`) VALUES ('129', '99', '7', '2020-08-26 08:23:49', '2008-08-08 12:07:28');
INSERT INTO `game_scores` (`game_id`, `user_id`, `score`, `created_at`, `updated_at`) VALUES ('129', '109', '9', '2001-01-21 11:05:45', '1978-01-09 07:51:29');
INSERT INTO `game_scores` (`game_id`, `user_id`, `score`, `created_at`, `updated_at`) VALUES ('129', '119', '81996', '2002-12-31 17:23:30', '1998-07-24 22:29:36');
INSERT INTO `game_scores` (`game_id`, `user_id`, `score`, `created_at`, `updated_at`) VALUES ('130', '10', '6984', '2019-02-10 11:01:59', '1995-02-03 10:54:28');
INSERT INTO `game_scores` (`game_id`, `user_id`, `score`, `created_at`, `updated_at`) VALUES ('130', '20', '73458681', '1993-07-16 11:42:04', '1974-07-12 19:22:38');
INSERT INTO `game_scores` (`game_id`, `user_id`, `score`, `created_at`, `updated_at`) VALUES ('130', '30', '0', '1985-06-02 10:48:34', '1973-01-17 16:37:44');
INSERT INTO `game_scores` (`game_id`, `user_id`, `score`, `created_at`, `updated_at`) VALUES ('130', '40', '90073791', '1975-07-02 07:45:03', '1995-06-25 21:49:37');
INSERT INTO `game_scores` (`game_id`, `user_id`, `score`, `created_at`, `updated_at`) VALUES ('130', '50', '63598224', '1998-11-03 00:44:11', '1990-07-02 05:43:41');
INSERT INTO `game_scores` (`game_id`, `user_id`, `score`, `created_at`, `updated_at`) VALUES ('130', '60', '3787', '1999-04-03 13:06:49', '1971-01-16 00:33:34');
INSERT INTO `game_scores` (`game_id`, `user_id`, `score`, `created_at`, `updated_at`) VALUES ('130', '70', '2', '1981-06-15 10:05:56', '1998-10-01 03:48:50');
INSERT INTO `game_scores` (`game_id`, `user_id`, `score`, `created_at`, `updated_at`) VALUES ('130', '80', '81732', '1981-10-14 12:22:17', '1970-10-23 11:37:15');
INSERT INTO `game_scores` (`game_id`, `user_id`, `score`, `created_at`, `updated_at`) VALUES ('130', '90', '4143313', '1997-06-21 13:54:05', '1991-03-13 18:02:20');
INSERT INTO `game_scores` (`game_id`, `user_id`, `score`, `created_at`, `updated_at`) VALUES ('130', '100', '4961', '2018-10-04 23:11:09', '1973-09-08 02:00:57');
INSERT INTO `game_scores` (`game_id`, `user_id`, `score`, `created_at`, `updated_at`) VALUES ('130', '110', '546603981', '1998-05-17 01:23:28', '2000-10-02 05:09:44');
INSERT INTO `game_scores` (`game_id`, `user_id`, `score`, `created_at`, `updated_at`) VALUES ('130', '120', '863589', '1981-02-28 22:52:06', '2014-03-12 03:01:28');


#
# TABLE STRUCTURE FOR: games
#

DROP TABLE IF EXISTS `games`;

CREATE TABLE `games` (
  `id` bigint(20) unsigned NOT NULL AUTO_INCREMENT,
  `name` varchar(50) COLLATE utf8mb4_unicode_ci NOT NULL,
  `description` varchar(500) COLLATE utf8mb4_unicode_ci DEFAULT NULL COMMENT 'Описание игры',
  `promo_id` bigint(20) unsigned DEFAULT NULL COMMENT 'проморолик',
  `age_restriction_id` bigint(20) unsigned NOT NULL COMMENT 'возрастные ограничения',
  `author_id` bigint(20) unsigned NOT NULL COMMENT 'автор игры',
  `communitie_id` bigint(20) unsigned DEFAULT NULL COMMENT 'сообщество игры',
  `version_of_code` varchar(15) COLLATE utf8mb4_unicode_ci DEFAULT NULL COMMENT 'версия кода игры',
  `created_at` datetime DEFAULT current_timestamp() COMMENT 'создана в VK',
  `updated_at` datetime DEFAULT NULL ON UPDATE current_timestamp() COMMENT 'обновлена в VK',
  UNIQUE KEY `id` (`id`),
  UNIQUE KEY `name` (`name`),
  KEY `author_id` (`author_id`),
  KEY `promo_id` (`promo_id`),
  KEY `communitie_id` (`communitie_id`),
  KEY `age_restriction_id` (`age_restriction_id`),
  CONSTRAINT `games_ibfk_1` FOREIGN KEY (`author_id`) REFERENCES `users` (`id`),
  CONSTRAINT `games_ibfk_2` FOREIGN KEY (`promo_id`) REFERENCES `media_types` (`id`),
  CONSTRAINT `games_ibfk_3` FOREIGN KEY (`communitie_id`) REFERENCES `communities` (`id`),
  CONSTRAINT `games_ibfk_4` FOREIGN KEY (`age_restriction_id`) REFERENCES `age_restrictions` (`id`)
) ENGINE=InnoDB AUTO_INCREMENT=101 DEFAULT CHARSET=utf8mb4 COLLATE=utf8mb4_unicode_ci;

INSERT INTO `games` (`id`, `name`, `description`, `promo_id`, `age_restriction_id`, `author_id`, `communitie_id`, `version_of_code`, `created_at`, `updated_at`) VALUES ('51', 'Voluptatum vel sunt saepe.', 'Enim voluptate et dignissimos animi sunt nihil. Et dolor repellendus delectus voluptas. Ut corrupti dicta velit ut quas nisi blanditiis. Laboriosam quia et tempore ut fugit quis.', '1', '1', '1', '1', 'qlho', '2006-04-13 03:56:29', '1973-12-06 14:42:19');
INSERT INTO `games` (`id`, `name`, `description`, `promo_id`, `age_restriction_id`, `author_id`, `communitie_id`, `version_of_code`, `created_at`, `updated_at`) VALUES ('52', 'Amet quis aut dolor quo.', 'Qui et assumenda praesentium culpa voluptatem commodi. Aut aut labore voluptatem praesentium dolorum.', '2', '4', '2', '2', 'jrow', '1992-05-24 02:24:18', '1991-08-15 01:07:10');
INSERT INTO `games` (`id`, `name`, `description`, `promo_id`, `age_restriction_id`, `author_id`, `communitie_id`, `version_of_code`, `created_at`, `updated_at`) VALUES ('53', 'Non numquam voluptatem consequuntur voluptatibus q', 'Accusamus iste et quos tempora eos. Quia consequatur eum aut est fuga aspernatur quibusdam. Officia est soluta delectus omnis excepturi voluptas. Commodi et aspernatur et sit. Unde debitis aut ab commodi.', '3', '4', '3', '3', 'ijjc', '2009-03-10 23:34:44', '1984-02-13 21:49:08');
INSERT INTO `games` (`id`, `name`, `description`, `promo_id`, `age_restriction_id`, `author_id`, `communitie_id`, `version_of_code`, `created_at`, `updated_at`) VALUES ('54', 'Unde consequatur ipsam error.', 'Omnis et sint numquam laborum maxime dicta consequuntur. Sed est totam et ratione rerum quis laborum et. Totam sequi consequuntur aut quae. Earum delectus consectetur eaque ut assumenda.', '4', '3', '4', '4', 'gfsy', '2004-03-22 18:43:06', '1987-08-08 08:16:20');
INSERT INTO `games` (`id`, `name`, `description`, `promo_id`, `age_restriction_id`, `author_id`, `communitie_id`, `version_of_code`, `created_at`, `updated_at`) VALUES ('55', 'Omnis dolores similique veniam sequi.', 'Nesciunt excepturi magni placeat itaque. Quae non maxime facilis quae. Labore illum pariatur vel saepe. Accusantium temporibus voluptates velit consequatur. Voluptas beatae dicta ut hic adipisci.', '5', '2', '5', '5', 'yzaq', '2006-07-17 10:54:41', '1984-06-13 02:23:06');
INSERT INTO `games` (`id`, `name`, `description`, `promo_id`, `age_restriction_id`, `author_id`, `communitie_id`, `version_of_code`, `created_at`, `updated_at`) VALUES ('56', 'Perspiciatis cum facilis quia tenetur non.', 'Aut eum laboriosam eligendi quia quibusdam dolor facere. Et facere et odio in quibusdam laborum.', '6', '2', '6', '6', 'stdy', '2010-10-08 20:23:16', '1999-10-26 01:42:34');
INSERT INTO `games` (`id`, `name`, `description`, `promo_id`, `age_restriction_id`, `author_id`, `communitie_id`, `version_of_code`, `created_at`, `updated_at`) VALUES ('57', 'Distinctio in quisquam dolorum fugiat.', 'Quo reprehenderit porro beatae explicabo. Vero fuga assumenda natus nobis optio ullam laboriosam. Totam est corrupti ducimus totam.', '7', '5', '7', '7', 'swnq', '1996-04-07 07:28:01', '2015-05-21 19:37:21');
INSERT INTO `games` (`id`, `name`, `description`, `promo_id`, `age_restriction_id`, `author_id`, `communitie_id`, `version_of_code`, `created_at`, `updated_at`) VALUES ('58', 'Sit officia corrupti earum cupiditate fuga autem q', 'Ipsum dolores voluptas in eius aut quod. Architecto consequuntur ad quia nulla ut aut. Non eaque exercitationem vel et. Omnis beatae debitis facilis deleniti perspiciatis totam veritatis.', '8', '1', '8', '8', 'iryl', '1983-09-27 01:00:46', '2005-03-07 21:21:26');
INSERT INTO `games` (`id`, `name`, `description`, `promo_id`, `age_restriction_id`, `author_id`, `communitie_id`, `version_of_code`, `created_at`, `updated_at`) VALUES ('59', 'Laborum quia vero ipsum sed.', 'Sunt qui sint vero nisi. Totam qui nihil quis. Enim rem ab quo.', '9', '4', '9', '9', 'aifu', '1999-09-27 12:45:59', '2014-03-13 10:41:18');
INSERT INTO `games` (`id`, `name`, `description`, `promo_id`, `age_restriction_id`, `author_id`, `communitie_id`, `version_of_code`, `created_at`, `updated_at`) VALUES ('60', 'Vel eum aut corrupti.', 'Consequatur in tempora earum vel. Quisquam quibusdam voluptatem vero. Eaque magnam omnis praesentium consequatur ea earum aut. Expedita repellat ab quisquam fuga.', '10', '2', '10', '10', 'ifzh', '1976-07-06 08:39:39', '1974-04-25 01:36:13');


#
# TABLE STRUCTURE FOR: likes
#

DROP TABLE IF EXISTS `likes`;

CREATE TABLE `likes` (
  `id` bigint(20) unsigned NOT NULL AUTO_INCREMENT,
  `user_id` bigint(20) unsigned NOT NULL,
  `media_id` bigint(20) unsigned NOT NULL,
  `created_at` datetime DEFAULT current_timestamp(),
  UNIQUE KEY `id` (`id`)
) ENGINE=InnoDB AUTO_INCREMENT=401 DEFAULT CHARSET=utf8mb4 COLLATE=utf8mb4_unicode_ci;

INSERT INTO `likes` (`id`, `user_id`, `media_id`, `created_at`) VALUES ('1', '1', '1', '1980-03-27 21:18:20');
INSERT INTO `likes` (`id`, `user_id`, `media_id`, `created_at`) VALUES ('2', '2', '2', '1989-05-31 15:38:01');
INSERT INTO `likes` (`id`, `user_id`, `media_id`, `created_at`) VALUES ('3', '3', '3', '2011-03-11 07:27:25');
INSERT INTO `likes` (`id`, `user_id`, `media_id`, `created_at`) VALUES ('4', '4', '4', '2004-12-23 07:18:23');
INSERT INTO `likes` (`id`, `user_id`, `media_id`, `created_at`) VALUES ('5', '5', '5', '1975-10-27 17:04:20');
INSERT INTO `likes` (`id`, `user_id`, `media_id`, `created_at`) VALUES ('6', '6', '6', '2004-10-22 16:24:56');
INSERT INTO `likes` (`id`, `user_id`, `media_id`, `created_at`) VALUES ('7', '7', '7', '1973-05-09 14:36:19');
INSERT INTO `likes` (`id`, `user_id`, `media_id`, `created_at`) VALUES ('8', '8', '8', '1971-12-25 05:18:34');
INSERT INTO `likes` (`id`, `user_id`, `media_id`, `created_at`) VALUES ('9', '9', '9', '2006-08-05 22:55:53');
INSERT INTO `likes` (`id`, `user_id`, `media_id`, `created_at`) VALUES ('10', '10', '10', '1986-04-07 08:45:04');
INSERT INTO `likes` (`id`, `user_id`, `media_id`, `created_at`) VALUES ('11', '11', '11', '2001-05-24 13:29:12');
INSERT INTO `likes` (`id`, `user_id`, `media_id`, `created_at`) VALUES ('12', '12', '12', '2005-05-24 11:43:59');
INSERT INTO `likes` (`id`, `user_id`, `media_id`, `created_at`) VALUES ('13', '13', '13', '2019-09-23 05:52:06');
INSERT INTO `likes` (`id`, `user_id`, `media_id`, `created_at`) VALUES ('14', '14', '14', '2017-05-19 15:31:31');
INSERT INTO `likes` (`id`, `user_id`, `media_id`, `created_at`) VALUES ('15', '15', '15', '1995-08-18 09:51:27');
INSERT INTO `likes` (`id`, `user_id`, `media_id`, `created_at`) VALUES ('16', '16', '16', '2011-01-29 19:17:58');
INSERT INTO `likes` (`id`, `user_id`, `media_id`, `created_at`) VALUES ('17', '17', '17', '1984-06-28 05:29:44');
INSERT INTO `likes` (`id`, `user_id`, `media_id`, `created_at`) VALUES ('18', '18', '18', '2003-09-20 11:50:09');
INSERT INTO `likes` (`id`, `user_id`, `media_id`, `created_at`) VALUES ('19', '19', '19', '1982-07-11 05:10:41');
INSERT INTO `likes` (`id`, `user_id`, `media_id`, `created_at`) VALUES ('20', '20', '20', '1994-01-06 05:03:01');
INSERT INTO `likes` (`id`, `user_id`, `media_id`, `created_at`) VALUES ('21', '21', '21', '1994-02-07 03:51:29');
INSERT INTO `likes` (`id`, `user_id`, `media_id`, `created_at`) VALUES ('22', '22', '22', '1981-03-14 18:13:51');
INSERT INTO `likes` (`id`, `user_id`, `media_id`, `created_at`) VALUES ('23', '23', '23', '2005-02-22 22:21:41');
INSERT INTO `likes` (`id`, `user_id`, `media_id`, `created_at`) VALUES ('24', '24', '24', '2008-09-08 06:55:23');
INSERT INTO `likes` (`id`, `user_id`, `media_id`, `created_at`) VALUES ('25', '25', '25', '2003-02-06 02:53:47');
INSERT INTO `likes` (`id`, `user_id`, `media_id`, `created_at`) VALUES ('26', '26', '26', '1976-02-17 19:12:31');
INSERT INTO `likes` (`id`, `user_id`, `media_id`, `created_at`) VALUES ('27', '27', '27', '1994-07-25 03:48:15');
INSERT INTO `likes` (`id`, `user_id`, `media_id`, `created_at`) VALUES ('28', '28', '28', '2006-10-07 18:22:10');
INSERT INTO `likes` (`id`, `user_id`, `media_id`, `created_at`) VALUES ('29', '29', '29', '2007-04-09 00:16:06');
INSERT INTO `likes` (`id`, `user_id`, `media_id`, `created_at`) VALUES ('30', '30', '30', '2020-07-13 19:05:24');
INSERT INTO `likes` (`id`, `user_id`, `media_id`, `created_at`) VALUES ('31', '31', '31', '2010-12-22 12:48:37');
INSERT INTO `likes` (`id`, `user_id`, `media_id`, `created_at`) VALUES ('32', '32', '32', '2009-04-04 10:26:02');
INSERT INTO `likes` (`id`, `user_id`, `media_id`, `created_at`) VALUES ('33', '33', '33', '2021-01-04 12:00:01');
INSERT INTO `likes` (`id`, `user_id`, `media_id`, `created_at`) VALUES ('34', '34', '34', '2011-04-30 18:38:38');
INSERT INTO `likes` (`id`, `user_id`, `media_id`, `created_at`) VALUES ('35', '35', '35', '2020-03-01 12:59:06');
INSERT INTO `likes` (`id`, `user_id`, `media_id`, `created_at`) VALUES ('36', '36', '36', '2005-12-09 11:58:56');
INSERT INTO `likes` (`id`, `user_id`, `media_id`, `created_at`) VALUES ('37', '37', '37', '1976-07-07 10:01:46');
INSERT INTO `likes` (`id`, `user_id`, `media_id`, `created_at`) VALUES ('38', '38', '38', '1997-12-07 13:11:57');
INSERT INTO `likes` (`id`, `user_id`, `media_id`, `created_at`) VALUES ('39', '39', '39', '1972-05-16 16:38:05');
INSERT INTO `likes` (`id`, `user_id`, `media_id`, `created_at`) VALUES ('40', '40', '40', '1991-02-07 14:48:24');
INSERT INTO `likes` (`id`, `user_id`, `media_id`, `created_at`) VALUES ('41', '41', '41', '1988-04-23 15:11:52');
INSERT INTO `likes` (`id`, `user_id`, `media_id`, `created_at`) VALUES ('42', '42', '42', '1972-03-26 00:13:44');
INSERT INTO `likes` (`id`, `user_id`, `media_id`, `created_at`) VALUES ('43', '43', '43', '2005-11-10 17:19:04');
INSERT INTO `likes` (`id`, `user_id`, `media_id`, `created_at`) VALUES ('44', '44', '44', '2019-12-28 17:58:01');
INSERT INTO `likes` (`id`, `user_id`, `media_id`, `created_at`) VALUES ('45', '45', '45', '1970-09-09 23:41:47');
INSERT INTO `likes` (`id`, `user_id`, `media_id`, `created_at`) VALUES ('46', '46', '46', '2003-09-25 03:02:56');
INSERT INTO `likes` (`id`, `user_id`, `media_id`, `created_at`) VALUES ('47', '47', '47', '2006-05-20 13:03:56');
INSERT INTO `likes` (`id`, `user_id`, `media_id`, `created_at`) VALUES ('48', '48', '48', '1984-05-09 19:48:06');
INSERT INTO `likes` (`id`, `user_id`, `media_id`, `created_at`) VALUES ('49', '49', '49', '2014-10-16 16:47:35');
INSERT INTO `likes` (`id`, `user_id`, `media_id`, `created_at`) VALUES ('50', '50', '50', '1971-06-08 06:18:28');
INSERT INTO `likes` (`id`, `user_id`, `media_id`, `created_at`) VALUES ('51', '51', '51', '2009-04-25 22:30:48');
INSERT INTO `likes` (`id`, `user_id`, `media_id`, `created_at`) VALUES ('52', '52', '52', '1982-05-21 10:10:38');
INSERT INTO `likes` (`id`, `user_id`, `media_id`, `created_at`) VALUES ('53', '53', '53', '2004-08-10 08:02:54');
INSERT INTO `likes` (`id`, `user_id`, `media_id`, `created_at`) VALUES ('54', '54', '54', '2009-03-07 06:45:29');
INSERT INTO `likes` (`id`, `user_id`, `media_id`, `created_at`) VALUES ('55', '55', '55', '1976-11-26 06:52:29');
INSERT INTO `likes` (`id`, `user_id`, `media_id`, `created_at`) VALUES ('56', '56', '56', '2014-01-25 08:07:07');
INSERT INTO `likes` (`id`, `user_id`, `media_id`, `created_at`) VALUES ('57', '57', '57', '1983-04-17 04:26:51');
INSERT INTO `likes` (`id`, `user_id`, `media_id`, `created_at`) VALUES ('58', '58', '58', '1981-02-13 04:44:14');
INSERT INTO `likes` (`id`, `user_id`, `media_id`, `created_at`) VALUES ('59', '59', '59', '1998-06-15 13:04:08');
INSERT INTO `likes` (`id`, `user_id`, `media_id`, `created_at`) VALUES ('60', '60', '60', '1978-04-11 09:21:54');
INSERT INTO `likes` (`id`, `user_id`, `media_id`, `created_at`) VALUES ('61', '61', '61', '2008-06-13 23:33:41');
INSERT INTO `likes` (`id`, `user_id`, `media_id`, `created_at`) VALUES ('62', '62', '62', '2010-06-16 00:23:14');
INSERT INTO `likes` (`id`, `user_id`, `media_id`, `created_at`) VALUES ('63', '63', '63', '2001-01-01 03:03:05');
INSERT INTO `likes` (`id`, `user_id`, `media_id`, `created_at`) VALUES ('64', '64', '64', '2014-08-04 09:46:45');
INSERT INTO `likes` (`id`, `user_id`, `media_id`, `created_at`) VALUES ('65', '65', '65', '1989-04-02 16:07:38');
INSERT INTO `likes` (`id`, `user_id`, `media_id`, `created_at`) VALUES ('66', '66', '66', '2013-03-18 16:11:17');
INSERT INTO `likes` (`id`, `user_id`, `media_id`, `created_at`) VALUES ('67', '67', '67', '2009-01-08 17:11:41');
INSERT INTO `likes` (`id`, `user_id`, `media_id`, `created_at`) VALUES ('68', '68', '68', '1974-02-10 18:20:22');
INSERT INTO `likes` (`id`, `user_id`, `media_id`, `created_at`) VALUES ('69', '69', '69', '1979-05-03 14:54:30');
INSERT INTO `likes` (`id`, `user_id`, `media_id`, `created_at`) VALUES ('70', '70', '70', '2000-01-10 03:09:46');
INSERT INTO `likes` (`id`, `user_id`, `media_id`, `created_at`) VALUES ('71', '71', '71', '1991-08-07 22:02:31');
INSERT INTO `likes` (`id`, `user_id`, `media_id`, `created_at`) VALUES ('72', '72', '72', '2011-03-29 11:24:46');
INSERT INTO `likes` (`id`, `user_id`, `media_id`, `created_at`) VALUES ('73', '73', '73', '2012-05-16 14:57:54');
INSERT INTO `likes` (`id`, `user_id`, `media_id`, `created_at`) VALUES ('74', '74', '74', '1996-06-19 09:46:34');
INSERT INTO `likes` (`id`, `user_id`, `media_id`, `created_at`) VALUES ('75', '75', '75', '1997-05-05 02:52:05');
INSERT INTO `likes` (`id`, `user_id`, `media_id`, `created_at`) VALUES ('76', '76', '76', '1979-09-04 22:15:25');
INSERT INTO `likes` (`id`, `user_id`, `media_id`, `created_at`) VALUES ('77', '77', '77', '2012-07-13 08:18:44');
INSERT INTO `likes` (`id`, `user_id`, `media_id`, `created_at`) VALUES ('78', '78', '78', '2021-07-28 01:34:47');
INSERT INTO `likes` (`id`, `user_id`, `media_id`, `created_at`) VALUES ('79', '79', '79', '2014-02-01 16:09:31');
INSERT INTO `likes` (`id`, `user_id`, `media_id`, `created_at`) VALUES ('80', '80', '80', '1976-01-07 15:38:08');
INSERT INTO `likes` (`id`, `user_id`, `media_id`, `created_at`) VALUES ('81', '81', '81', '1984-10-03 16:57:02');
INSERT INTO `likes` (`id`, `user_id`, `media_id`, `created_at`) VALUES ('82', '82', '82', '1989-02-19 17:53:38');
INSERT INTO `likes` (`id`, `user_id`, `media_id`, `created_at`) VALUES ('83', '83', '83', '1976-08-13 23:05:55');
INSERT INTO `likes` (`id`, `user_id`, `media_id`, `created_at`) VALUES ('84', '84', '84', '2004-01-29 06:45:34');
INSERT INTO `likes` (`id`, `user_id`, `media_id`, `created_at`) VALUES ('85', '85', '85', '1993-09-17 20:08:13');
INSERT INTO `likes` (`id`, `user_id`, `media_id`, `created_at`) VALUES ('86', '86', '86', '2010-07-24 05:46:47');
INSERT INTO `likes` (`id`, `user_id`, `media_id`, `created_at`) VALUES ('87', '87', '87', '1987-01-16 16:57:34');
INSERT INTO `likes` (`id`, `user_id`, `media_id`, `created_at`) VALUES ('88', '88', '88', '1988-02-22 00:47:27');
INSERT INTO `likes` (`id`, `user_id`, `media_id`, `created_at`) VALUES ('89', '89', '89', '2007-07-03 17:50:02');
INSERT INTO `likes` (`id`, `user_id`, `media_id`, `created_at`) VALUES ('90', '90', '90', '1999-03-08 04:58:27');
INSERT INTO `likes` (`id`, `user_id`, `media_id`, `created_at`) VALUES ('91', '91', '91', '2020-12-01 17:07:55');
INSERT INTO `likes` (`id`, `user_id`, `media_id`, `created_at`) VALUES ('92', '92', '92', '1978-01-20 04:41:24');
INSERT INTO `likes` (`id`, `user_id`, `media_id`, `created_at`) VALUES ('93', '93', '93', '2005-05-22 08:47:57');
INSERT INTO `likes` (`id`, `user_id`, `media_id`, `created_at`) VALUES ('94', '94', '94', '2008-04-17 14:28:41');
INSERT INTO `likes` (`id`, `user_id`, `media_id`, `created_at`) VALUES ('95', '95', '95', '1993-12-11 04:36:32');
INSERT INTO `likes` (`id`, `user_id`, `media_id`, `created_at`) VALUES ('96', '96', '96', '1997-09-28 03:33:42');
INSERT INTO `likes` (`id`, `user_id`, `media_id`, `created_at`) VALUES ('97', '97', '97', '2018-02-22 04:01:18');
INSERT INTO `likes` (`id`, `user_id`, `media_id`, `created_at`) VALUES ('98', '98', '98', '1999-12-28 06:06:30');
INSERT INTO `likes` (`id`, `user_id`, `media_id`, `created_at`) VALUES ('99', '99', '99', '2017-05-20 05:59:13');
INSERT INTO `likes` (`id`, `user_id`, `media_id`, `created_at`) VALUES ('100', '100', '100', '1975-08-26 19:39:29');
INSERT INTO `likes` (`id`, `user_id`, `media_id`, `created_at`) VALUES ('101', '101', '101', '2009-02-21 00:39:36');
INSERT INTO `likes` (`id`, `user_id`, `media_id`, `created_at`) VALUES ('102', '102', '102', '1989-02-27 23:31:49');
INSERT INTO `likes` (`id`, `user_id`, `media_id`, `created_at`) VALUES ('103', '103', '103', '1975-08-14 04:34:08');
INSERT INTO `likes` (`id`, `user_id`, `media_id`, `created_at`) VALUES ('104', '104', '104', '2014-07-23 00:30:39');
INSERT INTO `likes` (`id`, `user_id`, `media_id`, `created_at`) VALUES ('105', '105', '105', '1976-07-25 08:08:06');
INSERT INTO `likes` (`id`, `user_id`, `media_id`, `created_at`) VALUES ('106', '106', '106', '2000-01-11 14:02:05');
INSERT INTO `likes` (`id`, `user_id`, `media_id`, `created_at`) VALUES ('107', '107', '107', '1996-10-20 22:42:23');
INSERT INTO `likes` (`id`, `user_id`, `media_id`, `created_at`) VALUES ('108', '108', '108', '1994-12-16 19:00:33');
INSERT INTO `likes` (`id`, `user_id`, `media_id`, `created_at`) VALUES ('109', '109', '109', '2018-01-21 11:42:52');
INSERT INTO `likes` (`id`, `user_id`, `media_id`, `created_at`) VALUES ('110', '110', '110', '2016-09-04 07:37:22');
INSERT INTO `likes` (`id`, `user_id`, `media_id`, `created_at`) VALUES ('111', '111', '111', '1973-02-14 08:44:00');
INSERT INTO `likes` (`id`, `user_id`, `media_id`, `created_at`) VALUES ('112', '112', '112', '2009-04-26 01:48:49');
INSERT INTO `likes` (`id`, `user_id`, `media_id`, `created_at`) VALUES ('113', '113', '113', '1971-12-26 16:18:49');
INSERT INTO `likes` (`id`, `user_id`, `media_id`, `created_at`) VALUES ('114', '114', '114', '1970-06-03 15:57:44');
INSERT INTO `likes` (`id`, `user_id`, `media_id`, `created_at`) VALUES ('115', '115', '115', '1971-07-16 12:45:46');
INSERT INTO `likes` (`id`, `user_id`, `media_id`, `created_at`) VALUES ('116', '116', '116', '2011-04-12 12:01:39');
INSERT INTO `likes` (`id`, `user_id`, `media_id`, `created_at`) VALUES ('117', '117', '117', '1980-01-07 05:02:58');
INSERT INTO `likes` (`id`, `user_id`, `media_id`, `created_at`) VALUES ('118', '118', '118', '1993-09-22 18:08:05');
INSERT INTO `likes` (`id`, `user_id`, `media_id`, `created_at`) VALUES ('119', '119', '119', '2017-10-09 11:03:23');
INSERT INTO `likes` (`id`, `user_id`, `media_id`, `created_at`) VALUES ('120', '120', '120', '2011-12-02 06:57:12');
INSERT INTO `likes` (`id`, `user_id`, `media_id`, `created_at`) VALUES ('121', '121', '121', '1997-05-09 15:59:26');
INSERT INTO `likes` (`id`, `user_id`, `media_id`, `created_at`) VALUES ('122', '122', '122', '2021-02-04 23:56:56');
INSERT INTO `likes` (`id`, `user_id`, `media_id`, `created_at`) VALUES ('123', '123', '123', '1990-08-02 05:59:23');
INSERT INTO `likes` (`id`, `user_id`, `media_id`, `created_at`) VALUES ('124', '124', '124', '2019-03-13 04:09:42');
INSERT INTO `likes` (`id`, `user_id`, `media_id`, `created_at`) VALUES ('125', '125', '125', '1970-11-06 09:43:33');
INSERT INTO `likes` (`id`, `user_id`, `media_id`, `created_at`) VALUES ('126', '126', '126', '2017-07-22 18:03:46');
INSERT INTO `likes` (`id`, `user_id`, `media_id`, `created_at`) VALUES ('127', '127', '127', '1980-03-28 13:44:46');
INSERT INTO `likes` (`id`, `user_id`, `media_id`, `created_at`) VALUES ('128', '128', '128', '1991-07-28 20:35:20');
INSERT INTO `likes` (`id`, `user_id`, `media_id`, `created_at`) VALUES ('129', '129', '129', '2007-05-12 10:45:06');
INSERT INTO `likes` (`id`, `user_id`, `media_id`, `created_at`) VALUES ('130', '130', '130', '1995-06-02 23:38:04');
INSERT INTO `likes` (`id`, `user_id`, `media_id`, `created_at`) VALUES ('131', '131', '131', '1981-06-30 21:47:29');
INSERT INTO `likes` (`id`, `user_id`, `media_id`, `created_at`) VALUES ('132', '132', '132', '2013-08-05 19:19:36');
INSERT INTO `likes` (`id`, `user_id`, `media_id`, `created_at`) VALUES ('133', '133', '133', '1975-08-10 10:41:54');
INSERT INTO `likes` (`id`, `user_id`, `media_id`, `created_at`) VALUES ('134', '134', '134', '1973-11-16 06:12:23');
INSERT INTO `likes` (`id`, `user_id`, `media_id`, `created_at`) VALUES ('135', '135', '135', '2005-06-08 15:39:10');
INSERT INTO `likes` (`id`, `user_id`, `media_id`, `created_at`) VALUES ('136', '136', '136', '1974-05-02 13:55:23');
INSERT INTO `likes` (`id`, `user_id`, `media_id`, `created_at`) VALUES ('137', '137', '137', '2008-11-28 10:44:04');
INSERT INTO `likes` (`id`, `user_id`, `media_id`, `created_at`) VALUES ('138', '138', '138', '2002-09-02 12:06:19');
INSERT INTO `likes` (`id`, `user_id`, `media_id`, `created_at`) VALUES ('139', '139', '139', '1992-06-26 17:33:48');
INSERT INTO `likes` (`id`, `user_id`, `media_id`, `created_at`) VALUES ('140', '140', '140', '1996-06-29 19:08:09');
INSERT INTO `likes` (`id`, `user_id`, `media_id`, `created_at`) VALUES ('141', '141', '141', '1992-12-01 11:56:12');
INSERT INTO `likes` (`id`, `user_id`, `media_id`, `created_at`) VALUES ('142', '142', '142', '2002-03-13 01:46:42');
INSERT INTO `likes` (`id`, `user_id`, `media_id`, `created_at`) VALUES ('143', '143', '143', '2011-12-29 08:09:02');
INSERT INTO `likes` (`id`, `user_id`, `media_id`, `created_at`) VALUES ('144', '144', '144', '2015-11-21 07:22:12');
INSERT INTO `likes` (`id`, `user_id`, `media_id`, `created_at`) VALUES ('145', '145', '145', '2015-10-19 11:20:23');
INSERT INTO `likes` (`id`, `user_id`, `media_id`, `created_at`) VALUES ('146', '146', '146', '2006-10-06 04:45:46');
INSERT INTO `likes` (`id`, `user_id`, `media_id`, `created_at`) VALUES ('147', '147', '147', '1973-09-28 02:37:38');
INSERT INTO `likes` (`id`, `user_id`, `media_id`, `created_at`) VALUES ('148', '148', '148', '2005-08-26 15:29:27');
INSERT INTO `likes` (`id`, `user_id`, `media_id`, `created_at`) VALUES ('149', '149', '149', '2005-07-15 19:35:37');
INSERT INTO `likes` (`id`, `user_id`, `media_id`, `created_at`) VALUES ('150', '150', '150', '2021-05-12 06:37:28');
INSERT INTO `likes` (`id`, `user_id`, `media_id`, `created_at`) VALUES ('151', '1', '151', '1971-07-23 16:33:03');
INSERT INTO `likes` (`id`, `user_id`, `media_id`, `created_at`) VALUES ('152', '2', '152', '1995-11-07 22:31:01');
INSERT INTO `likes` (`id`, `user_id`, `media_id`, `created_at`) VALUES ('153', '3', '153', '1986-11-19 12:46:11');
INSERT INTO `likes` (`id`, `user_id`, `media_id`, `created_at`) VALUES ('154', '4', '154', '2019-06-02 03:31:11');
INSERT INTO `likes` (`id`, `user_id`, `media_id`, `created_at`) VALUES ('155', '5', '155', '1974-10-24 19:35:28');
INSERT INTO `likes` (`id`, `user_id`, `media_id`, `created_at`) VALUES ('156', '6', '156', '1973-12-28 14:32:31');
INSERT INTO `likes` (`id`, `user_id`, `media_id`, `created_at`) VALUES ('157', '7', '157', '1977-09-21 08:05:24');
INSERT INTO `likes` (`id`, `user_id`, `media_id`, `created_at`) VALUES ('158', '8', '158', '2019-01-21 00:29:05');
INSERT INTO `likes` (`id`, `user_id`, `media_id`, `created_at`) VALUES ('159', '9', '159', '1997-06-07 23:07:00');
INSERT INTO `likes` (`id`, `user_id`, `media_id`, `created_at`) VALUES ('160', '10', '160', '1985-07-07 21:27:45');
INSERT INTO `likes` (`id`, `user_id`, `media_id`, `created_at`) VALUES ('161', '11', '161', '2011-06-02 03:44:11');
INSERT INTO `likes` (`id`, `user_id`, `media_id`, `created_at`) VALUES ('162', '12', '162', '2013-04-05 04:36:05');
INSERT INTO `likes` (`id`, `user_id`, `media_id`, `created_at`) VALUES ('163', '13', '163', '1982-10-20 03:17:16');
INSERT INTO `likes` (`id`, `user_id`, `media_id`, `created_at`) VALUES ('164', '14', '164', '1997-11-27 06:09:26');
INSERT INTO `likes` (`id`, `user_id`, `media_id`, `created_at`) VALUES ('165', '15', '165', '2007-07-22 03:59:35');
INSERT INTO `likes` (`id`, `user_id`, `media_id`, `created_at`) VALUES ('166', '16', '166', '2005-03-21 05:14:37');
INSERT INTO `likes` (`id`, `user_id`, `media_id`, `created_at`) VALUES ('167', '17', '167', '1989-11-25 07:55:04');
INSERT INTO `likes` (`id`, `user_id`, `media_id`, `created_at`) VALUES ('168', '18', '168', '1994-04-29 03:30:48');
INSERT INTO `likes` (`id`, `user_id`, `media_id`, `created_at`) VALUES ('169', '19', '169', '1992-05-28 00:46:39');
INSERT INTO `likes` (`id`, `user_id`, `media_id`, `created_at`) VALUES ('170', '20', '170', '1993-09-08 09:15:51');
INSERT INTO `likes` (`id`, `user_id`, `media_id`, `created_at`) VALUES ('171', '21', '171', '2019-09-13 21:23:40');
INSERT INTO `likes` (`id`, `user_id`, `media_id`, `created_at`) VALUES ('172', '22', '172', '2005-03-31 05:15:53');
INSERT INTO `likes` (`id`, `user_id`, `media_id`, `created_at`) VALUES ('173', '23', '173', '1972-12-21 08:40:15');
INSERT INTO `likes` (`id`, `user_id`, `media_id`, `created_at`) VALUES ('174', '24', '174', '2001-05-06 22:54:40');
INSERT INTO `likes` (`id`, `user_id`, `media_id`, `created_at`) VALUES ('175', '25', '175', '2014-09-21 09:23:23');
INSERT INTO `likes` (`id`, `user_id`, `media_id`, `created_at`) VALUES ('176', '26', '176', '2008-08-23 18:45:54');
INSERT INTO `likes` (`id`, `user_id`, `media_id`, `created_at`) VALUES ('177', '27', '177', '1974-04-05 09:28:15');
INSERT INTO `likes` (`id`, `user_id`, `media_id`, `created_at`) VALUES ('178', '28', '178', '1993-11-14 14:35:52');
INSERT INTO `likes` (`id`, `user_id`, `media_id`, `created_at`) VALUES ('179', '29', '179', '2003-01-13 12:28:15');
INSERT INTO `likes` (`id`, `user_id`, `media_id`, `created_at`) VALUES ('180', '30', '180', '2012-02-03 01:18:50');
INSERT INTO `likes` (`id`, `user_id`, `media_id`, `created_at`) VALUES ('181', '31', '181', '2006-05-10 17:06:16');
INSERT INTO `likes` (`id`, `user_id`, `media_id`, `created_at`) VALUES ('182', '32', '182', '2018-09-19 21:34:40');
INSERT INTO `likes` (`id`, `user_id`, `media_id`, `created_at`) VALUES ('183', '33', '183', '1984-12-11 11:44:36');
INSERT INTO `likes` (`id`, `user_id`, `media_id`, `created_at`) VALUES ('184', '34', '184', '2014-03-05 23:49:07');
INSERT INTO `likes` (`id`, `user_id`, `media_id`, `created_at`) VALUES ('185', '35', '185', '1981-10-01 13:52:28');
INSERT INTO `likes` (`id`, `user_id`, `media_id`, `created_at`) VALUES ('186', '36', '186', '2009-08-19 18:17:48');
INSERT INTO `likes` (`id`, `user_id`, `media_id`, `created_at`) VALUES ('187', '37', '187', '2014-09-29 16:21:36');
INSERT INTO `likes` (`id`, `user_id`, `media_id`, `created_at`) VALUES ('188', '38', '188', '2019-09-03 02:18:03');
INSERT INTO `likes` (`id`, `user_id`, `media_id`, `created_at`) VALUES ('189', '39', '189', '2017-12-01 06:47:13');
INSERT INTO `likes` (`id`, `user_id`, `media_id`, `created_at`) VALUES ('190', '40', '190', '1999-02-24 10:57:18');
INSERT INTO `likes` (`id`, `user_id`, `media_id`, `created_at`) VALUES ('191', '41', '191', '2020-12-13 03:05:34');
INSERT INTO `likes` (`id`, `user_id`, `media_id`, `created_at`) VALUES ('192', '42', '192', '2008-08-24 21:10:01');
INSERT INTO `likes` (`id`, `user_id`, `media_id`, `created_at`) VALUES ('193', '43', '193', '2008-10-27 01:20:53');
INSERT INTO `likes` (`id`, `user_id`, `media_id`, `created_at`) VALUES ('194', '44', '194', '1972-12-01 04:34:53');
INSERT INTO `likes` (`id`, `user_id`, `media_id`, `created_at`) VALUES ('195', '45', '195', '2012-09-03 20:48:25');
INSERT INTO `likes` (`id`, `user_id`, `media_id`, `created_at`) VALUES ('196', '46', '196', '2004-03-19 18:20:48');
INSERT INTO `likes` (`id`, `user_id`, `media_id`, `created_at`) VALUES ('197', '47', '197', '1971-11-29 15:46:52');
INSERT INTO `likes` (`id`, `user_id`, `media_id`, `created_at`) VALUES ('198', '48', '198', '1993-12-15 01:04:13');
INSERT INTO `likes` (`id`, `user_id`, `media_id`, `created_at`) VALUES ('199', '49', '199', '2017-06-24 13:41:29');
INSERT INTO `likes` (`id`, `user_id`, `media_id`, `created_at`) VALUES ('200', '50', '200', '2011-05-27 16:39:27');
INSERT INTO `likes` (`id`, `user_id`, `media_id`, `created_at`) VALUES ('201', '51', '201', '2015-02-19 00:09:04');
INSERT INTO `likes` (`id`, `user_id`, `media_id`, `created_at`) VALUES ('202', '52', '202', '1997-09-03 02:22:45');
INSERT INTO `likes` (`id`, `user_id`, `media_id`, `created_at`) VALUES ('203', '53', '203', '1995-07-11 09:46:36');
INSERT INTO `likes` (`id`, `user_id`, `media_id`, `created_at`) VALUES ('204', '54', '204', '1992-08-13 15:42:06');
INSERT INTO `likes` (`id`, `user_id`, `media_id`, `created_at`) VALUES ('205', '55', '205', '1994-04-25 08:32:16');
INSERT INTO `likes` (`id`, `user_id`, `media_id`, `created_at`) VALUES ('206', '56', '206', '1990-09-29 06:53:39');
INSERT INTO `likes` (`id`, `user_id`, `media_id`, `created_at`) VALUES ('207', '57', '207', '1975-12-20 07:17:58');
INSERT INTO `likes` (`id`, `user_id`, `media_id`, `created_at`) VALUES ('208', '58', '208', '1974-05-16 10:46:37');
INSERT INTO `likes` (`id`, `user_id`, `media_id`, `created_at`) VALUES ('209', '59', '209', '1975-03-22 06:55:55');
INSERT INTO `likes` (`id`, `user_id`, `media_id`, `created_at`) VALUES ('210', '60', '210', '1986-12-09 02:09:18');
INSERT INTO `likes` (`id`, `user_id`, `media_id`, `created_at`) VALUES ('211', '61', '211', '1988-12-13 01:32:54');
INSERT INTO `likes` (`id`, `user_id`, `media_id`, `created_at`) VALUES ('212', '62', '212', '2015-01-09 18:07:47');
INSERT INTO `likes` (`id`, `user_id`, `media_id`, `created_at`) VALUES ('213', '63', '213', '2021-03-13 11:30:06');
INSERT INTO `likes` (`id`, `user_id`, `media_id`, `created_at`) VALUES ('214', '64', '214', '2004-07-04 18:41:32');
INSERT INTO `likes` (`id`, `user_id`, `media_id`, `created_at`) VALUES ('215', '65', '215', '2007-02-04 10:59:45');
INSERT INTO `likes` (`id`, `user_id`, `media_id`, `created_at`) VALUES ('216', '66', '216', '1979-01-14 13:50:43');
INSERT INTO `likes` (`id`, `user_id`, `media_id`, `created_at`) VALUES ('217', '67', '217', '2020-09-20 03:13:24');
INSERT INTO `likes` (`id`, `user_id`, `media_id`, `created_at`) VALUES ('218', '68', '218', '2000-09-23 15:26:15');
INSERT INTO `likes` (`id`, `user_id`, `media_id`, `created_at`) VALUES ('219', '69', '219', '1974-08-21 22:17:23');
INSERT INTO `likes` (`id`, `user_id`, `media_id`, `created_at`) VALUES ('220', '70', '220', '1993-08-01 18:08:25');
INSERT INTO `likes` (`id`, `user_id`, `media_id`, `created_at`) VALUES ('221', '71', '221', '1988-08-13 20:11:45');
INSERT INTO `likes` (`id`, `user_id`, `media_id`, `created_at`) VALUES ('222', '72', '222', '1998-04-09 22:53:48');
INSERT INTO `likes` (`id`, `user_id`, `media_id`, `created_at`) VALUES ('223', '73', '223', '1988-06-09 18:23:02');
INSERT INTO `likes` (`id`, `user_id`, `media_id`, `created_at`) VALUES ('224', '74', '224', '2003-10-30 21:31:17');
INSERT INTO `likes` (`id`, `user_id`, `media_id`, `created_at`) VALUES ('225', '75', '225', '2005-04-10 03:49:14');
INSERT INTO `likes` (`id`, `user_id`, `media_id`, `created_at`) VALUES ('226', '76', '226', '1976-10-13 15:40:58');
INSERT INTO `likes` (`id`, `user_id`, `media_id`, `created_at`) VALUES ('227', '77', '227', '1984-04-14 03:25:46');
INSERT INTO `likes` (`id`, `user_id`, `media_id`, `created_at`) VALUES ('228', '78', '228', '1970-04-26 06:27:47');
INSERT INTO `likes` (`id`, `user_id`, `media_id`, `created_at`) VALUES ('229', '79', '229', '1980-09-03 03:06:40');
INSERT INTO `likes` (`id`, `user_id`, `media_id`, `created_at`) VALUES ('230', '80', '230', '1996-06-17 11:01:27');
INSERT INTO `likes` (`id`, `user_id`, `media_id`, `created_at`) VALUES ('231', '81', '231', '2003-11-05 20:59:14');
INSERT INTO `likes` (`id`, `user_id`, `media_id`, `created_at`) VALUES ('232', '82', '232', '2012-12-12 11:14:51');
INSERT INTO `likes` (`id`, `user_id`, `media_id`, `created_at`) VALUES ('233', '83', '233', '1986-11-07 10:11:52');
INSERT INTO `likes` (`id`, `user_id`, `media_id`, `created_at`) VALUES ('234', '84', '234', '1981-02-20 09:21:17');
INSERT INTO `likes` (`id`, `user_id`, `media_id`, `created_at`) VALUES ('235', '85', '235', '1970-09-23 17:37:51');
INSERT INTO `likes` (`id`, `user_id`, `media_id`, `created_at`) VALUES ('236', '86', '236', '1970-09-08 00:42:11');
INSERT INTO `likes` (`id`, `user_id`, `media_id`, `created_at`) VALUES ('237', '87', '237', '1970-04-21 05:54:39');
INSERT INTO `likes` (`id`, `user_id`, `media_id`, `created_at`) VALUES ('238', '88', '238', '1973-01-12 15:45:03');
INSERT INTO `likes` (`id`, `user_id`, `media_id`, `created_at`) VALUES ('239', '89', '239', '1979-08-11 20:35:00');
INSERT INTO `likes` (`id`, `user_id`, `media_id`, `created_at`) VALUES ('240', '90', '240', '1986-02-26 15:33:45');
INSERT INTO `likes` (`id`, `user_id`, `media_id`, `created_at`) VALUES ('241', '91', '241', '1986-11-12 05:52:04');
INSERT INTO `likes` (`id`, `user_id`, `media_id`, `created_at`) VALUES ('242', '92', '242', '1999-11-18 18:27:09');
INSERT INTO `likes` (`id`, `user_id`, `media_id`, `created_at`) VALUES ('243', '93', '243', '1987-08-09 00:04:20');
INSERT INTO `likes` (`id`, `user_id`, `media_id`, `created_at`) VALUES ('244', '94', '244', '1990-04-16 18:36:33');
INSERT INTO `likes` (`id`, `user_id`, `media_id`, `created_at`) VALUES ('245', '95', '245', '1980-11-20 04:01:52');
INSERT INTO `likes` (`id`, `user_id`, `media_id`, `created_at`) VALUES ('246', '96', '246', '1995-06-08 09:42:26');
INSERT INTO `likes` (`id`, `user_id`, `media_id`, `created_at`) VALUES ('247', '97', '247', '1987-07-17 00:45:34');
INSERT INTO `likes` (`id`, `user_id`, `media_id`, `created_at`) VALUES ('248', '98', '248', '2018-09-23 14:54:44');
INSERT INTO `likes` (`id`, `user_id`, `media_id`, `created_at`) VALUES ('249', '99', '249', '2002-11-30 13:09:29');
INSERT INTO `likes` (`id`, `user_id`, `media_id`, `created_at`) VALUES ('250', '100', '250', '1979-06-27 13:05:51');
INSERT INTO `likes` (`id`, `user_id`, `media_id`, `created_at`) VALUES ('251', '101', '1', '1994-03-29 11:02:27');
INSERT INTO `likes` (`id`, `user_id`, `media_id`, `created_at`) VALUES ('252', '102', '2', '2003-09-26 05:08:37');
INSERT INTO `likes` (`id`, `user_id`, `media_id`, `created_at`) VALUES ('253', '103', '3', '1995-11-08 21:02:43');
INSERT INTO `likes` (`id`, `user_id`, `media_id`, `created_at`) VALUES ('254', '104', '4', '2007-11-28 10:27:13');
INSERT INTO `likes` (`id`, `user_id`, `media_id`, `created_at`) VALUES ('255', '105', '5', '2017-08-31 07:36:19');
INSERT INTO `likes` (`id`, `user_id`, `media_id`, `created_at`) VALUES ('256', '106', '6', '1987-12-05 11:09:00');
INSERT INTO `likes` (`id`, `user_id`, `media_id`, `created_at`) VALUES ('257', '107', '7', '2004-02-20 00:42:24');
INSERT INTO `likes` (`id`, `user_id`, `media_id`, `created_at`) VALUES ('258', '108', '8', '1983-09-21 10:56:12');
INSERT INTO `likes` (`id`, `user_id`, `media_id`, `created_at`) VALUES ('259', '109', '9', '1999-11-11 04:41:24');
INSERT INTO `likes` (`id`, `user_id`, `media_id`, `created_at`) VALUES ('260', '110', '10', '2013-03-09 23:12:40');
INSERT INTO `likes` (`id`, `user_id`, `media_id`, `created_at`) VALUES ('261', '111', '11', '1999-01-08 18:53:32');
INSERT INTO `likes` (`id`, `user_id`, `media_id`, `created_at`) VALUES ('262', '112', '12', '1976-10-07 23:47:04');
INSERT INTO `likes` (`id`, `user_id`, `media_id`, `created_at`) VALUES ('263', '113', '13', '1974-08-18 05:56:56');
INSERT INTO `likes` (`id`, `user_id`, `media_id`, `created_at`) VALUES ('264', '114', '14', '2004-08-15 02:51:39');
INSERT INTO `likes` (`id`, `user_id`, `media_id`, `created_at`) VALUES ('265', '115', '15', '1977-06-19 23:51:29');
INSERT INTO `likes` (`id`, `user_id`, `media_id`, `created_at`) VALUES ('266', '116', '16', '1991-01-30 13:43:27');
INSERT INTO `likes` (`id`, `user_id`, `media_id`, `created_at`) VALUES ('267', '117', '17', '2004-04-26 19:31:03');
INSERT INTO `likes` (`id`, `user_id`, `media_id`, `created_at`) VALUES ('268', '118', '18', '2016-08-04 23:46:46');
INSERT INTO `likes` (`id`, `user_id`, `media_id`, `created_at`) VALUES ('269', '119', '19', '1980-01-12 07:48:48');
INSERT INTO `likes` (`id`, `user_id`, `media_id`, `created_at`) VALUES ('270', '120', '20', '1981-09-06 22:57:14');
INSERT INTO `likes` (`id`, `user_id`, `media_id`, `created_at`) VALUES ('271', '121', '21', '2017-08-23 02:36:39');
INSERT INTO `likes` (`id`, `user_id`, `media_id`, `created_at`) VALUES ('272', '122', '22', '2015-05-05 22:34:23');
INSERT INTO `likes` (`id`, `user_id`, `media_id`, `created_at`) VALUES ('273', '123', '23', '2018-12-04 04:52:00');
INSERT INTO `likes` (`id`, `user_id`, `media_id`, `created_at`) VALUES ('274', '124', '24', '2013-02-21 16:16:33');
INSERT INTO `likes` (`id`, `user_id`, `media_id`, `created_at`) VALUES ('275', '125', '25', '1998-04-03 23:52:17');
INSERT INTO `likes` (`id`, `user_id`, `media_id`, `created_at`) VALUES ('276', '126', '26', '1970-10-15 23:46:14');
INSERT INTO `likes` (`id`, `user_id`, `media_id`, `created_at`) VALUES ('277', '127', '27', '1970-03-07 02:29:08');
INSERT INTO `likes` (`id`, `user_id`, `media_id`, `created_at`) VALUES ('278', '128', '28', '1989-10-26 05:13:55');
INSERT INTO `likes` (`id`, `user_id`, `media_id`, `created_at`) VALUES ('279', '129', '29', '1994-08-24 10:13:15');
INSERT INTO `likes` (`id`, `user_id`, `media_id`, `created_at`) VALUES ('280', '130', '30', '1975-05-20 15:08:18');
INSERT INTO `likes` (`id`, `user_id`, `media_id`, `created_at`) VALUES ('281', '131', '31', '1998-03-06 06:51:04');
INSERT INTO `likes` (`id`, `user_id`, `media_id`, `created_at`) VALUES ('282', '132', '32', '2020-07-03 20:05:09');
INSERT INTO `likes` (`id`, `user_id`, `media_id`, `created_at`) VALUES ('283', '133', '33', '1976-02-21 05:46:43');
INSERT INTO `likes` (`id`, `user_id`, `media_id`, `created_at`) VALUES ('284', '134', '34', '1974-10-08 10:33:13');
INSERT INTO `likes` (`id`, `user_id`, `media_id`, `created_at`) VALUES ('285', '135', '35', '2008-11-08 18:02:39');
INSERT INTO `likes` (`id`, `user_id`, `media_id`, `created_at`) VALUES ('286', '136', '36', '2015-09-03 07:22:18');
INSERT INTO `likes` (`id`, `user_id`, `media_id`, `created_at`) VALUES ('287', '137', '37', '2003-05-07 03:27:40');
INSERT INTO `likes` (`id`, `user_id`, `media_id`, `created_at`) VALUES ('288', '138', '38', '1988-03-27 07:57:41');
INSERT INTO `likes` (`id`, `user_id`, `media_id`, `created_at`) VALUES ('289', '139', '39', '1975-01-02 08:48:01');
INSERT INTO `likes` (`id`, `user_id`, `media_id`, `created_at`) VALUES ('290', '140', '40', '1982-07-28 23:06:42');
INSERT INTO `likes` (`id`, `user_id`, `media_id`, `created_at`) VALUES ('291', '141', '41', '1975-05-07 06:52:33');
INSERT INTO `likes` (`id`, `user_id`, `media_id`, `created_at`) VALUES ('292', '142', '42', '1990-05-11 09:28:37');
INSERT INTO `likes` (`id`, `user_id`, `media_id`, `created_at`) VALUES ('293', '143', '43', '1976-12-23 11:56:11');
INSERT INTO `likes` (`id`, `user_id`, `media_id`, `created_at`) VALUES ('294', '144', '44', '1985-12-23 03:50:00');
INSERT INTO `likes` (`id`, `user_id`, `media_id`, `created_at`) VALUES ('295', '145', '45', '2011-08-21 05:11:08');
INSERT INTO `likes` (`id`, `user_id`, `media_id`, `created_at`) VALUES ('296', '146', '46', '2016-07-15 02:40:55');
INSERT INTO `likes` (`id`, `user_id`, `media_id`, `created_at`) VALUES ('297', '147', '47', '2007-07-31 20:37:36');
INSERT INTO `likes` (`id`, `user_id`, `media_id`, `created_at`) VALUES ('298', '148', '48', '2000-11-12 13:26:48');
INSERT INTO `likes` (`id`, `user_id`, `media_id`, `created_at`) VALUES ('299', '149', '49', '2006-05-01 06:55:23');
INSERT INTO `likes` (`id`, `user_id`, `media_id`, `created_at`) VALUES ('300', '150', '50', '2001-09-25 18:34:08');
INSERT INTO `likes` (`id`, `user_id`, `media_id`, `created_at`) VALUES ('301', '1', '51', '2004-02-19 03:14:06');
INSERT INTO `likes` (`id`, `user_id`, `media_id`, `created_at`) VALUES ('302', '2', '52', '2014-09-27 15:38:27');
INSERT INTO `likes` (`id`, `user_id`, `media_id`, `created_at`) VALUES ('303', '3', '53', '1993-09-18 03:01:54');
INSERT INTO `likes` (`id`, `user_id`, `media_id`, `created_at`) VALUES ('304', '4', '54', '1976-08-09 16:47:55');
INSERT INTO `likes` (`id`, `user_id`, `media_id`, `created_at`) VALUES ('305', '5', '55', '1980-10-17 14:59:10');
INSERT INTO `likes` (`id`, `user_id`, `media_id`, `created_at`) VALUES ('306', '6', '56', '1971-09-14 17:07:47');
INSERT INTO `likes` (`id`, `user_id`, `media_id`, `created_at`) VALUES ('307', '7', '57', '1986-09-21 16:57:48');
INSERT INTO `likes` (`id`, `user_id`, `media_id`, `created_at`) VALUES ('308', '8', '58', '1979-12-25 05:44:23');
INSERT INTO `likes` (`id`, `user_id`, `media_id`, `created_at`) VALUES ('309', '9', '59', '2017-05-02 00:08:25');
INSERT INTO `likes` (`id`, `user_id`, `media_id`, `created_at`) VALUES ('310', '10', '60', '1986-11-23 05:43:00');
INSERT INTO `likes` (`id`, `user_id`, `media_id`, `created_at`) VALUES ('311', '11', '61', '2003-05-03 04:40:42');
INSERT INTO `likes` (`id`, `user_id`, `media_id`, `created_at`) VALUES ('312', '12', '62', '2018-10-28 01:21:12');
INSERT INTO `likes` (`id`, `user_id`, `media_id`, `created_at`) VALUES ('313', '13', '63', '1985-07-23 19:39:23');
INSERT INTO `likes` (`id`, `user_id`, `media_id`, `created_at`) VALUES ('314', '14', '64', '1974-11-26 09:14:59');
INSERT INTO `likes` (`id`, `user_id`, `media_id`, `created_at`) VALUES ('315', '15', '65', '1990-01-23 11:17:29');
INSERT INTO `likes` (`id`, `user_id`, `media_id`, `created_at`) VALUES ('316', '16', '66', '2014-01-03 22:40:54');
INSERT INTO `likes` (`id`, `user_id`, `media_id`, `created_at`) VALUES ('317', '17', '67', '1989-04-01 01:11:48');
INSERT INTO `likes` (`id`, `user_id`, `media_id`, `created_at`) VALUES ('318', '18', '68', '2017-12-27 07:17:23');
INSERT INTO `likes` (`id`, `user_id`, `media_id`, `created_at`) VALUES ('319', '19', '69', '1976-08-20 05:10:49');
INSERT INTO `likes` (`id`, `user_id`, `media_id`, `created_at`) VALUES ('320', '20', '70', '2018-08-10 11:09:11');
INSERT INTO `likes` (`id`, `user_id`, `media_id`, `created_at`) VALUES ('321', '21', '71', '2013-05-28 05:32:21');
INSERT INTO `likes` (`id`, `user_id`, `media_id`, `created_at`) VALUES ('322', '22', '72', '1998-02-22 19:44:50');
INSERT INTO `likes` (`id`, `user_id`, `media_id`, `created_at`) VALUES ('323', '23', '73', '2011-06-27 21:29:09');
INSERT INTO `likes` (`id`, `user_id`, `media_id`, `created_at`) VALUES ('324', '24', '74', '1983-06-23 10:32:35');
INSERT INTO `likes` (`id`, `user_id`, `media_id`, `created_at`) VALUES ('325', '25', '75', '2001-08-30 20:22:03');
INSERT INTO `likes` (`id`, `user_id`, `media_id`, `created_at`) VALUES ('326', '26', '76', '1988-12-08 04:13:05');
INSERT INTO `likes` (`id`, `user_id`, `media_id`, `created_at`) VALUES ('327', '27', '77', '1981-12-06 00:38:42');
INSERT INTO `likes` (`id`, `user_id`, `media_id`, `created_at`) VALUES ('328', '28', '78', '1987-04-15 19:39:38');
INSERT INTO `likes` (`id`, `user_id`, `media_id`, `created_at`) VALUES ('329', '29', '79', '1977-10-16 06:03:18');
INSERT INTO `likes` (`id`, `user_id`, `media_id`, `created_at`) VALUES ('330', '30', '80', '2012-08-29 09:28:24');
INSERT INTO `likes` (`id`, `user_id`, `media_id`, `created_at`) VALUES ('331', '31', '81', '1990-02-18 21:02:41');
INSERT INTO `likes` (`id`, `user_id`, `media_id`, `created_at`) VALUES ('332', '32', '82', '1972-01-28 15:14:56');
INSERT INTO `likes` (`id`, `user_id`, `media_id`, `created_at`) VALUES ('333', '33', '83', '1975-03-02 05:12:32');
INSERT INTO `likes` (`id`, `user_id`, `media_id`, `created_at`) VALUES ('334', '34', '84', '1972-12-31 16:39:33');
INSERT INTO `likes` (`id`, `user_id`, `media_id`, `created_at`) VALUES ('335', '35', '85', '2019-02-18 17:36:33');
INSERT INTO `likes` (`id`, `user_id`, `media_id`, `created_at`) VALUES ('336', '36', '86', '1970-04-28 07:25:47');
INSERT INTO `likes` (`id`, `user_id`, `media_id`, `created_at`) VALUES ('337', '37', '87', '2010-08-12 12:24:13');
INSERT INTO `likes` (`id`, `user_id`, `media_id`, `created_at`) VALUES ('338', '38', '88', '2013-08-27 09:01:11');
INSERT INTO `likes` (`id`, `user_id`, `media_id`, `created_at`) VALUES ('339', '39', '89', '2006-04-30 18:28:21');
INSERT INTO `likes` (`id`, `user_id`, `media_id`, `created_at`) VALUES ('340', '40', '90', '1999-09-06 09:37:19');
INSERT INTO `likes` (`id`, `user_id`, `media_id`, `created_at`) VALUES ('341', '41', '91', '2013-10-14 22:31:04');
INSERT INTO `likes` (`id`, `user_id`, `media_id`, `created_at`) VALUES ('342', '42', '92', '2015-07-29 12:13:35');
INSERT INTO `likes` (`id`, `user_id`, `media_id`, `created_at`) VALUES ('343', '43', '93', '2014-12-07 22:29:05');
INSERT INTO `likes` (`id`, `user_id`, `media_id`, `created_at`) VALUES ('344', '44', '94', '2001-11-28 21:24:55');
INSERT INTO `likes` (`id`, `user_id`, `media_id`, `created_at`) VALUES ('345', '45', '95', '1974-05-04 19:18:53');
INSERT INTO `likes` (`id`, `user_id`, `media_id`, `created_at`) VALUES ('346', '46', '96', '1993-01-24 23:39:41');
INSERT INTO `likes` (`id`, `user_id`, `media_id`, `created_at`) VALUES ('347', '47', '97', '1996-01-01 11:43:37');
INSERT INTO `likes` (`id`, `user_id`, `media_id`, `created_at`) VALUES ('348', '48', '98', '2009-09-30 04:50:19');
INSERT INTO `likes` (`id`, `user_id`, `media_id`, `created_at`) VALUES ('349', '49', '99', '1970-07-30 15:41:02');
INSERT INTO `likes` (`id`, `user_id`, `media_id`, `created_at`) VALUES ('350', '50', '100', '1980-10-05 04:01:21');
INSERT INTO `likes` (`id`, `user_id`, `media_id`, `created_at`) VALUES ('351', '51', '101', '1999-07-07 19:34:52');
INSERT INTO `likes` (`id`, `user_id`, `media_id`, `created_at`) VALUES ('352', '52', '102', '1971-12-30 23:46:38');
INSERT INTO `likes` (`id`, `user_id`, `media_id`, `created_at`) VALUES ('353', '53', '103', '1977-08-02 17:36:53');
INSERT INTO `likes` (`id`, `user_id`, `media_id`, `created_at`) VALUES ('354', '54', '104', '1983-10-03 01:00:26');
INSERT INTO `likes` (`id`, `user_id`, `media_id`, `created_at`) VALUES ('355', '55', '105', '1991-07-25 00:04:52');
INSERT INTO `likes` (`id`, `user_id`, `media_id`, `created_at`) VALUES ('356', '56', '106', '1976-06-15 20:25:55');
INSERT INTO `likes` (`id`, `user_id`, `media_id`, `created_at`) VALUES ('357', '57', '107', '1973-12-30 22:48:15');
INSERT INTO `likes` (`id`, `user_id`, `media_id`, `created_at`) VALUES ('358', '58', '108', '1998-01-18 10:48:04');
INSERT INTO `likes` (`id`, `user_id`, `media_id`, `created_at`) VALUES ('359', '59', '109', '1997-02-07 10:10:02');
INSERT INTO `likes` (`id`, `user_id`, `media_id`, `created_at`) VALUES ('360', '60', '110', '2013-01-18 12:43:20');
INSERT INTO `likes` (`id`, `user_id`, `media_id`, `created_at`) VALUES ('361', '61', '111', '1973-11-26 23:42:59');
INSERT INTO `likes` (`id`, `user_id`, `media_id`, `created_at`) VALUES ('362', '62', '112', '1977-02-27 23:28:53');
INSERT INTO `likes` (`id`, `user_id`, `media_id`, `created_at`) VALUES ('363', '63', '113', '2003-03-17 04:37:51');
INSERT INTO `likes` (`id`, `user_id`, `media_id`, `created_at`) VALUES ('364', '64', '114', '2009-01-26 21:15:47');
INSERT INTO `likes` (`id`, `user_id`, `media_id`, `created_at`) VALUES ('365', '65', '115', '2020-02-26 19:42:30');
INSERT INTO `likes` (`id`, `user_id`, `media_id`, `created_at`) VALUES ('366', '66', '116', '2004-04-26 16:34:57');
INSERT INTO `likes` (`id`, `user_id`, `media_id`, `created_at`) VALUES ('367', '67', '117', '1997-07-27 14:18:59');
INSERT INTO `likes` (`id`, `user_id`, `media_id`, `created_at`) VALUES ('368', '68', '118', '2015-04-26 06:54:14');
INSERT INTO `likes` (`id`, `user_id`, `media_id`, `created_at`) VALUES ('369', '69', '119', '2014-07-07 07:43:28');
INSERT INTO `likes` (`id`, `user_id`, `media_id`, `created_at`) VALUES ('370', '70', '120', '1988-10-18 18:54:21');
INSERT INTO `likes` (`id`, `user_id`, `media_id`, `created_at`) VALUES ('371', '71', '121', '1994-03-02 08:11:14');
INSERT INTO `likes` (`id`, `user_id`, `media_id`, `created_at`) VALUES ('372', '72', '122', '1984-02-25 23:10:31');
INSERT INTO `likes` (`id`, `user_id`, `media_id`, `created_at`) VALUES ('373', '73', '123', '1989-04-18 20:04:39');
INSERT INTO `likes` (`id`, `user_id`, `media_id`, `created_at`) VALUES ('374', '74', '124', '1977-08-24 20:59:00');
INSERT INTO `likes` (`id`, `user_id`, `media_id`, `created_at`) VALUES ('375', '75', '125', '2020-09-25 22:04:46');
INSERT INTO `likes` (`id`, `user_id`, `media_id`, `created_at`) VALUES ('376', '76', '126', '2000-11-20 22:38:13');
INSERT INTO `likes` (`id`, `user_id`, `media_id`, `created_at`) VALUES ('377', '77', '127', '1976-07-28 22:02:21');
INSERT INTO `likes` (`id`, `user_id`, `media_id`, `created_at`) VALUES ('378', '78', '128', '1976-10-16 21:11:18');
INSERT INTO `likes` (`id`, `user_id`, `media_id`, `created_at`) VALUES ('379', '79', '129', '2010-07-17 06:58:04');
INSERT INTO `likes` (`id`, `user_id`, `media_id`, `created_at`) VALUES ('380', '80', '130', '2014-07-01 20:44:09');
INSERT INTO `likes` (`id`, `user_id`, `media_id`, `created_at`) VALUES ('381', '81', '131', '1979-10-12 16:47:00');
INSERT INTO `likes` (`id`, `user_id`, `media_id`, `created_at`) VALUES ('382', '82', '132', '1983-09-07 10:03:53');
INSERT INTO `likes` (`id`, `user_id`, `media_id`, `created_at`) VALUES ('383', '83', '133', '1999-10-30 11:37:15');
INSERT INTO `likes` (`id`, `user_id`, `media_id`, `created_at`) VALUES ('384', '84', '134', '1977-05-05 06:09:58');
INSERT INTO `likes` (`id`, `user_id`, `media_id`, `created_at`) VALUES ('385', '85', '135', '1991-05-19 01:10:01');
INSERT INTO `likes` (`id`, `user_id`, `media_id`, `created_at`) VALUES ('386', '86', '136', '2000-03-14 05:52:46');
INSERT INTO `likes` (`id`, `user_id`, `media_id`, `created_at`) VALUES ('387', '87', '137', '1978-04-06 20:59:42');
INSERT INTO `likes` (`id`, `user_id`, `media_id`, `created_at`) VALUES ('388', '88', '138', '2000-01-23 23:34:20');
INSERT INTO `likes` (`id`, `user_id`, `media_id`, `created_at`) VALUES ('389', '89', '139', '1970-12-04 04:06:04');
INSERT INTO `likes` (`id`, `user_id`, `media_id`, `created_at`) VALUES ('390', '90', '140', '2017-01-06 09:40:28');
INSERT INTO `likes` (`id`, `user_id`, `media_id`, `created_at`) VALUES ('391', '91', '141', '2014-10-07 03:47:51');
INSERT INTO `likes` (`id`, `user_id`, `media_id`, `created_at`) VALUES ('392', '92', '142', '2009-12-03 02:37:24');
INSERT INTO `likes` (`id`, `user_id`, `media_id`, `created_at`) VALUES ('393', '93', '143', '2017-04-01 08:22:37');
INSERT INTO `likes` (`id`, `user_id`, `media_id`, `created_at`) VALUES ('394', '94', '144', '2006-05-31 05:11:42');
INSERT INTO `likes` (`id`, `user_id`, `media_id`, `created_at`) VALUES ('395', '95', '145', '2011-04-06 02:06:26');
INSERT INTO `likes` (`id`, `user_id`, `media_id`, `created_at`) VALUES ('396', '96', '146', '1981-01-17 04:05:28');
INSERT INTO `likes` (`id`, `user_id`, `media_id`, `created_at`) VALUES ('397', '97', '147', '2016-09-06 12:26:11');
INSERT INTO `likes` (`id`, `user_id`, `media_id`, `created_at`) VALUES ('398', '98', '148', '2000-09-04 05:50:02');
INSERT INTO `likes` (`id`, `user_id`, `media_id`, `created_at`) VALUES ('399', '99', '149', '1974-01-20 22:42:40');
INSERT INTO `likes` (`id`, `user_id`, `media_id`, `created_at`) VALUES ('400', '100', '150', '2006-10-20 00:07:32');


#
# TABLE STRUCTURE FOR: media
#

DROP TABLE IF EXISTS `media`;

CREATE TABLE `media` (
  `id` bigint(20) unsigned NOT NULL AUTO_INCREMENT,
  `media_type_id` bigint(20) unsigned NOT NULL,
  `user_id` bigint(20) unsigned NOT NULL,
  `body` text COLLATE utf8mb4_unicode_ci DEFAULT NULL,
  `filename` varchar(255) COLLATE utf8mb4_unicode_ci DEFAULT NULL,
  `size` int(11) DEFAULT NULL,
  `metadata` longtext CHARACTER SET utf8mb4 COLLATE utf8mb4_bin DEFAULT NULL CHECK (json_valid(`metadata`)),
  `created_at` datetime DEFAULT current_timestamp(),
  `updated_at` datetime DEFAULT NULL ON UPDATE current_timestamp(),
  UNIQUE KEY `id` (`id`),
  KEY `user_id` (`user_id`),
  KEY `media_type_id` (`media_type_id`),
  CONSTRAINT `media_ibfk_1` FOREIGN KEY (`user_id`) REFERENCES `users` (`id`),
  CONSTRAINT `media_ibfk_2` FOREIGN KEY (`media_type_id`) REFERENCES `media_types` (`id`)
) ENGINE=InnoDB AUTO_INCREMENT=251 DEFAULT CHARSET=utf8mb4 COLLATE=utf8mb4_unicode_ci;

INSERT INTO `media` (`id`, `media_type_id`, `user_id`, `body`, `filename`, `size`, `metadata`, `created_at`, `updated_at`) VALUES ('1', '1', '1', 'Eos ut quaerat ut accusantium eos veniam illo. Autem voluptatem reiciendis est. Quia amet molestias voluptas ea enim porro. Est illum optio saepe quidem quia quia.', 'qui', 89606, NULL, '1998-08-08 14:18:05', '2004-11-04 06:16:36');
INSERT INTO `media` (`id`, `media_type_id`, `user_id`, `body`, `filename`, `size`, `metadata`, `created_at`, `updated_at`) VALUES ('2', '2', '2', 'Placeat velit alias qui aliquid maxime. Omnis in autem dolore vel.', 'est', 3, NULL, '1986-01-31 01:37:15', '1989-05-16 07:17:18');
INSERT INTO `media` (`id`, `media_type_id`, `user_id`, `body`, `filename`, `size`, `metadata`, `created_at`, `updated_at`) VALUES ('3', '3', '3', 'Nihil ut labore ut perferendis. Sunt enim ut consequuntur possimus repudiandae quos quos. Illum necessitatibus enim animi autem reiciendis voluptas. Quibusdam earum quaerat nobis sed.', 'iste', 0, NULL, '2005-05-27 06:21:29', '1971-08-28 04:35:57');
INSERT INTO `media` (`id`, `media_type_id`, `user_id`, `body`, `filename`, `size`, `metadata`, `created_at`, `updated_at`) VALUES ('4', '4', '4', 'Voluptatem dolorem impedit recusandae rem facilis. Ea et recusandae distinctio minima ut perferendis. Vel quia et inventore. Laboriosam alias sit nesciunt perspiciatis in maiores. Odit vel sint velit adipisci nostrum sint nisi expedita.', 'nihil', 46513306, NULL, '2004-12-18 11:21:07', '2009-11-28 14:36:24');
INSERT INTO `media` (`id`, `media_type_id`, `user_id`, `body`, `filename`, `size`, `metadata`, `created_at`, `updated_at`) VALUES ('5', '5', '5', 'Accusamus voluptatum distinctio sequi in exercitationem similique dolorum quod. Et praesentium et veritatis voluptatem et quod voluptas. Autem delectus sed et.', 'aut', 0, NULL, '2000-05-19 08:59:36', '1999-03-26 06:36:01');
INSERT INTO `media` (`id`, `media_type_id`, `user_id`, `body`, `filename`, `size`, `metadata`, `created_at`, `updated_at`) VALUES ('6', '6', '6', 'Omnis earum odio quidem et eum. Asperiores aut aut dolor modi accusantium dolores non. Voluptates quo qui sint fugit nobis libero architecto.', 'iste', 1651667, NULL, '1973-05-07 14:10:07', '2017-07-04 02:06:36');
INSERT INTO `media` (`id`, `media_type_id`, `user_id`, `body`, `filename`, `size`, `metadata`, `created_at`, `updated_at`) VALUES ('7', '7', '7', 'Deleniti et labore necessitatibus expedita vitae esse. Expedita ipsa similique et voluptatibus adipisci. Aspernatur debitis enim architecto sed occaecati qui.', 'adipisci', 39171, NULL, '1989-08-05 15:49:21', '1990-05-19 11:13:15');
INSERT INTO `media` (`id`, `media_type_id`, `user_id`, `body`, `filename`, `size`, `metadata`, `created_at`, `updated_at`) VALUES ('8', '8', '8', 'Qui voluptates provident nihil ex. Non quia et error harum. Veritatis aut blanditiis fugit ex aut.', 'rerum', 20, NULL, '2010-08-29 17:24:30', '2002-11-20 12:22:43');
INSERT INTO `media` (`id`, `media_type_id`, `user_id`, `body`, `filename`, `size`, `metadata`, `created_at`, `updated_at`) VALUES ('9', '9', '9', 'Sint tempora consequatur adipisci doloribus cumque amet et. Qui voluptas ea repellendus alias.', 'dignissimos', 145648274, NULL, '2004-10-22 16:36:28', '1972-09-21 20:10:20');
INSERT INTO `media` (`id`, `media_type_id`, `user_id`, `body`, `filename`, `size`, `metadata`, `created_at`, `updated_at`) VALUES ('10', '10', '10', 'Totam ad dolores quia amet eos. A nobis eum nihil neque. Perspiciatis vero illo deserunt corporis quidem velit. Quo aut illo inventore vel. Debitis sit culpa eaque.', 'eveniet', 870101, NULL, '1976-06-26 19:55:37', '1985-01-06 18:49:14');
INSERT INTO `media` (`id`, `media_type_id`, `user_id`, `body`, `filename`, `size`, `metadata`, `created_at`, `updated_at`) VALUES ('11', '1', '11', 'Doloribus exercitationem non sint voluptatem doloribus dolorum non dignissimos. Doloribus recusandae libero culpa ut harum. Ea aut dicta velit qui ut.', 'asperiores', 1954, NULL, '1975-09-19 17:08:09', '2016-04-28 12:53:23');
INSERT INTO `media` (`id`, `media_type_id`, `user_id`, `body`, `filename`, `size`, `metadata`, `created_at`, `updated_at`) VALUES ('12', '2', '12', 'Autem cupiditate expedita et quasi. Aperiam non quisquam adipisci ut consequuntur molestias. Enim sapiente rerum dolor nemo et nihil. Autem ut aut tenetur ex possimus.', 'ut', 54080, NULL, '2007-08-26 16:53:39', '2013-07-09 20:29:05');
INSERT INTO `media` (`id`, `media_type_id`, `user_id`, `body`, `filename`, `size`, `metadata`, `created_at`, `updated_at`) VALUES ('13', '3', '13', 'Deleniti eius nihil unde qui inventore. Nihil sed est voluptatem.', 'ad', 3, NULL, '2007-04-27 10:03:37', '1992-12-01 14:28:42');
INSERT INTO `media` (`id`, `media_type_id`, `user_id`, `body`, `filename`, `size`, `metadata`, `created_at`, `updated_at`) VALUES ('14', '4', '14', 'Numquam ipsam nulla quae officiis sunt et aut. Qui quo ea qui exercitationem. Quos eum quas animi in laboriosam similique.', 'optio', 3053036, NULL, '2018-05-05 15:46:02', '1987-08-22 02:36:01');
INSERT INTO `media` (`id`, `media_type_id`, `user_id`, `body`, `filename`, `size`, `metadata`, `created_at`, `updated_at`) VALUES ('15', '5', '15', 'Laboriosam sunt dolor et repellat dolorem sunt. Aspernatur est ea voluptas eaque voluptatem iure ratione. Quaerat saepe sapiente doloribus totam. Aliquam sapiente laboriosam adipisci et quam rem quos nihil. Optio nam est doloribus facere.', 'fugit', 61, NULL, '1981-08-15 04:49:04', '2021-02-28 06:40:40');
INSERT INTO `media` (`id`, `media_type_id`, `user_id`, `body`, `filename`, `size`, `metadata`, `created_at`, `updated_at`) VALUES ('16', '6', '16', 'Et voluptas id magnam quam eius. Autem nihil laudantium autem. Qui dolorem non et reiciendis culpa.', 'dolorem', 6, NULL, '1986-10-01 12:17:39', '2004-05-26 17:02:57');
INSERT INTO `media` (`id`, `media_type_id`, `user_id`, `body`, `filename`, `size`, `metadata`, `created_at`, `updated_at`) VALUES ('17', '7', '17', 'Et sed eaque iste consequatur iusto itaque. Nihil quisquam et repellendus rerum et. Necessitatibus ad culpa tenetur et nisi hic rem.', 'voluptatem', 46, NULL, '1983-03-07 18:22:05', '2017-03-27 21:30:09');
INSERT INTO `media` (`id`, `media_type_id`, `user_id`, `body`, `filename`, `size`, `metadata`, `created_at`, `updated_at`) VALUES ('18', '8', '18', 'Voluptas et aut eligendi itaque provident. Quo ab quia neque accusamus porro neque. Necessitatibus sit est nihil voluptas sequi ut voluptas laudantium. Voluptas omnis distinctio saepe ad deserunt assumenda sed quo.', 'tenetur', 2, NULL, '1998-02-06 20:42:46', '1994-04-12 04:29:37');
INSERT INTO `media` (`id`, `media_type_id`, `user_id`, `body`, `filename`, `size`, `metadata`, `created_at`, `updated_at`) VALUES ('19', '9', '19', 'Sed hic et explicabo nihil ut minus asperiores. Odit magni enim sint voluptate dolor. Dicta itaque laborum dignissimos eum cum id. Eligendi eaque omnis laboriosam quo explicabo minus.', 'quos', 3473694, NULL, '2017-12-15 12:59:20', '1982-01-20 08:53:54');
INSERT INTO `media` (`id`, `media_type_id`, `user_id`, `body`, `filename`, `size`, `metadata`, `created_at`, `updated_at`) VALUES ('20', '10', '20', 'Omnis similique odio accusantium sit aut ducimus est. Ut qui saepe distinctio delectus voluptatem voluptates omnis consectetur. Eos quod minima similique quia inventore nisi quos et.', 'qui', 19544, NULL, '2010-11-14 09:13:09', '1974-11-19 02:16:18');
INSERT INTO `media` (`id`, `media_type_id`, `user_id`, `body`, `filename`, `size`, `metadata`, `created_at`, `updated_at`) VALUES ('21', '1', '21', 'Illo voluptatem autem laudantium minus. Autem tempora ex in aliquid provident. Deserunt tempora qui saepe odit. At ducimus consequatur hic nihil accusamus.', 'sequi', 0, NULL, '1973-09-29 11:50:35', '2010-07-01 11:55:43');
INSERT INTO `media` (`id`, `media_type_id`, `user_id`, `body`, `filename`, `size`, `metadata`, `created_at`, `updated_at`) VALUES ('22', '2', '22', 'In ipsam quae porro voluptatem earum eos ab. Est praesentium molestias provident magnam. Laboriosam voluptas enim voluptates totam.', 'quod', 0, NULL, '2016-02-27 07:25:11', '2000-11-09 03:44:16');
INSERT INTO `media` (`id`, `media_type_id`, `user_id`, `body`, `filename`, `size`, `metadata`, `created_at`, `updated_at`) VALUES ('23', '3', '23', 'At autem necessitatibus aliquid officia sit. Eveniet ea impedit inventore. Eaque est qui quisquam consectetur vel. Nulla in et odio accusantium accusamus facere officiis voluptate. Eveniet sunt a ut dolor tenetur.', 'velit', 190, NULL, '1994-04-25 21:56:39', '2004-03-04 15:20:53');
INSERT INTO `media` (`id`, `media_type_id`, `user_id`, `body`, `filename`, `size`, `metadata`, `created_at`, `updated_at`) VALUES ('24', '4', '24', 'Nemo ullam itaque sit veritatis fuga rem. Beatae non et et libero nisi cumque. Iste minima fugit repellendus iure non temporibus.', 'maiores', 2, NULL, '1977-06-05 10:12:27', '1974-03-03 20:58:19');
INSERT INTO `media` (`id`, `media_type_id`, `user_id`, `body`, `filename`, `size`, `metadata`, `created_at`, `updated_at`) VALUES ('25', '5', '25', 'Sit et adipisci laborum numquam nihil ea dolor. Dolor eius voluptatibus alias a quia delectus quia. Magnam dolorem esse ut placeat cumque.', 'itaque', 3721386, NULL, '1974-07-04 14:08:19', '2001-11-19 13:55:01');
INSERT INTO `media` (`id`, `media_type_id`, `user_id`, `body`, `filename`, `size`, `metadata`, `created_at`, `updated_at`) VALUES ('26', '6', '26', 'Modi ut ipsam totam ex. Quia dolorum ipsum et et voluptatum accusamus qui. Eius molestiae vitae distinctio atque et quo laborum.', 'incidunt', 0, NULL, '1974-01-14 12:53:53', '2011-03-14 23:02:50');
INSERT INTO `media` (`id`, `media_type_id`, `user_id`, `body`, `filename`, `size`, `metadata`, `created_at`, `updated_at`) VALUES ('27', '7', '27', 'Maiores vel ipsum voluptatum velit. Suscipit quia tempora tenetur illum ut facere id sed. Molestiae quis corrupti nam sed ea nihil neque et.', 'eos', 1263305, NULL, '1980-08-30 00:20:38', '1972-08-09 00:15:56');
INSERT INTO `media` (`id`, `media_type_id`, `user_id`, `body`, `filename`, `size`, `metadata`, `created_at`, `updated_at`) VALUES ('28', '8', '28', 'Quod vitae sequi assumenda. Sit enim minus est quaerat ea. Sit maxime vitae fugit cupiditate modi velit blanditiis deleniti.', 'molestiae', 7626, NULL, '2004-11-01 01:48:34', '1979-02-12 15:18:58');
INSERT INTO `media` (`id`, `media_type_id`, `user_id`, `body`, `filename`, `size`, `metadata`, `created_at`, `updated_at`) VALUES ('29', '9', '29', 'Fuga quo ut dolores eligendi dolorum. Dolorem quo ea molestias qui. Sint quis aut dolores dignissimos laudantium qui animi.', 'a', 3946878, NULL, '2004-01-16 18:56:24', '1990-11-30 20:58:46');
INSERT INTO `media` (`id`, `media_type_id`, `user_id`, `body`, `filename`, `size`, `metadata`, `created_at`, `updated_at`) VALUES ('30', '10', '30', 'Ab alias possimus aliquid inventore doloribus quos. Neque tempora consequatur et voluptatem. Aut odio amet sed quidem eum explicabo.', 'explicabo', 0, NULL, '2006-04-28 03:49:30', '1987-10-25 09:01:53');
INSERT INTO `media` (`id`, `media_type_id`, `user_id`, `body`, `filename`, `size`, `metadata`, `created_at`, `updated_at`) VALUES ('31', '1', '31', 'Corrupti laudantium reiciendis sit expedita. Pariatur deleniti vero sit. Debitis voluptates maxime sit cum non pariatur ut beatae. Reiciendis voluptas atque error molestias tempora et aut iure.', 'saepe', 0, NULL, '2000-04-28 15:22:18', '1994-09-09 20:10:22');
INSERT INTO `media` (`id`, `media_type_id`, `user_id`, `body`, `filename`, `size`, `metadata`, `created_at`, `updated_at`) VALUES ('32', '2', '32', 'Excepturi ullam impedit nostrum dolores tempora. Nemo omnis odio cupiditate quos quia perspiciatis est. Qui dolores doloribus est ipsam occaecati illum repudiandae. Provident qui excepturi dicta.', 'aut', 4420147, NULL, '2007-11-01 20:37:38', '1970-02-20 07:51:46');
INSERT INTO `media` (`id`, `media_type_id`, `user_id`, `body`, `filename`, `size`, `metadata`, `created_at`, `updated_at`) VALUES ('33', '3', '33', 'Quasi voluptate nisi omnis nemo animi. Dignissimos quaerat libero ipsa consequatur corrupti vel officia. Officiis distinctio recusandae non quibusdam assumenda. Iure est facilis et occaecati non dicta dolorem.', 'et', 3658904, NULL, '2006-03-12 05:44:26', '1978-01-22 23:14:41');
INSERT INTO `media` (`id`, `media_type_id`, `user_id`, `body`, `filename`, `size`, `metadata`, `created_at`, `updated_at`) VALUES ('34', '4', '34', 'Quo cupiditate hic sed excepturi quis qui. Suscipit rerum aspernatur fuga corporis sunt quibusdam velit debitis. Ut et voluptas illum. Non molestiae et suscipit minima quia animi occaecati.', 'dolor', 23686946, NULL, '1970-06-07 14:51:22', '2007-01-28 10:39:27');
INSERT INTO `media` (`id`, `media_type_id`, `user_id`, `body`, `filename`, `size`, `metadata`, `created_at`, `updated_at`) VALUES ('35', '5', '35', 'Qui amet reiciendis rerum repellat. Ea nihil asperiores et excepturi. Cum soluta dolorum iusto ut.', 'aut', 72771267, NULL, '2017-08-19 08:08:46', '1988-10-17 01:02:48');
INSERT INTO `media` (`id`, `media_type_id`, `user_id`, `body`, `filename`, `size`, `metadata`, `created_at`, `updated_at`) VALUES ('36', '6', '36', 'Atque et aut vel modi voluptatum. Quo repellat quod autem odit temporibus. Voluptates sed dolorem et.', 'dolorum', 0, NULL, '1989-04-11 12:11:02', '2009-07-25 02:43:33');
INSERT INTO `media` (`id`, `media_type_id`, `user_id`, `body`, `filename`, `size`, `metadata`, `created_at`, `updated_at`) VALUES ('37', '7', '37', 'Harum perspiciatis est nihil. Earum alias ut repellat illum autem inventore autem nesciunt. Error laudantium voluptatem alias enim et. Asperiores aut id officia ab aperiam repudiandae.', 'quo', 730125, NULL, '2004-10-01 23:20:50', '1984-08-22 08:51:34');
INSERT INTO `media` (`id`, `media_type_id`, `user_id`, `body`, `filename`, `size`, `metadata`, `created_at`, `updated_at`) VALUES ('38', '8', '38', 'Assumenda eos inventore rerum voluptate velit. Quis excepturi labore qui rerum et doloremque. Earum fugiat quis ad ut dolorem veniam facere nihil.', 'odio', 6184954, NULL, '1999-08-02 16:57:25', '1990-08-13 06:51:43');
INSERT INTO `media` (`id`, `media_type_id`, `user_id`, `body`, `filename`, `size`, `metadata`, `created_at`, `updated_at`) VALUES ('39', '9', '39', 'Dolorum qui dolorem necessitatibus est quia. Enim quis tenetur sunt debitis non in culpa ad. Et omnis est nobis voluptas corporis. Doloribus repellendus dolores quibusdam perferendis est ea.', 'eius', 5923, NULL, '2018-11-17 16:15:03', '1998-11-01 01:16:42');
INSERT INTO `media` (`id`, `media_type_id`, `user_id`, `body`, `filename`, `size`, `metadata`, `created_at`, `updated_at`) VALUES ('40', '10', '40', 'Repudiandae dolorem sit recusandae aut. Ut exercitationem tempore molestiae. Quam ab eos commodi laboriosam. Odio dolore aut nam asperiores et deserunt dolores.', 'nobis', 769434, NULL, '2017-08-22 18:00:24', '1986-11-22 22:27:59');
INSERT INTO `media` (`id`, `media_type_id`, `user_id`, `body`, `filename`, `size`, `metadata`, `created_at`, `updated_at`) VALUES ('41', '1', '41', 'A eum voluptates eos cupiditate voluptas ipsam culpa. Nisi eveniet est sint et quaerat. Sint perferendis sint molestiae. Nihil expedita consectetur molestias nihil.', 'nam', 0, NULL, '2008-07-19 10:09:32', '1980-01-16 09:32:58');
INSERT INTO `media` (`id`, `media_type_id`, `user_id`, `body`, `filename`, `size`, `metadata`, `created_at`, `updated_at`) VALUES ('42', '2', '42', 'Qui incidunt dolores doloremque est voluptate aut. Necessitatibus atque voluptatem libero. At et doloremque tenetur explicabo dolores.', 'sapiente', 295, NULL, '1979-12-31 10:24:48', '1989-02-23 06:40:05');
INSERT INTO `media` (`id`, `media_type_id`, `user_id`, `body`, `filename`, `size`, `metadata`, `created_at`, `updated_at`) VALUES ('43', '3', '43', 'Excepturi numquam fugiat non aut doloribus aspernatur dicta. Labore omnis id sit voluptatem. Velit consequuntur et atque aut maxime quas.', 'odio', 14, NULL, '2008-09-10 01:08:26', '1985-05-02 07:56:58');
INSERT INTO `media` (`id`, `media_type_id`, `user_id`, `body`, `filename`, `size`, `metadata`, `created_at`, `updated_at`) VALUES ('44', '4', '44', 'Adipisci molestiae iusto non et et ut. Ut optio maiores nihil atque animi perspiciatis aut. Qui culpa neque voluptatem quas aut impedit ab delectus.', 'nam', 4456, NULL, '2006-02-08 18:58:28', '2006-04-10 11:38:35');
INSERT INTO `media` (`id`, `media_type_id`, `user_id`, `body`, `filename`, `size`, `metadata`, `created_at`, `updated_at`) VALUES ('45', '5', '45', 'Qui numquam velit et expedita quia. Aspernatur nihil molestiae quidem sunt aut.', 'deserunt', 1, NULL, '1989-03-09 02:01:24', '2017-06-01 06:29:10');
INSERT INTO `media` (`id`, `media_type_id`, `user_id`, `body`, `filename`, `size`, `metadata`, `created_at`, `updated_at`) VALUES ('46', '6', '46', 'Ab modi rem doloribus id omnis. Tenetur ad nisi aut. Eum amet doloribus consequatur laborum quia non nobis.', 'reprehenderit', 860801, NULL, '1992-07-01 17:10:52', '2008-12-31 14:32:47');
INSERT INTO `media` (`id`, `media_type_id`, `user_id`, `body`, `filename`, `size`, `metadata`, `created_at`, `updated_at`) VALUES ('47', '7', '47', 'Et aut qui labore molestiae veritatis. Dolores ut aliquid dolor quo saepe sit totam. Sit rerum voluptas voluptatibus. Quisquam repellendus et ad. Facere voluptas beatae voluptas hic sit autem eum.', 'vel', 0, NULL, '2004-12-13 12:41:53', '1992-12-24 09:15:55');
INSERT INTO `media` (`id`, `media_type_id`, `user_id`, `body`, `filename`, `size`, `metadata`, `created_at`, `updated_at`) VALUES ('48', '8', '48', 'Laborum et odio aut. Nihil et eligendi rerum tempora voluptas officiis quia. Possimus maxime et quidem aut ipsa. Voluptas iure facilis voluptatem ullam autem non inventore.', 'ut', 17, NULL, '1978-07-01 15:54:46', '1999-10-25 08:28:18');
INSERT INTO `media` (`id`, `media_type_id`, `user_id`, `body`, `filename`, `size`, `metadata`, `created_at`, `updated_at`) VALUES ('49', '9', '49', 'Non et fugit aperiam rerum sit eaque. Voluptas possimus ea saepe qui impedit. Velit nemo hic et magnam eligendi ex similique. Sit fuga fuga aut error repellat excepturi dolorem.', 'sed', 452136, NULL, '2010-12-09 17:14:10', '1984-01-18 09:25:35');
INSERT INTO `media` (`id`, `media_type_id`, `user_id`, `body`, `filename`, `size`, `metadata`, `created_at`, `updated_at`) VALUES ('50', '10', '50', 'Distinctio laudantium quis eos harum excepturi eaque est soluta. Assumenda quaerat voluptate aut enim modi totam. Ad odit mollitia libero eius. Quis quia ducimus dolorum et. Et quibusdam iure magnam expedita quaerat.', 'dolores', 179216870, NULL, '1984-01-06 05:44:25', '2000-05-15 13:19:28');
INSERT INTO `media` (`id`, `media_type_id`, `user_id`, `body`, `filename`, `size`, `metadata`, `created_at`, `updated_at`) VALUES ('51', '1', '51', 'Tenetur qui et quo enim unde nihil. Sapiente soluta quas aut amet necessitatibus ut et nobis. Fugiat error dolor fuga qui ullam magni.', 'ea', 6, NULL, '1973-09-06 00:43:44', '1985-09-28 18:27:41');
INSERT INTO `media` (`id`, `media_type_id`, `user_id`, `body`, `filename`, `size`, `metadata`, `created_at`, `updated_at`) VALUES ('52', '2', '52', 'Odit qui doloremque saepe aut est illo repellendus architecto. Voluptates aspernatur consequatur odio magni provident omnis. Fugit qui sit fugiat ut. Repellat qui numquam sunt ipsam architecto.', 'libero', 0, NULL, '1984-02-22 22:23:55', '1997-02-13 03:20:14');
INSERT INTO `media` (`id`, `media_type_id`, `user_id`, `body`, `filename`, `size`, `metadata`, `created_at`, `updated_at`) VALUES ('53', '3', '53', 'Ea ex explicabo quis. Dolorem quo doloribus mollitia sed eum tempore illo. Possimus odit eos aspernatur minima velit quaerat facere reprehenderit.', 'similique', 749, NULL, '2018-03-26 05:18:17', '1974-05-03 17:33:31');
INSERT INTO `media` (`id`, `media_type_id`, `user_id`, `body`, `filename`, `size`, `metadata`, `created_at`, `updated_at`) VALUES ('54', '4', '54', 'Dignissimos beatae esse quis consequatur libero earum. Rerum unde ut aspernatur iusto.', 'maiores', 9, NULL, '2012-07-11 14:59:33', '2016-01-26 11:22:36');
INSERT INTO `media` (`id`, `media_type_id`, `user_id`, `body`, `filename`, `size`, `metadata`, `created_at`, `updated_at`) VALUES ('55', '5', '55', 'Unde aperiam eligendi incidunt id et natus incidunt. Voluptatum dolores quia alias cumque. Minima omnis quis magni beatae modi ex occaecati. Quis maiores et modi.', 'beatae', 0, NULL, '1996-06-05 14:58:10', '2008-03-10 18:35:05');
INSERT INTO `media` (`id`, `media_type_id`, `user_id`, `body`, `filename`, `size`, `metadata`, `created_at`, `updated_at`) VALUES ('56', '6', '56', 'Veniam consequuntur est quas eveniet dolores. Dolore ipsa enim molestiae omnis aut consectetur delectus consequuntur. Temporibus consequuntur laboriosam veritatis et modi dolor sapiente. Repellendus non reiciendis ducimus dicta iusto.', 'voluptatibus', 6640, NULL, '2018-07-29 17:01:52', '1997-11-03 07:09:31');
INSERT INTO `media` (`id`, `media_type_id`, `user_id`, `body`, `filename`, `size`, `metadata`, `created_at`, `updated_at`) VALUES ('57', '7', '57', 'Aut eligendi odit et ut quia. Et molestiae nesciunt libero esse incidunt quidem. Ea rerum ipsa ut ut aperiam quas. Quos quia quis quia modi.', 'excepturi', 340, NULL, '2004-11-18 06:08:36', '2014-01-24 00:37:28');
INSERT INTO `media` (`id`, `media_type_id`, `user_id`, `body`, `filename`, `size`, `metadata`, `created_at`, `updated_at`) VALUES ('58', '8', '58', 'Laudantium beatae qui aut. Voluptatibus omnis sequi et ipsam et quia. Ipsum minus mollitia nihil officiis ex.', 'est', 71823835, NULL, '2020-03-24 12:18:01', '2021-07-05 17:09:29');
INSERT INTO `media` (`id`, `media_type_id`, `user_id`, `body`, `filename`, `size`, `metadata`, `created_at`, `updated_at`) VALUES ('59', '9', '59', 'Rerum voluptas quasi ratione ipsum. Accusantium hic tempora voluptatum. Voluptatem omnis architecto voluptates animi odit dolor nam. Et voluptatem qui et cupiditate incidunt.', 'omnis', 0, NULL, '1988-01-24 21:21:50', '2016-12-08 08:19:37');
INSERT INTO `media` (`id`, `media_type_id`, `user_id`, `body`, `filename`, `size`, `metadata`, `created_at`, `updated_at`) VALUES ('60', '10', '60', 'Nulla adipisci aspernatur voluptatibus harum explicabo error. Doloremque quia eius reiciendis quidem repellendus maiores dicta tempora. Voluptatem sunt veniam veritatis. Unde magnam nostrum sed nam consequatur. Et quae consectetur tempore maxime quia sunt repellendus.', 'expedita', 1513, NULL, '2000-10-18 07:36:34', '2018-01-15 11:42:15');
INSERT INTO `media` (`id`, `media_type_id`, `user_id`, `body`, `filename`, `size`, `metadata`, `created_at`, `updated_at`) VALUES ('61', '1', '61', 'Iusto id nesciunt repellendus facilis voluptatem quam. Laudantium et atque dolores corporis.', 'sit', 6456, NULL, '1989-07-28 20:32:00', '1980-04-29 07:07:44');
INSERT INTO `media` (`id`, `media_type_id`, `user_id`, `body`, `filename`, `size`, `metadata`, `created_at`, `updated_at`) VALUES ('62', '2', '62', 'Quo voluptatem dolores et eos. Tempore dolorum laboriosam possimus consectetur nihil enim nesciunt. Beatae adipisci voluptas voluptas sed.', 'itaque', 234883962, NULL, '1970-08-07 16:16:01', '2002-03-03 17:27:51');
INSERT INTO `media` (`id`, `media_type_id`, `user_id`, `body`, `filename`, `size`, `metadata`, `created_at`, `updated_at`) VALUES ('63', '3', '63', 'Ea odio voluptatem qui unde ut reprehenderit. Qui ratione inventore quia quia commodi rem praesentium.', 'earum', 65954, NULL, '2008-02-05 04:19:06', '2013-07-17 01:47:36');
INSERT INTO `media` (`id`, `media_type_id`, `user_id`, `body`, `filename`, `size`, `metadata`, `created_at`, `updated_at`) VALUES ('64', '4', '64', 'Cum tenetur quis culpa aliquam. Iste odio quia voluptates est officia. Et et et qui et fugit enim. Necessitatibus et molestiae quia quas consequatur enim nobis.', 'nam', 9449, NULL, '1984-03-25 17:15:13', '1979-06-17 17:01:00');
INSERT INTO `media` (`id`, `media_type_id`, `user_id`, `body`, `filename`, `size`, `metadata`, `created_at`, `updated_at`) VALUES ('65', '5', '65', 'Qui numquam aut et ipsa ab. Enim sit cupiditate aliquid expedita qui veniam quae. Ipsa molestiae a omnis qui. Labore sequi velit rerum voluptas.', 'sapiente', 216, NULL, '1984-11-24 23:04:46', '1988-05-28 04:06:32');
INSERT INTO `media` (`id`, `media_type_id`, `user_id`, `body`, `filename`, `size`, `metadata`, `created_at`, `updated_at`) VALUES ('66', '6', '66', 'Quo quis quia doloribus blanditiis sapiente repellat voluptates. Quo non aut praesentium placeat omnis praesentium. Autem et optio eos expedita dolore et. Maiores in molestiae eos beatae. Repellat dolores perspiciatis voluptates impedit maiores repellat amet.', 'officia', 1, NULL, '1996-02-05 14:55:07', '1991-04-07 18:41:48');
INSERT INTO `media` (`id`, `media_type_id`, `user_id`, `body`, `filename`, `size`, `metadata`, `created_at`, `updated_at`) VALUES ('67', '7', '67', 'Ratione rerum asperiores dolores sapiente enim et. Nostrum numquam earum eaque eligendi aut omnis. Sed sunt saepe omnis quas.', 'aspernatur', 0, NULL, '1977-05-21 02:31:36', '2013-05-07 04:41:30');
INSERT INTO `media` (`id`, `media_type_id`, `user_id`, `body`, `filename`, `size`, `metadata`, `created_at`, `updated_at`) VALUES ('68', '8', '68', 'Itaque quas quaerat a et dicta quasi ea tempore. Fugit consequatur repudiandae consectetur alias eum eum laborum deserunt. Natus qui veritatis sint.', 'voluptas', 1605617, NULL, '1984-01-06 09:32:56', '1986-09-22 09:39:42');
INSERT INTO `media` (`id`, `media_type_id`, `user_id`, `body`, `filename`, `size`, `metadata`, `created_at`, `updated_at`) VALUES ('69', '9', '69', 'Adipisci ab adipisci nobis eveniet reprehenderit. Praesentium ea rerum non debitis molestiae et est. Rerum et dignissimos commodi id dolorem. Ab soluta optio excepturi velit ut dicta distinctio.', 'perferendis', 459013973, NULL, '2021-03-24 02:33:14', '1980-07-25 05:07:35');
INSERT INTO `media` (`id`, `media_type_id`, `user_id`, `body`, `filename`, `size`, `metadata`, `created_at`, `updated_at`) VALUES ('70', '10', '70', 'Beatae id quibusdam architecto consequatur. Voluptatem quam sint dolores nulla in qui.', 'temporibus', 2379965, NULL, '2012-05-05 00:01:01', '1987-08-27 22:42:21');
INSERT INTO `media` (`id`, `media_type_id`, `user_id`, `body`, `filename`, `size`, `metadata`, `created_at`, `updated_at`) VALUES ('71', '1', '71', 'Sed repellendus consequatur cum quidem iure ut qui. Odit commodi doloremque inventore earum natus non ex. Non harum minima adipisci et necessitatibus enim assumenda.', 'illum', 0, NULL, '2020-01-05 04:55:19', '2013-01-25 08:48:03');
INSERT INTO `media` (`id`, `media_type_id`, `user_id`, `body`, `filename`, `size`, `metadata`, `created_at`, `updated_at`) VALUES ('72', '2', '72', 'Molestiae et rerum laborum mollitia consequatur sed aut. Tempora asperiores sed quam quos numquam deleniti amet. Et sunt aspernatur est praesentium. Recusandae aspernatur aut iusto deserunt deleniti.', 'provident', 5872, NULL, '1994-01-04 06:40:44', '1995-02-10 15:04:15');
INSERT INTO `media` (`id`, `media_type_id`, `user_id`, `body`, `filename`, `size`, `metadata`, `created_at`, `updated_at`) VALUES ('73', '3', '73', 'Ad atque sunt et repellendus in. Eum ut quibusdam aut reiciendis ipsa ab. Alias aut odio ut consequuntur.', 'et', 34790, NULL, '1982-05-31 11:44:31', '2015-07-29 07:03:54');
INSERT INTO `media` (`id`, `media_type_id`, `user_id`, `body`, `filename`, `size`, `metadata`, `created_at`, `updated_at`) VALUES ('74', '4', '74', 'Incidunt aut et illo omnis. Et sed aut voluptatem voluptatem eligendi. Officiis mollitia aut dolor excepturi sit.', 'adipisci', 13378, NULL, '1984-03-02 01:00:22', '2009-11-23 11:10:00');
INSERT INTO `media` (`id`, `media_type_id`, `user_id`, `body`, `filename`, `size`, `metadata`, `created_at`, `updated_at`) VALUES ('75', '5', '75', 'Qui porro corporis quas voluptatem. Itaque commodi id fuga voluptatem debitis quo accusantium. Ratione quae beatae voluptatem laborum.', 'voluptates', 1449442, NULL, '2011-04-21 00:47:38', '1996-08-28 04:58:27');
INSERT INTO `media` (`id`, `media_type_id`, `user_id`, `body`, `filename`, `size`, `metadata`, `created_at`, `updated_at`) VALUES ('76', '6', '76', 'Voluptas veritatis porro quis dolorum. Rem id sed in velit nobis. Voluptas occaecati molestiae ut dolores culpa. Suscipit aut repudiandae laudantium sed iste.', 'ad', 4357, NULL, '2011-08-08 00:55:49', '1983-05-26 12:12:55');
INSERT INTO `media` (`id`, `media_type_id`, `user_id`, `body`, `filename`, `size`, `metadata`, `created_at`, `updated_at`) VALUES ('77', '7', '77', 'Ipsum enim atque et doloribus sed sunt saepe. Enim sint culpa incidunt dignissimos voluptas vel. Deserunt aliquid quibusdam qui omnis cum totam nihil. Magni ipsa porro et cupiditate quis omnis.', 'labore', 396277, NULL, '2017-07-22 06:27:49', '1991-04-15 18:36:59');
INSERT INTO `media` (`id`, `media_type_id`, `user_id`, `body`, `filename`, `size`, `metadata`, `created_at`, `updated_at`) VALUES ('78', '8', '78', 'Dolorem cum aut sapiente autem. Debitis eveniet quis et vero recusandae. Labore ipsum sunt aliquam maiores quis unde libero porro.', 'ipsa', 263585015, NULL, '2006-11-19 06:55:04', '2013-05-22 17:19:52');
INSERT INTO `media` (`id`, `media_type_id`, `user_id`, `body`, `filename`, `size`, `metadata`, `created_at`, `updated_at`) VALUES ('79', '9', '79', 'Magnam expedita voluptates enim dolor enim id et veniam. Quasi dolor nemo velit. Est maiores eveniet quod rem id necessitatibus modi.', 'et', 2, NULL, '1998-05-22 19:16:15', '1985-05-31 13:08:45');
INSERT INTO `media` (`id`, `media_type_id`, `user_id`, `body`, `filename`, `size`, `metadata`, `created_at`, `updated_at`) VALUES ('80', '10', '80', 'Maxime dignissimos aspernatur minus cumque porro dolor natus neque. Omnis aspernatur et ab nihil quas.', 'et', 46227, NULL, '2020-11-07 12:42:10', '1984-09-08 02:23:15');
INSERT INTO `media` (`id`, `media_type_id`, `user_id`, `body`, `filename`, `size`, `metadata`, `created_at`, `updated_at`) VALUES ('81', '1', '81', 'Omnis est laborum modi aspernatur. Animi autem sint temporibus sequi blanditiis doloremque. At porro esse magnam est id.', 'repellendus', 1032, NULL, '1991-06-30 20:37:28', '2013-07-24 15:32:36');
INSERT INTO `media` (`id`, `media_type_id`, `user_id`, `body`, `filename`, `size`, `metadata`, `created_at`, `updated_at`) VALUES ('82', '2', '82', 'Ut architecto qui et atque error magnam. Quod similique ullam maiores nihil itaque. Ullam dolor consequatur sunt est molestiae autem rerum.', 'nesciunt', 418, NULL, '2009-01-10 19:47:23', '1997-07-03 00:05:52');
INSERT INTO `media` (`id`, `media_type_id`, `user_id`, `body`, `filename`, `size`, `metadata`, `created_at`, `updated_at`) VALUES ('83', '3', '83', 'Et sunt aut sunt vitae est. Atque ipsam est est architecto veritatis rem. Molestiae voluptas dolorum sit nihil quidem mollitia. Quidem rerum dolorem et minus.', 'itaque', 13425119, NULL, '2010-02-15 12:42:05', '1973-01-30 18:46:39');
INSERT INTO `media` (`id`, `media_type_id`, `user_id`, `body`, `filename`, `size`, `metadata`, `created_at`, `updated_at`) VALUES ('84', '4', '84', 'Voluptatem aut sunt distinctio accusamus officiis omnis vitae. Enim laborum numquam praesentium. Dolorem iure aut quia sit labore. Rerum praesentium doloribus maxime odit illum magni omnis facilis. Quae quis aliquid nulla animi vel voluptatibus.', 'impedit', 18, NULL, '1995-09-27 05:00:14', '1975-04-19 05:36:08');
INSERT INTO `media` (`id`, `media_type_id`, `user_id`, `body`, `filename`, `size`, `metadata`, `created_at`, `updated_at`) VALUES ('85', '5', '85', 'Optio et non qui nihil. Enim autem consequatur fugiat sit dicta quod fugiat. Et velit nobis commodi sapiente.', 'nihil', 2, NULL, '1996-07-14 05:04:09', '1995-08-15 04:14:25');
INSERT INTO `media` (`id`, `media_type_id`, `user_id`, `body`, `filename`, `size`, `metadata`, `created_at`, `updated_at`) VALUES ('86', '6', '86', 'Sed incidunt voluptatibus alias hic sapiente molestiae sapiente. Reprehenderit libero explicabo amet odio id commodi. Eligendi sapiente iste molestiae qui in repellat totam. Quae debitis dignissimos odio quo.', 'facere', 18818, NULL, '1975-10-09 01:44:26', '1983-08-09 20:30:27');
INSERT INTO `media` (`id`, `media_type_id`, `user_id`, `body`, `filename`, `size`, `metadata`, `created_at`, `updated_at`) VALUES ('87', '7', '87', 'Harum omnis sed laudantium consequatur id non. Nihil nisi illum eum. Similique at quibusdam quia voluptas hic nostrum. Praesentium quae id et officiis beatae itaque magnam.', 'ratione', 32361, NULL, '1993-03-22 08:20:54', '2016-11-22 19:03:05');
INSERT INTO `media` (`id`, `media_type_id`, `user_id`, `body`, `filename`, `size`, `metadata`, `created_at`, `updated_at`) VALUES ('88', '8', '88', 'Voluptatem ut aperiam incidunt. Praesentium quo non in ea sint. Omnis culpa et officia iste culpa placeat nihil. Ut voluptatem laborum natus officiis rerum possimus aspernatur in. Sapiente libero voluptatibus qui libero voluptas occaecati.', 'ex', 4277305, NULL, '2004-07-30 03:31:25', '2000-06-15 04:46:50');
INSERT INTO `media` (`id`, `media_type_id`, `user_id`, `body`, `filename`, `size`, `metadata`, `created_at`, `updated_at`) VALUES ('89', '9', '89', 'Consectetur eaque consequatur fuga fuga voluptates dolorem. Totam excepturi ex nobis dolorem eveniet dolor.', 'molestias', 9540743, NULL, '1989-10-26 10:00:35', '1988-07-13 03:26:12');
INSERT INTO `media` (`id`, `media_type_id`, `user_id`, `body`, `filename`, `size`, `metadata`, `created_at`, `updated_at`) VALUES ('90', '10', '90', 'Culpa ab provident ea tempore enim. Eaque facere harum accusantium accusantium. Suscipit omnis deserunt dolor a beatae odit.', 'numquam', 620521, NULL, '2019-11-22 02:15:35', '2017-08-31 06:11:34');
INSERT INTO `media` (`id`, `media_type_id`, `user_id`, `body`, `filename`, `size`, `metadata`, `created_at`, `updated_at`) VALUES ('91', '1', '91', 'Consectetur accusantium eum et officia aliquam error officiis velit. Rerum qui et qui eius. Neque et consectetur officiis aut dolorem. Minima est nesciunt ut occaecati sed rerum qui molestiae.', 'illo', 6455343, NULL, '2001-01-05 15:22:45', '2001-02-15 03:36:41');
INSERT INTO `media` (`id`, `media_type_id`, `user_id`, `body`, `filename`, `size`, `metadata`, `created_at`, `updated_at`) VALUES ('92', '2', '92', 'Ut eos quas nostrum sunt rerum pariatur. Sunt omnis assumenda vel doloremque. Soluta veritatis ad eius aliquam alias temporibus.', 'sequi', 352, NULL, '1998-10-07 10:25:52', '1980-11-29 18:34:36');
INSERT INTO `media` (`id`, `media_type_id`, `user_id`, `body`, `filename`, `size`, `metadata`, `created_at`, `updated_at`) VALUES ('93', '3', '93', 'Dignissimos et quas vel et nisi omnis quidem. Enim quidem officiis ex ut in. Et eum molestias aperiam possimus itaque. Rerum et autem similique fuga.', 'commodi', 8066, NULL, '1992-08-14 22:00:57', '1984-04-23 14:32:11');
INSERT INTO `media` (`id`, `media_type_id`, `user_id`, `body`, `filename`, `size`, `metadata`, `created_at`, `updated_at`) VALUES ('94', '4', '94', 'Ut id repellat rerum laudantium et quos enim. Ut tempora quia tempore eius. Sit et sint aut sunt non rerum ab.', 'id', 581, NULL, '2007-12-23 20:40:18', '1979-12-21 20:54:56');
INSERT INTO `media` (`id`, `media_type_id`, `user_id`, `body`, `filename`, `size`, `metadata`, `created_at`, `updated_at`) VALUES ('95', '5', '95', 'Repudiandae voluptatum inventore distinctio minima laboriosam. Veritatis quas molestias quia. Non expedita voluptatem deserunt pariatur distinctio. Enim distinctio sed modi adipisci quae nostrum sunt.', 'esse', 543519, NULL, '1970-07-28 14:14:56', '1998-04-06 00:30:09');
INSERT INTO `media` (`id`, `media_type_id`, `user_id`, `body`, `filename`, `size`, `metadata`, `created_at`, `updated_at`) VALUES ('96', '6', '96', 'Eaque repellendus in nobis recusandae aut. Nihil officia repellendus sed. Deleniti sunt minima ratione iure et a. Voluptates aut eius eveniet itaque eum sit.', 'rem', 0, NULL, '2005-01-09 09:49:58', '1984-10-15 03:05:58');
INSERT INTO `media` (`id`, `media_type_id`, `user_id`, `body`, `filename`, `size`, `metadata`, `created_at`, `updated_at`) VALUES ('97', '7', '97', 'Earum unde doloribus veniam sit sint rerum. Et ut omnis quis voluptate aliquam. Recusandae blanditiis consequatur voluptas. Et autem beatae exercitationem sapiente omnis.', 'expedita', 1780, NULL, '1975-04-13 16:21:24', '1983-08-15 14:12:48');
INSERT INTO `media` (`id`, `media_type_id`, `user_id`, `body`, `filename`, `size`, `metadata`, `created_at`, `updated_at`) VALUES ('98', '8', '98', 'Voluptate ex doloribus et nihil. Ex quidem ipsum ut enim. Blanditiis suscipit voluptas exercitationem cum. Provident magnam voluptas sapiente sit vel.', 'odio', 149335, NULL, '1981-02-15 04:21:08', '2018-08-18 22:40:22');
INSERT INTO `media` (`id`, `media_type_id`, `user_id`, `body`, `filename`, `size`, `metadata`, `created_at`, `updated_at`) VALUES ('99', '9', '99', 'Fugiat libero unde et vel qui aut perspiciatis et. Iusto occaecati quia sit non. Velit eos qui ut aut.', 'ab', 4252, NULL, '2005-08-13 08:23:55', '2002-04-26 02:32:41');
INSERT INTO `media` (`id`, `media_type_id`, `user_id`, `body`, `filename`, `size`, `metadata`, `created_at`, `updated_at`) VALUES ('100', '10', '100', 'Et maxime aliquam quia ea aut quae voluptates esse. In eveniet animi voluptas ad. Et sunt accusamus consequatur repellendus odit reiciendis amet. Officiis nemo deserunt et. Aut sapiente qui quaerat enim.', 'aspernatur', 37016616, NULL, '1990-02-24 15:15:36', '1998-08-08 08:02:04');
INSERT INTO `media` (`id`, `media_type_id`, `user_id`, `body`, `filename`, `size`, `metadata`, `created_at`, `updated_at`) VALUES ('101', '1', '101', 'Eum eum qui assumenda vel blanditiis nostrum quo. Blanditiis libero aut adipisci consequatur illum. Consequuntur voluptatum molestiae autem quas necessitatibus voluptatem dignissimos odio. Non optio ut accusantium earum. Fugit doloremque autem quidem consequatur incidunt suscipit ad ut.', 'perspiciatis', 6567, NULL, '1973-11-19 06:31:38', '2005-10-07 19:15:54');
INSERT INTO `media` (`id`, `media_type_id`, `user_id`, `body`, `filename`, `size`, `metadata`, `created_at`, `updated_at`) VALUES ('102', '2', '102', 'Delectus eligendi cum magnam quam voluptatibus. Corporis quo quibusdam eos laborum qui et qui. Praesentium neque velit dolor perferendis mollitia minus.', 'et', 69535, NULL, '2004-04-30 06:56:40', '1992-03-26 12:43:00');
INSERT INTO `media` (`id`, `media_type_id`, `user_id`, `body`, `filename`, `size`, `metadata`, `created_at`, `updated_at`) VALUES ('103', '3', '103', 'Necessitatibus laborum nam placeat aut neque ut. Alias recusandae aut beatae doloribus sit. Praesentium ut itaque libero et deleniti.', 'quis', 152, NULL, '2010-01-14 03:07:45', '2002-04-23 22:29:09');
INSERT INTO `media` (`id`, `media_type_id`, `user_id`, `body`, `filename`, `size`, `metadata`, `created_at`, `updated_at`) VALUES ('104', '4', '104', 'Blanditiis labore dolorum totam non aperiam omnis facilis. Natus consequatur perferendis ea laboriosam. Quo facere aspernatur natus quia unde sed.', 'fugit', 2178839, NULL, '1989-12-20 07:47:24', '1999-04-13 04:55:21');
INSERT INTO `media` (`id`, `media_type_id`, `user_id`, `body`, `filename`, `size`, `metadata`, `created_at`, `updated_at`) VALUES ('105', '5', '105', 'Expedita cupiditate illo qui et est ipsum vel. Repellendus alias nihil dicta dolor et. Alias aut quisquam dolorum explicabo ut doloribus.', 'eaque', 30429, NULL, '1972-08-24 11:25:03', '1983-10-23 16:56:03');
INSERT INTO `media` (`id`, `media_type_id`, `user_id`, `body`, `filename`, `size`, `metadata`, `created_at`, `updated_at`) VALUES ('106', '6', '106', 'Et quo aspernatur rerum velit laborum et dolorum. Voluptatem nihil corrupti ducimus aut. Et vitae quam qui pariatur consequatur est voluptatem. Odit facilis tempora perspiciatis hic at ut aliquam. Maiores ipsam et ut quae ut id.', 'est', 6, NULL, '1980-01-10 07:25:08', '1986-06-27 05:45:25');
INSERT INTO `media` (`id`, `media_type_id`, `user_id`, `body`, `filename`, `size`, `metadata`, `created_at`, `updated_at`) VALUES ('107', '7', '107', 'Sit dignissimos exercitationem sit maxime voluptate. Provident et necessitatibus quis et officiis. Provident laboriosam at inventore possimus ut consequatur et.', 'repudiandae', 51732543, NULL, '2017-06-21 21:00:15', '1989-04-26 09:17:33');
INSERT INTO `media` (`id`, `media_type_id`, `user_id`, `body`, `filename`, `size`, `metadata`, `created_at`, `updated_at`) VALUES ('108', '8', '108', 'Officiis et rerum fugit ad. Velit commodi corrupti fugiat enim.', 'aut', 4, NULL, '1995-03-25 11:36:53', '1975-11-23 04:03:41');
INSERT INTO `media` (`id`, `media_type_id`, `user_id`, `body`, `filename`, `size`, `metadata`, `created_at`, `updated_at`) VALUES ('109', '9', '109', 'Incidunt at itaque et ratione nihil et ut. Illum est asperiores dignissimos quo.', 'omnis', 65601201, NULL, '1984-12-27 00:11:11', '1975-04-11 02:56:11');
INSERT INTO `media` (`id`, `media_type_id`, `user_id`, `body`, `filename`, `size`, `metadata`, `created_at`, `updated_at`) VALUES ('110', '10', '110', 'Dolorem veritatis enim ut cumque. Nostrum fuga iure aut ipsa. Consequatur aperiam molestiae perferendis nulla rerum omnis nam. Cupiditate quam aliquam provident ut et sit.', 'ad', 514576, NULL, '2019-11-10 10:18:58', '1993-07-06 11:58:24');
INSERT INTO `media` (`id`, `media_type_id`, `user_id`, `body`, `filename`, `size`, `metadata`, `created_at`, `updated_at`) VALUES ('111', '1', '111', 'Accusantium quia maiores pariatur debitis tempore reiciendis velit adipisci. Suscipit totam dignissimos est reiciendis sit quas alias voluptas. Quaerat corrupti enim et cumque consequatur alias consequatur molestias.', 'et', 2433, NULL, '1992-02-13 00:03:50', '1989-12-30 04:24:36');
INSERT INTO `media` (`id`, `media_type_id`, `user_id`, `body`, `filename`, `size`, `metadata`, `created_at`, `updated_at`) VALUES ('112', '2', '112', 'Eveniet ullam in saepe cupiditate quasi eos officiis. Eos consequuntur ipsam accusantium ut. Velit incidunt fugiat iusto recusandae dolores rerum minima. Sunt delectus labore vel. A qui ut hic qui deserunt debitis.', 'dolor', 0, NULL, '2020-07-30 22:33:16', '1984-11-21 09:49:12');
INSERT INTO `media` (`id`, `media_type_id`, `user_id`, `body`, `filename`, `size`, `metadata`, `created_at`, `updated_at`) VALUES ('113', '3', '113', 'Ab illum dolorem modi suscipit. Eos quas nisi id quia.', 'in', 1274060, NULL, '2006-12-24 21:29:35', '1994-01-21 12:31:09');
INSERT INTO `media` (`id`, `media_type_id`, `user_id`, `body`, `filename`, `size`, `metadata`, `created_at`, `updated_at`) VALUES ('114', '4', '114', 'Assumenda suscipit occaecati nesciunt debitis dolorum omnis. Est est perspiciatis qui facilis quia. Assumenda et nam deserunt ipsa sed rerum recusandae.', 'et', 437, NULL, '2006-08-21 06:17:15', '2010-12-31 16:25:25');
INSERT INTO `media` (`id`, `media_type_id`, `user_id`, `body`, `filename`, `size`, `metadata`, `created_at`, `updated_at`) VALUES ('115', '5', '115', 'Sit eius porro deserunt inventore. Nulla reprehenderit reiciendis repudiandae. Amet officiis aut excepturi.', 'eveniet', 785, NULL, '2012-12-28 11:27:51', '1995-08-26 13:59:33');
INSERT INTO `media` (`id`, `media_type_id`, `user_id`, `body`, `filename`, `size`, `metadata`, `created_at`, `updated_at`) VALUES ('116', '6', '116', 'Quia tempore sapiente est aspernatur accusamus asperiores. Fugit qui sit est occaecati ut. Quisquam voluptas aliquam natus at sint architecto et fugiat. Molestiae quas quisquam soluta vitae hic esse soluta.', 'aspernatur', 51115, NULL, '1974-06-29 14:19:42', '1987-04-13 23:42:45');
INSERT INTO `media` (`id`, `media_type_id`, `user_id`, `body`, `filename`, `size`, `metadata`, `created_at`, `updated_at`) VALUES ('117', '7', '117', 'Accusamus tenetur deleniti repellendus eos eius. Qui animi sint iure quasi doloribus deserunt. Quis est quo et nostrum ut quas corporis. Vitae reprehenderit et magni dolorem.', 'et', 0, NULL, '2015-09-03 21:18:37', '1976-04-20 00:22:26');
INSERT INTO `media` (`id`, `media_type_id`, `user_id`, `body`, `filename`, `size`, `metadata`, `created_at`, `updated_at`) VALUES ('118', '8', '118', 'Itaque dolorem provident pariatur et fuga. Esse dignissimos perspiciatis odit ab eos voluptatem non. Quas sed reiciendis est animi.', 'sunt', 6490425, NULL, '1981-06-02 18:40:16', '1977-04-26 10:20:48');
INSERT INTO `media` (`id`, `media_type_id`, `user_id`, `body`, `filename`, `size`, `metadata`, `created_at`, `updated_at`) VALUES ('119', '9', '119', 'Animi nostrum nihil dolores maiores nisi repellat. Autem omnis itaque aut accusantium dolores excepturi reiciendis. Tenetur architecto officia culpa corporis. A error ipsa est quo aut eius vero. Laboriosam veritatis cum debitis nesciunt.', 'qui', 1, NULL, '2008-12-29 16:59:21', '2021-02-02 11:35:38');
INSERT INTO `media` (`id`, `media_type_id`, `user_id`, `body`, `filename`, `size`, `metadata`, `created_at`, `updated_at`) VALUES ('120', '10', '120', 'Dignissimos molestiae magnam est nisi. Doloremque dolor at ut voluptatum aspernatur. Amet aut vitae ut optio. Illum sunt ex a quae.', 'libero', 366789, NULL, '1990-10-09 14:22:01', '1986-12-22 04:23:57');
INSERT INTO `media` (`id`, `media_type_id`, `user_id`, `body`, `filename`, `size`, `metadata`, `created_at`, `updated_at`) VALUES ('121', '1', '121', 'Vitae est in repudiandae aut blanditiis. Voluptate expedita ut eaque et.', 'porro', 52, NULL, '2019-08-10 05:08:52', '1971-09-15 09:18:01');
INSERT INTO `media` (`id`, `media_type_id`, `user_id`, `body`, `filename`, `size`, `metadata`, `created_at`, `updated_at`) VALUES ('122', '2', '122', 'Officiis facere qui quam fugiat veniam atque eius. Consequatur fugiat ut sunt odit repudiandae incidunt. Veniam voluptas dolores mollitia cupiditate quaerat.', 'nam', 0, NULL, '1974-02-20 09:12:40', '1981-04-25 17:46:44');
INSERT INTO `media` (`id`, `media_type_id`, `user_id`, `body`, `filename`, `size`, `metadata`, `created_at`, `updated_at`) VALUES ('123', '3', '123', 'In qui sint neque placeat. Voluptatum nobis adipisci eum incidunt est dolorem possimus. Distinctio est doloribus maxime nemo error. Nobis et velit voluptate praesentium illum voluptas quia. Nihil fugiat nihil dolorum aliquid.', 'nihil', 252, NULL, '2011-07-03 02:17:30', '1986-08-28 14:32:51');
INSERT INTO `media` (`id`, `media_type_id`, `user_id`, `body`, `filename`, `size`, `metadata`, `created_at`, `updated_at`) VALUES ('124', '4', '124', 'Eos sed aut in aliquid excepturi. Sint veritatis fugiat et mollitia sunt libero. Non maxime similique voluptatum et excepturi.', 'vel', 4595, NULL, '1996-03-18 14:06:27', '1994-07-05 22:01:52');
INSERT INTO `media` (`id`, `media_type_id`, `user_id`, `body`, `filename`, `size`, `metadata`, `created_at`, `updated_at`) VALUES ('125', '5', '125', 'Magnam nemo et cumque ex ea. Et tempora ea et. Rerum fugiat corporis voluptatum et explicabo. Necessitatibus repellat reprehenderit iure est.', 'quos', 0, NULL, '1980-04-20 08:13:32', '1988-07-29 02:06:49');
INSERT INTO `media` (`id`, `media_type_id`, `user_id`, `body`, `filename`, `size`, `metadata`, `created_at`, `updated_at`) VALUES ('126', '6', '126', 'Voluptas reprehenderit nihil sed nobis labore magnam non. Soluta officiis odit aut. Facilis eum aut et quo necessitatibus. Molestiae assumenda qui excepturi est accusantium.', 'eaque', 24580, NULL, '1982-08-18 04:30:34', '2001-03-23 05:06:11');
INSERT INTO `media` (`id`, `media_type_id`, `user_id`, `body`, `filename`, `size`, `metadata`, `created_at`, `updated_at`) VALUES ('127', '7', '127', 'Et dolorem harum id accusamus facilis mollitia. Ut est qui dolore commodi cum.', 'quos', 10518, NULL, '1973-06-27 15:35:14', '1983-05-09 03:24:58');
INSERT INTO `media` (`id`, `media_type_id`, `user_id`, `body`, `filename`, `size`, `metadata`, `created_at`, `updated_at`) VALUES ('128', '8', '128', 'Numquam laboriosam optio dolorem quidem nemo laborum architecto. Rem rerum cumque aspernatur consequatur. Distinctio sit earum magnam aut tenetur.', 'architecto', 227, NULL, '1986-08-31 05:58:04', '1986-08-12 03:15:55');
INSERT INTO `media` (`id`, `media_type_id`, `user_id`, `body`, `filename`, `size`, `metadata`, `created_at`, `updated_at`) VALUES ('129', '9', '129', 'Deserunt nostrum reiciendis recusandae neque adipisci. Sapiente reprehenderit fugit voluptates eaque reprehenderit. Cum consequatur sunt voluptas mollitia quisquam adipisci placeat.', 'voluptas', 1464, NULL, '1972-02-17 02:56:59', '1978-02-16 03:02:48');
INSERT INTO `media` (`id`, `media_type_id`, `user_id`, `body`, `filename`, `size`, `metadata`, `created_at`, `updated_at`) VALUES ('130', '10', '130', 'Maxime totam sed voluptas qui molestias qui. Culpa dolore porro enim cupiditate harum adipisci. Qui quidem debitis delectus eius vitae voluptatem quas.', 'aperiam', 4888, NULL, '2003-04-10 15:03:00', '1997-04-12 00:45:55');
INSERT INTO `media` (`id`, `media_type_id`, `user_id`, `body`, `filename`, `size`, `metadata`, `created_at`, `updated_at`) VALUES ('131', '1', '131', 'Enim reprehenderit illo amet sunt aut adipisci. Assumenda reiciendis maxime enim. Exercitationem molestias sed impedit ut illo nisi veritatis enim.', 'rem', 38090745, NULL, '2002-03-15 10:51:12', '2016-10-24 21:27:53');
INSERT INTO `media` (`id`, `media_type_id`, `user_id`, `body`, `filename`, `size`, `metadata`, `created_at`, `updated_at`) VALUES ('132', '2', '132', 'A repellendus dolor voluptatem enim quod cumque eius pariatur. Nobis corporis fugit velit assumenda. Nostrum amet temporibus consequatur culpa alias qui assumenda autem. Ea autem qui sapiente non illum porro. Et et et mollitia.', 'dolore', 41952, NULL, '1988-02-10 10:57:01', '1972-05-26 11:38:29');
INSERT INTO `media` (`id`, `media_type_id`, `user_id`, `body`, `filename`, `size`, `metadata`, `created_at`, `updated_at`) VALUES ('133', '3', '133', 'In et delectus sapiente voluptatibus voluptatem minus. Expedita veniam et exercitationem sint. Velit debitis optio distinctio molestiae quae a.', 'et', 231734, NULL, '1994-05-01 18:47:43', '2020-10-05 04:04:44');
INSERT INTO `media` (`id`, `media_type_id`, `user_id`, `body`, `filename`, `size`, `metadata`, `created_at`, `updated_at`) VALUES ('134', '4', '134', 'Repellendus architecto sequi omnis omnis quasi recusandae. Eos repudiandae maiores ipsam. Cupiditate et quis necessitatibus quia.', 'rerum', 19132, NULL, '1998-04-15 03:03:27', '1992-03-10 19:32:54');
INSERT INTO `media` (`id`, `media_type_id`, `user_id`, `body`, `filename`, `size`, `metadata`, `created_at`, `updated_at`) VALUES ('135', '5', '135', 'A temporibus amet voluptas molestiae. Est nobis numquam nihil et voluptates.', 'quaerat', 233496, NULL, '2015-08-04 06:12:22', '2015-10-16 02:27:00');
INSERT INTO `media` (`id`, `media_type_id`, `user_id`, `body`, `filename`, `size`, `metadata`, `created_at`, `updated_at`) VALUES ('136', '6', '136', 'Non modi enim repudiandae qui rerum reiciendis. Culpa dolorem consequatur provident adipisci ab similique laboriosam. Expedita omnis omnis repellat repellat quo.', 'minus', 17, NULL, '1985-05-18 21:02:04', '1976-10-06 12:08:00');
INSERT INTO `media` (`id`, `media_type_id`, `user_id`, `body`, `filename`, `size`, `metadata`, `created_at`, `updated_at`) VALUES ('137', '7', '137', 'Placeat recusandae quasi dolorem nobis saepe et. Commodi blanditiis et quam officia voluptatem. Ea qui qui voluptatum aut. Repellendus et amet ullam reiciendis.', 'nihil', 20, NULL, '1991-12-10 07:15:30', '1997-03-04 08:36:46');
INSERT INTO `media` (`id`, `media_type_id`, `user_id`, `body`, `filename`, `size`, `metadata`, `created_at`, `updated_at`) VALUES ('138', '8', '138', 'Omnis eos eveniet quia ducimus. Quia ut maiores in id quia error alias.', 'aliquid', 3, NULL, '2017-02-16 16:01:18', '2005-05-22 23:30:40');
INSERT INTO `media` (`id`, `media_type_id`, `user_id`, `body`, `filename`, `size`, `metadata`, `created_at`, `updated_at`) VALUES ('139', '9', '139', 'Voluptatum reprehenderit ut excepturi aperiam. Amet architecto quidem est quasi iure impedit. Illum voluptas et sit molestiae. Alias alias eum autem.', 'qui', 74, NULL, '1985-11-25 20:01:37', '1990-09-13 19:23:40');
INSERT INTO `media` (`id`, `media_type_id`, `user_id`, `body`, `filename`, `size`, `metadata`, `created_at`, `updated_at`) VALUES ('140', '10', '140', 'Velit ut ipsa aut reprehenderit hic voluptas. Voluptas ratione consequatur unde. Vel qui soluta cum fugiat deleniti.', 'quod', 596, NULL, '1976-01-09 03:42:59', '1977-03-09 03:26:47');
INSERT INTO `media` (`id`, `media_type_id`, `user_id`, `body`, `filename`, `size`, `metadata`, `created_at`, `updated_at`) VALUES ('141', '1', '141', 'Similique dolorem quidem alias sed earum ex possimus. Et ut iure temporibus nobis quia sequi. Modi mollitia vitae ut sit numquam nihil facilis. Minus earum eos facere.', 'corporis', 2, NULL, '2017-10-26 17:19:56', '1972-05-24 07:25:14');
INSERT INTO `media` (`id`, `media_type_id`, `user_id`, `body`, `filename`, `size`, `metadata`, `created_at`, `updated_at`) VALUES ('142', '2', '142', 'Debitis odio consectetur tempora. Ut sit est et. Fuga laboriosam sequi quam et cupiditate officia nihil quasi. Dolorem magnam accusamus reprehenderit laudantium rerum vel atque.', 'tempore', 2, NULL, '1975-08-14 15:46:26', '1974-12-26 04:17:13');
INSERT INTO `media` (`id`, `media_type_id`, `user_id`, `body`, `filename`, `size`, `metadata`, `created_at`, `updated_at`) VALUES ('143', '3', '143', 'Nulla nemo sunt sint. Aut ut quia dolorem pariatur eum occaecati voluptatem. Qui et fugit ut excepturi temporibus nostrum quasi. Porro non non odit rerum nam repudiandae dolores. Incidunt eos sapiente aut laudantium.', 'maiores', 21, NULL, '1986-03-28 18:06:25', '1984-05-21 21:54:03');
INSERT INTO `media` (`id`, `media_type_id`, `user_id`, `body`, `filename`, `size`, `metadata`, `created_at`, `updated_at`) VALUES ('144', '4', '144', 'Ex perspiciatis aut et voluptas molestiae eius nihil. Fuga ea quidem est maiores iure sit consequuntur. Sit sed qui rerum a.', 'qui', 89279, NULL, '2013-03-20 09:24:20', '1972-09-22 05:00:55');
INSERT INTO `media` (`id`, `media_type_id`, `user_id`, `body`, `filename`, `size`, `metadata`, `created_at`, `updated_at`) VALUES ('145', '5', '145', 'Quia eius ut autem in error aut iure. Sint tempora iure omnis ut praesentium. Veritatis est aliquid sequi aut deleniti ut. Temporibus corporis aut fugit similique error nam.', 'est', 202, NULL, '1974-06-12 16:07:23', '1987-11-12 17:59:40');
INSERT INTO `media` (`id`, `media_type_id`, `user_id`, `body`, `filename`, `size`, `metadata`, `created_at`, `updated_at`) VALUES ('146', '6', '146', 'Dolorem ullam possimus animi. Ratione itaque eligendi provident quos quis est magni. Vel eum ex natus sint in.', 'corporis', 25, NULL, '2013-11-04 04:09:01', '2003-05-24 13:46:30');
INSERT INTO `media` (`id`, `media_type_id`, `user_id`, `body`, `filename`, `size`, `metadata`, `created_at`, `updated_at`) VALUES ('147', '7', '147', 'Et quia ullam omnis distinctio voluptatem consequatur doloribus a. Quas quas vitae et modi harum ea ut. Delectus qui voluptatum tempore quia qui consequatur neque. Qui saepe in dolor delectus quod in.', 'delectus', 69861, NULL, '1982-11-01 20:22:20', '1977-01-17 12:33:49');
INSERT INTO `media` (`id`, `media_type_id`, `user_id`, `body`, `filename`, `size`, `metadata`, `created_at`, `updated_at`) VALUES ('148', '8', '148', 'Ipsa molestiae aut non aut dolore ipsum ad. Eius sint beatae corrupti quasi deserunt.', 'aut', 45853, NULL, '1997-03-04 08:41:21', '1984-06-14 11:31:45');
INSERT INTO `media` (`id`, `media_type_id`, `user_id`, `body`, `filename`, `size`, `metadata`, `created_at`, `updated_at`) VALUES ('149', '9', '149', 'Consequatur ullam delectus fugiat quo excepturi esse iusto. Provident sit voluptates totam culpa cum voluptatem unde facilis. Eius labore quam animi nesciunt.', 'eos', 2, NULL, '1984-12-03 11:49:37', '2020-06-02 01:11:47');
INSERT INTO `media` (`id`, `media_type_id`, `user_id`, `body`, `filename`, `size`, `metadata`, `created_at`, `updated_at`) VALUES ('150', '10', '150', 'Consequatur impedit temporibus beatae aut nostrum. Laudantium nesciunt harum molestiae deserunt debitis assumenda iste enim. Rerum et quia omnis et dolores sint. Delectus et mollitia voluptatum consectetur itaque quam rem modi.', 'facilis', 2, NULL, '2003-03-29 04:57:12', '2010-09-22 08:13:51');
INSERT INTO `media` (`id`, `media_type_id`, `user_id`, `body`, `filename`, `size`, `metadata`, `created_at`, `updated_at`) VALUES ('151', '1', '1', 'Modi ea aut aperiam occaecati fuga earum maiores. Ea dolor velit temporibus. Rerum consequatur nemo amet quasi adipisci.', 'ut', 239, NULL, '1987-08-19 20:48:31', '2001-06-06 16:27:09');
INSERT INTO `media` (`id`, `media_type_id`, `user_id`, `body`, `filename`, `size`, `metadata`, `created_at`, `updated_at`) VALUES ('152', '2', '2', 'Sit et sunt et quibusdam dolores debitis rerum. Fugit assumenda perspiciatis natus minima nulla quia fuga. Accusantium minus facilis ipsa ducimus rerum illum. Quisquam doloribus consequatur eos vitae rem minus.', 'impedit', 66545393, NULL, '1981-06-30 17:40:01', '2005-09-29 03:44:19');
INSERT INTO `media` (`id`, `media_type_id`, `user_id`, `body`, `filename`, `size`, `metadata`, `created_at`, `updated_at`) VALUES ('153', '3', '3', 'Praesentium et praesentium qui magni qui nisi cumque. Recusandae non voluptate commodi dolore et. Dolor facilis aliquid laborum consequatur hic ea. Sit maxime esse illo eum incidunt dolorem ducimus.', 'eius', 36393, NULL, '1973-01-22 04:24:07', '1978-12-13 17:19:22');
INSERT INTO `media` (`id`, `media_type_id`, `user_id`, `body`, `filename`, `size`, `metadata`, `created_at`, `updated_at`) VALUES ('154', '4', '4', 'Iusto nihil id ex quo quae. Aliquid sit occaecati et voluptate alias. Dignissimos sit sit est atque. Nesciunt eius facere porro cumque in.', 'aspernatur', 0, NULL, '2006-09-18 21:26:36', '2005-03-15 14:45:06');
INSERT INTO `media` (`id`, `media_type_id`, `user_id`, `body`, `filename`, `size`, `metadata`, `created_at`, `updated_at`) VALUES ('155', '5', '5', 'Quis culpa et necessitatibus architecto aliquid quasi voluptatem libero. Non sit eum tenetur ut ab dignissimos.', 'labore', 40359612, NULL, '1976-01-31 02:37:01', '2006-06-13 07:05:40');
INSERT INTO `media` (`id`, `media_type_id`, `user_id`, `body`, `filename`, `size`, `metadata`, `created_at`, `updated_at`) VALUES ('156', '6', '6', 'Cumque iste assumenda aut itaque dolores. Accusantium explicabo sed tempora nostrum. Omnis cum ut consequatur vitae. Maxime cupiditate doloribus repellat ullam perferendis totam.', 'corporis', 2341, NULL, '1974-12-09 18:12:18', '2016-03-15 21:06:57');
INSERT INTO `media` (`id`, `media_type_id`, `user_id`, `body`, `filename`, `size`, `metadata`, `created_at`, `updated_at`) VALUES ('157', '7', '7', 'Earum possimus quisquam ut est quis laudantium neque. Consequatur unde porro voluptatem nemo officia.', 'quia', 13106, NULL, '1986-01-12 13:30:41', '2008-05-06 10:41:16');
INSERT INTO `media` (`id`, `media_type_id`, `user_id`, `body`, `filename`, `size`, `metadata`, `created_at`, `updated_at`) VALUES ('158', '8', '8', 'Nihil non voluptatem dolores voluptatem aut. Accusamus aut nobis voluptatem dicta hic. Doloribus at eveniet nesciunt assumenda et deleniti. Et nesciunt harum sed.', 'debitis', 20039, NULL, '1984-02-17 16:50:53', '1985-06-30 07:03:15');
INSERT INTO `media` (`id`, `media_type_id`, `user_id`, `body`, `filename`, `size`, `metadata`, `created_at`, `updated_at`) VALUES ('159', '9', '9', 'Consectetur et ut et eaque ad iure. Reiciendis accusamus excepturi veritatis explicabo. Sed molestiae quidem qui veniam. Facilis repellat alias quis ut.', 'numquam', 0, NULL, '2014-11-01 20:30:38', '2001-12-30 12:27:08');
INSERT INTO `media` (`id`, `media_type_id`, `user_id`, `body`, `filename`, `size`, `metadata`, `created_at`, `updated_at`) VALUES ('160', '10', '10', 'Est molestiae et molestiae blanditiis dolore explicabo qui. Dolores ipsam incidunt doloribus. Et culpa est non perferendis veritatis. Est ducimus sit voluptas.', 'corporis', 3, NULL, '2017-03-21 04:17:04', '1989-06-10 09:59:20');
INSERT INTO `media` (`id`, `media_type_id`, `user_id`, `body`, `filename`, `size`, `metadata`, `created_at`, `updated_at`) VALUES ('161', '1', '11', 'Ut deleniti pariatur adipisci nostrum minima. Qui non ducimus fugit earum consequatur. Dolorem maxime pariatur odio cumque. Suscipit rerum totam est dicta quidem animi corrupti.', 'sequi', 1879, NULL, '1986-01-24 11:18:41', '2007-06-03 09:19:11');
INSERT INTO `media` (`id`, `media_type_id`, `user_id`, `body`, `filename`, `size`, `metadata`, `created_at`, `updated_at`) VALUES ('162', '2', '12', 'Voluptas nemo et neque velit omnis a. Et incidunt ut id illum corrupti sit sed delectus. Magni aliquid quod nobis quis eligendi. Sint ea omnis et eos illo cum.', 'omnis', 663, NULL, '2009-01-02 16:37:33', '1985-11-14 08:10:46');
INSERT INTO `media` (`id`, `media_type_id`, `user_id`, `body`, `filename`, `size`, `metadata`, `created_at`, `updated_at`) VALUES ('163', '3', '13', 'Minima facilis sint id ut. Dolorum voluptas nostrum magnam. Quo sit commodi accusamus ut aspernatur autem. Ipsam est odio molestiae ipsa et optio.', 'ut', 5, NULL, '2018-09-04 10:19:03', '2001-12-18 03:23:13');
INSERT INTO `media` (`id`, `media_type_id`, `user_id`, `body`, `filename`, `size`, `metadata`, `created_at`, `updated_at`) VALUES ('164', '4', '14', 'Sit rerum sunt laudantium. Ratione molestiae non non labore quo provident et. Excepturi laborum hic consequatur laboriosam et cupiditate. Aut quos veniam ut aut.', 'facilis', 5617005, NULL, '2014-06-07 06:57:20', '2007-09-11 09:11:47');
INSERT INTO `media` (`id`, `media_type_id`, `user_id`, `body`, `filename`, `size`, `metadata`, `created_at`, `updated_at`) VALUES ('165', '5', '15', 'Asperiores laudantium dignissimos veniam alias praesentium odio. Debitis pariatur delectus veniam impedit expedita occaecati distinctio.', 'alias', 41343, NULL, '2007-10-28 09:00:55', '2004-05-08 15:18:25');
INSERT INTO `media` (`id`, `media_type_id`, `user_id`, `body`, `filename`, `size`, `metadata`, `created_at`, `updated_at`) VALUES ('166', '6', '16', 'Et ratione et fugit voluptatum. Fuga ut et hic magnam dolor sunt ea. Consequuntur voluptas tempora sit qui doloribus.', 'dolorem', 3779763, NULL, '1973-01-07 09:28:15', '1997-02-01 12:58:49');
INSERT INTO `media` (`id`, `media_type_id`, `user_id`, `body`, `filename`, `size`, `metadata`, `created_at`, `updated_at`) VALUES ('167', '7', '17', 'Mollitia et voluptatem vitae repudiandae aut. Illo deleniti suscipit aut consequatur. Perferendis laboriosam aut quis ut.', 'ab', 1722, NULL, '1989-09-29 16:22:51', '2021-06-10 21:56:09');
INSERT INTO `media` (`id`, `media_type_id`, `user_id`, `body`, `filename`, `size`, `metadata`, `created_at`, `updated_at`) VALUES ('168', '8', '18', 'Impedit corrupti non ut blanditiis inventore animi. Sit neque et sapiente tempora. Et et alias nulla quia. Aut ad facilis delectus quaerat nam.', 'quidem', 72, NULL, '1984-11-03 21:12:33', '1973-04-21 08:35:44');
INSERT INTO `media` (`id`, `media_type_id`, `user_id`, `body`, `filename`, `size`, `metadata`, `created_at`, `updated_at`) VALUES ('169', '9', '19', 'Sint incidunt illo odit laboriosam rem voluptatibus et. Explicabo sunt illum ut sint quam rem maiores dignissimos. Ea qui assumenda corporis aut molestiae et omnis ea. At sit nemo eum voluptatem.', 'aut', 49023, NULL, '1983-01-12 05:17:08', '1981-07-01 17:54:45');
INSERT INTO `media` (`id`, `media_type_id`, `user_id`, `body`, `filename`, `size`, `metadata`, `created_at`, `updated_at`) VALUES ('170', '10', '20', 'Aut corporis in doloremque dolor. Quo amet earum minus rem. Sint tenetur voluptates placeat velit dignissimos amet non. Dolores amet libero nam dolorem saepe.', 'veritatis', 460733651, NULL, '2011-09-08 14:56:10', '1997-04-06 14:55:34');
INSERT INTO `media` (`id`, `media_type_id`, `user_id`, `body`, `filename`, `size`, `metadata`, `created_at`, `updated_at`) VALUES ('171', '1', '21', 'Natus nobis nulla minima. Dolor facere corporis perspiciatis recusandae. Illo eaque quis quaerat quis.', 'ab', 44550654, NULL, '1990-04-14 13:25:18', '1994-11-03 08:11:39');
INSERT INTO `media` (`id`, `media_type_id`, `user_id`, `body`, `filename`, `size`, `metadata`, `created_at`, `updated_at`) VALUES ('172', '2', '22', 'Quo eius velit eligendi in. Temporibus sed inventore explicabo rem amet dolores veniam. Sit voluptas assumenda impedit corporis fuga. Sunt ducimus quia eum voluptatum eius.', 'ipsum', 23576, NULL, '2017-12-11 18:43:10', '1981-04-13 19:08:57');
INSERT INTO `media` (`id`, `media_type_id`, `user_id`, `body`, `filename`, `size`, `metadata`, `created_at`, `updated_at`) VALUES ('173', '3', '23', 'Dolorem molestias voluptatem aut atque id autem unde fugiat. A tempore et omnis et. Repellendus aspernatur distinctio distinctio. Facere cupiditate voluptate dolores repudiandae temporibus quo minima. Ut voluptatem minus maiores et veniam.', 'dicta', 461771085, NULL, '1982-10-25 08:44:39', '1975-10-13 14:43:38');
INSERT INTO `media` (`id`, `media_type_id`, `user_id`, `body`, `filename`, `size`, `metadata`, `created_at`, `updated_at`) VALUES ('174', '4', '24', 'Non rerum non quis illum dolorem eaque consequuntur. In accusamus quia suscipit corporis quia nemo est. Sed quisquam animi odio.', 'eaque', 719325749, NULL, '2017-05-14 18:33:33', '2004-03-13 11:18:28');
INSERT INTO `media` (`id`, `media_type_id`, `user_id`, `body`, `filename`, `size`, `metadata`, `created_at`, `updated_at`) VALUES ('175', '5', '25', 'Est quis est nisi est alias. Quia non sit non dolorum. Iste vero facilis eaque eaque voluptates repellat.', 'ratione', 55, NULL, '2004-01-11 03:19:59', '1994-04-16 00:53:01');
INSERT INTO `media` (`id`, `media_type_id`, `user_id`, `body`, `filename`, `size`, `metadata`, `created_at`, `updated_at`) VALUES ('176', '6', '26', 'Nostrum vero dolorem unde praesentium enim praesentium. Enim illo non cupiditate est incidunt similique quo. Illum minima velit qui dicta dolore.', 'rem', 2719819, NULL, '1984-11-04 02:52:40', '1979-01-05 11:05:02');
INSERT INTO `media` (`id`, `media_type_id`, `user_id`, `body`, `filename`, `size`, `metadata`, `created_at`, `updated_at`) VALUES ('177', '7', '27', 'Omnis sint ex perferendis sapiente. Sit suscipit eveniet hic molestiae vitae veniam recusandae molestiae. Officiis ratione dolor sapiente id quia magni veniam.', 'sapiente', 1, NULL, '2007-08-13 07:15:28', '1996-02-29 16:44:10');
INSERT INTO `media` (`id`, `media_type_id`, `user_id`, `body`, `filename`, `size`, `metadata`, `created_at`, `updated_at`) VALUES ('178', '8', '28', 'Magnam eius autem dolor id. Minima explicabo exercitationem provident maxime asperiores pariatur et laboriosam. Et dolores laudantium iure dolorem doloribus cum. Qui quis commodi quia sapiente sit nostrum repudiandae.', 'distinctio', 29224, NULL, '1980-04-29 03:33:36', '1972-03-24 19:18:41');
INSERT INTO `media` (`id`, `media_type_id`, `user_id`, `body`, `filename`, `size`, `metadata`, `created_at`, `updated_at`) VALUES ('179', '9', '29', 'Quia ea error qui nesciunt qui qui quia. Quia animi esse laboriosam ut. Nisi repellat culpa accusantium. Atque maxime sed aliquam inventore reiciendis.', 'doloremque', 5661, NULL, '1983-08-11 05:10:25', '2005-11-10 11:32:19');
INSERT INTO `media` (`id`, `media_type_id`, `user_id`, `body`, `filename`, `size`, `metadata`, `created_at`, `updated_at`) VALUES ('180', '10', '30', 'Enim repudiandae eaque quae eligendi suscipit architecto eum. Corporis a repellendus atque quo et iste temporibus. Quis neque occaecati sed provident excepturi modi id.', 'ducimus', 3, NULL, '2013-05-02 13:36:27', '1981-01-09 23:08:06');
INSERT INTO `media` (`id`, `media_type_id`, `user_id`, `body`, `filename`, `size`, `metadata`, `created_at`, `updated_at`) VALUES ('181', '1', '31', 'Officiis quod quasi minima eum asperiores iure soluta commodi. Suscipit est voluptatum nesciunt qui. Ut et veritatis occaecati ut commodi. Ullam sunt corporis sit eum unde aliquam velit. Cupiditate voluptas quia at totam aut rem eum.', 'ipsam', 269, NULL, '1990-05-12 01:38:39', '1982-10-03 16:09:40');
INSERT INTO `media` (`id`, `media_type_id`, `user_id`, `body`, `filename`, `size`, `metadata`, `created_at`, `updated_at`) VALUES ('182', '2', '32', 'Quasi nemo aliquam voluptas incidunt. Est deleniti perspiciatis voluptate. Ad libero dolore eligendi. Praesentium optio ea nobis est. Cumque laborum voluptatem nostrum quae totam.', 'maiores', 8, NULL, '1979-08-01 21:31:56', '2014-11-21 03:02:42');
INSERT INTO `media` (`id`, `media_type_id`, `user_id`, `body`, `filename`, `size`, `metadata`, `created_at`, `updated_at`) VALUES ('183', '3', '33', 'Repellendus voluptatum et blanditiis maiores dolor neque temporibus. Officiis modi vel dignissimos non. Beatae odit nulla omnis omnis accusantium quia quos.', 'et', 518568226, NULL, '1975-02-05 10:37:54', '2006-07-18 02:50:10');
INSERT INTO `media` (`id`, `media_type_id`, `user_id`, `body`, `filename`, `size`, `metadata`, `created_at`, `updated_at`) VALUES ('184', '4', '34', 'Iusto veniam exercitationem sunt vel. Est debitis omnis libero dolor praesentium perspiciatis.', 'porro', 70901404, NULL, '1987-12-12 18:11:49', '1980-10-04 15:43:39');
INSERT INTO `media` (`id`, `media_type_id`, `user_id`, `body`, `filename`, `size`, `metadata`, `created_at`, `updated_at`) VALUES ('185', '5', '35', 'Est nobis voluptas ab. Quo numquam architecto sapiente maxime occaecati mollitia vero ipsum. Voluptatem provident quo id aliquid quidem delectus.', 'qui', 86, NULL, '2019-01-22 22:55:10', '1981-10-27 11:16:57');
INSERT INTO `media` (`id`, `media_type_id`, `user_id`, `body`, `filename`, `size`, `metadata`, `created_at`, `updated_at`) VALUES ('186', '6', '36', 'At ad voluptatem ea odit pariatur. Accusamus expedita rem dolore nam eligendi. Accusamus alias veniam officiis aspernatur voluptates odit.', 'dignissimos', 891601, NULL, '1987-05-20 02:58:29', '2021-01-06 19:55:46');
INSERT INTO `media` (`id`, `media_type_id`, `user_id`, `body`, `filename`, `size`, `metadata`, `created_at`, `updated_at`) VALUES ('187', '7', '37', 'Quaerat non qui eligendi ut. Sit explicabo iure illum error impedit.', 'et', 2, NULL, '1974-02-12 14:51:18', '1984-12-26 14:28:36');
INSERT INTO `media` (`id`, `media_type_id`, `user_id`, `body`, `filename`, `size`, `metadata`, `created_at`, `updated_at`) VALUES ('188', '8', '38', 'Sed est tempora non. Iste nam ullam laboriosam sit ea officia.', 'quas', 0, NULL, '2020-05-03 04:23:00', '1979-10-08 03:42:34');
INSERT INTO `media` (`id`, `media_type_id`, `user_id`, `body`, `filename`, `size`, `metadata`, `created_at`, `updated_at`) VALUES ('189', '9', '39', 'Omnis pariatur deleniti molestias et odit maiores. Eum sequi qui fuga blanditiis. Saepe autem unde dicta quod. Dignissimos aperiam temporibus aut.', 'voluptatem', 871228502, NULL, '1997-12-31 20:51:18', '2000-09-27 11:55:48');
INSERT INTO `media` (`id`, `media_type_id`, `user_id`, `body`, `filename`, `size`, `metadata`, `created_at`, `updated_at`) VALUES ('190', '10', '40', 'Nostrum architecto optio fugit voluptas. Qui blanditiis aliquid molestias laboriosam. Magni ut fuga aperiam.', 'qui', 24337504, NULL, '2001-03-24 18:49:12', '2021-02-10 20:08:15');
INSERT INTO `media` (`id`, `media_type_id`, `user_id`, `body`, `filename`, `size`, `metadata`, `created_at`, `updated_at`) VALUES ('191', '1', '41', 'Inventore et non architecto ratione doloribus. Ratione illum molestias perferendis fugiat. Illo sit dolor porro eos minima. Asperiores nihil maiores vel fuga omnis enim aspernatur.', 'vitae', 0, NULL, '1973-05-17 16:41:35', '1984-08-17 10:36:22');
INSERT INTO `media` (`id`, `media_type_id`, `user_id`, `body`, `filename`, `size`, `metadata`, `created_at`, `updated_at`) VALUES ('192', '2', '42', 'Sed quia est dolores qui deserunt est consequuntur. Molestiae hic et officiis quisquam aut nihil expedita. Nisi voluptatibus et omnis esse vel necessitatibus. Excepturi harum reprehenderit qui cupiditate quisquam quibusdam.', 'consequatur', 4, NULL, '1987-09-15 03:24:18', '2007-06-19 07:59:03');
INSERT INTO `media` (`id`, `media_type_id`, `user_id`, `body`, `filename`, `size`, `metadata`, `created_at`, `updated_at`) VALUES ('193', '3', '43', 'Autem enim optio aliquid ab reprehenderit eaque iste aut. Consectetur quos veritatis vero ipsa. Repellat inventore consequuntur velit aliquam porro ex nihil.', 'exercitationem', 434962, NULL, '1977-02-10 17:04:54', '2000-11-13 22:08:49');
INSERT INTO `media` (`id`, `media_type_id`, `user_id`, `body`, `filename`, `size`, `metadata`, `created_at`, `updated_at`) VALUES ('194', '4', '44', 'Eligendi non in enim in harum. Aut iure eaque aut officiis perspiciatis et possimus. Ipsam debitis non omnis a. Qui eos perspiciatis hic eum voluptatem qui.', 'ad', 205777911, NULL, '1978-09-17 20:46:18', '1981-02-28 17:22:40');
INSERT INTO `media` (`id`, `media_type_id`, `user_id`, `body`, `filename`, `size`, `metadata`, `created_at`, `updated_at`) VALUES ('195', '5', '45', 'Beatae adipisci nesciunt ex consequatur unde fuga qui vel. Non quos consequatur officiis sint doloribus. Et fugiat quasi cum rem aut ullam voluptate.', 'dolor', 1650, NULL, '1978-08-18 02:06:11', '1987-11-30 18:18:33');
INSERT INTO `media` (`id`, `media_type_id`, `user_id`, `body`, `filename`, `size`, `metadata`, `created_at`, `updated_at`) VALUES ('196', '6', '46', 'Voluptatem beatae adipisci ex alias architecto consequatur. Non a odit quod officia odit reiciendis et. Id dolore incidunt ut voluptatem provident tempora hic saepe.', 'et', 2976, NULL, '2001-04-13 12:32:22', '1998-05-08 02:36:09');
INSERT INTO `media` (`id`, `media_type_id`, `user_id`, `body`, `filename`, `size`, `metadata`, `created_at`, `updated_at`) VALUES ('197', '7', '47', 'Reiciendis nam qui enim culpa maxime voluptatem. Qui non officia ducimus temporibus tempore. Rerum corporis ducimus qui et et soluta laborum.', 'ea', 38, NULL, '1971-09-28 01:22:46', '1985-05-10 12:24:29');
INSERT INTO `media` (`id`, `media_type_id`, `user_id`, `body`, `filename`, `size`, `metadata`, `created_at`, `updated_at`) VALUES ('198', '8', '48', 'Rerum voluptas assumenda officiis et eos dignissimos delectus. Fugiat consequuntur eligendi aut deleniti quaerat eligendi. Unde numquam ipsam eaque aliquam veniam. Non aut nobis animi nesciunt.', 'et', 41594168, NULL, '1972-02-12 23:57:24', '1973-12-10 01:16:13');
INSERT INTO `media` (`id`, `media_type_id`, `user_id`, `body`, `filename`, `size`, `metadata`, `created_at`, `updated_at`) VALUES ('199', '9', '49', 'Aut qui ut iste quia. Exercitationem error mollitia dolore porro ad odit. Maxime quas consequatur et impedit ullam.', 'natus', 32158, NULL, '1986-04-16 04:28:32', '2016-08-07 08:50:53');
INSERT INTO `media` (`id`, `media_type_id`, `user_id`, `body`, `filename`, `size`, `metadata`, `created_at`, `updated_at`) VALUES ('200', '10', '50', 'Saepe architecto eum ut nostrum voluptatibus beatae voluptatem voluptates. Pariatur similique unde voluptatem numquam error quam et. Cupiditate laboriosam cupiditate doloribus. Itaque nesciunt et sed facilis praesentium dolorum.', 'alias', 2297, NULL, '1977-03-02 08:07:21', '2005-07-23 14:48:39');
INSERT INTO `media` (`id`, `media_type_id`, `user_id`, `body`, `filename`, `size`, `metadata`, `created_at`, `updated_at`) VALUES ('201', '1', '51', 'Aliquid voluptates ullam magnam ipsum praesentium nostrum corporis quis. Qui provident excepturi et sequi voluptatem. Id ut quae ut quos.', 'voluptas', 0, NULL, '2013-10-11 00:12:02', '2007-08-16 14:40:25');
INSERT INTO `media` (`id`, `media_type_id`, `user_id`, `body`, `filename`, `size`, `metadata`, `created_at`, `updated_at`) VALUES ('202', '2', '52', 'Laboriosam nisi doloremque dolor laudantium commodi omnis delectus dolor. Autem amet et et temporibus totam minima. Necessitatibus odit possimus quasi magni quia quo. Et aspernatur reiciendis ipsa nemo.', 'nihil', 14, NULL, '2016-12-14 20:37:08', '2021-01-17 17:41:22');
INSERT INTO `media` (`id`, `media_type_id`, `user_id`, `body`, `filename`, `size`, `metadata`, `created_at`, `updated_at`) VALUES ('203', '3', '53', 'Eum dolore voluptates fugiat molestias voluptatem numquam quidem. Omnis eaque quaerat dolorem est nesciunt maiores debitis. Ullam placeat numquam quod ut. Non aut quia ipsum modi nostrum ex.', 'quas', 1, NULL, '2010-08-03 06:00:04', '2006-11-19 21:43:08');
INSERT INTO `media` (`id`, `media_type_id`, `user_id`, `body`, `filename`, `size`, `metadata`, `created_at`, `updated_at`) VALUES ('204', '4', '54', 'Maiores eveniet corrupti ad est. Officiis quod ad possimus nulla laudantium ea. Commodi quibusdam et totam qui unde commodi.', 'culpa', 369793, NULL, '2000-12-17 15:33:26', '1989-05-04 17:44:18');
INSERT INTO `media` (`id`, `media_type_id`, `user_id`, `body`, `filename`, `size`, `metadata`, `created_at`, `updated_at`) VALUES ('205', '5', '55', 'Dolor ducimus aliquid dolor. Sed similique velit fugit quia laboriosam neque. Asperiores molestiae ipsam eos dignissimos neque et provident architecto.', 'quis', 16, NULL, '1977-04-22 23:02:57', '1993-08-25 01:27:03');
INSERT INTO `media` (`id`, `media_type_id`, `user_id`, `body`, `filename`, `size`, `metadata`, `created_at`, `updated_at`) VALUES ('206', '6', '56', 'Voluptas aut maiores ea. Velit velit quam omnis reprehenderit necessitatibus dicta. Commodi eum ut adipisci similique.', 'id', 5081, NULL, '1981-01-20 15:55:59', '1996-06-14 13:07:41');
INSERT INTO `media` (`id`, `media_type_id`, `user_id`, `body`, `filename`, `size`, `metadata`, `created_at`, `updated_at`) VALUES ('207', '7', '57', 'Amet vero et ut amet. Veniam at iusto optio illo quia recusandae esse. Voluptas minus inventore et corporis voluptates. Nesciunt nemo aut blanditiis itaque.', 'atque', 7670941, NULL, '2008-03-27 06:54:52', '1997-03-17 19:17:01');
INSERT INTO `media` (`id`, `media_type_id`, `user_id`, `body`, `filename`, `size`, `metadata`, `created_at`, `updated_at`) VALUES ('208', '8', '58', 'Molestiae porro hic hic mollitia libero consectetur. Ut dignissimos ab blanditiis aut nobis voluptas. Possimus tempora nemo sit est fuga nostrum vero.', 'distinctio', 906418, NULL, '1983-04-18 00:34:41', '2011-03-15 08:00:36');
INSERT INTO `media` (`id`, `media_type_id`, `user_id`, `body`, `filename`, `size`, `metadata`, `created_at`, `updated_at`) VALUES ('209', '9', '59', 'Voluptatem voluptatem est a consequuntur ea voluptatibus. Veniam ea itaque iure. Soluta qui distinctio doloribus ipsam eum. Accusantium itaque earum accusantium nihil ipsum commodi voluptatum.', 'et', 188997, NULL, '1994-05-22 04:39:50', '1992-08-10 03:49:39');
INSERT INTO `media` (`id`, `media_type_id`, `user_id`, `body`, `filename`, `size`, `metadata`, `created_at`, `updated_at`) VALUES ('210', '10', '60', 'Accusantium est dolorem ut. Magnam omnis culpa et pariatur. Aut et temporibus dolor autem qui in. Fugit doloremque laudantium assumenda minima.', 'repellat', 2, NULL, '2000-07-04 02:14:43', '2009-07-13 12:44:10');
INSERT INTO `media` (`id`, `media_type_id`, `user_id`, `body`, `filename`, `size`, `metadata`, `created_at`, `updated_at`) VALUES ('211', '1', '61', 'Illum voluptatem cumque reprehenderit. Quis voluptatem odit saepe vitae dolorem quod. Rerum qui quas neque voluptas ut rerum temporibus. At dignissimos dolorem nesciunt voluptas quia.', 'sunt', 3899, NULL, '1992-10-16 08:11:00', '2001-03-20 01:26:14');
INSERT INTO `media` (`id`, `media_type_id`, `user_id`, `body`, `filename`, `size`, `metadata`, `created_at`, `updated_at`) VALUES ('212', '2', '62', 'Non amet aut doloremque aspernatur iure ut. Et nemo dolorem optio vel quaerat pariatur eaque vero. Praesentium assumenda nostrum ut magnam pariatur ipsum. Natus vel sit quos non earum non.', 'laudantium', 24773, NULL, '2003-04-19 09:03:28', '1991-10-14 02:19:33');
INSERT INTO `media` (`id`, `media_type_id`, `user_id`, `body`, `filename`, `size`, `metadata`, `created_at`, `updated_at`) VALUES ('213', '3', '63', 'Adipisci est magni ullam. Sint atque voluptatem qui libero consequuntur earum ipsam. Aspernatur provident eveniet maiores nemo provident. Et id iusto qui velit dolorum sunt.', 'tempore', 3437592, NULL, '1995-09-30 18:45:07', '1984-06-30 14:05:29');
INSERT INTO `media` (`id`, `media_type_id`, `user_id`, `body`, `filename`, `size`, `metadata`, `created_at`, `updated_at`) VALUES ('214', '4', '64', 'Nisi autem culpa animi voluptatem. Magni quae saepe quisquam dolorem iste aut. Harum iusto iste beatae similique maxime. Consequatur et nihil et voluptatum modi quo sequi. Qui fugiat sint quo ab qui inventore consequatur.', 'officiis', 1338308, NULL, '2016-09-05 16:31:03', '2015-02-18 12:05:08');
INSERT INTO `media` (`id`, `media_type_id`, `user_id`, `body`, `filename`, `size`, `metadata`, `created_at`, `updated_at`) VALUES ('215', '5', '65', 'Nam quia ut dicta rerum dolor ut. Et qui quisquam ad facere. Autem iste voluptas tempora beatae similique delectus aut.', 'minima', 1272872, NULL, '2017-01-13 14:08:47', '2007-03-22 13:18:55');
INSERT INTO `media` (`id`, `media_type_id`, `user_id`, `body`, `filename`, `size`, `metadata`, `created_at`, `updated_at`) VALUES ('216', '6', '66', 'Voluptatibus velit commodi aperiam et quisquam alias dolorum. Vel illo blanditiis nisi eligendi. Aut et tempore praesentium qui exercitationem molestiae vel. Qui est aliquam maiores ipsa sequi sunt iure assumenda. Voluptatem et sint voluptatem aliquam dolores quisquam est doloribus.', 'officia', 29575401, NULL, '1985-08-28 00:49:50', '1971-12-06 18:58:51');
INSERT INTO `media` (`id`, `media_type_id`, `user_id`, `body`, `filename`, `size`, `metadata`, `created_at`, `updated_at`) VALUES ('217', '7', '67', 'Iusto omnis ea rerum voluptatem. Autem quasi voluptatum distinctio culpa. Sed quo maiores corrupti quos veritatis. Ut atque vel sapiente id.', 'fugit', 2011, NULL, '2006-10-08 11:58:50', '1994-05-17 07:19:29');
INSERT INTO `media` (`id`, `media_type_id`, `user_id`, `body`, `filename`, `size`, `metadata`, `created_at`, `updated_at`) VALUES ('218', '8', '68', 'Provident animi temporibus saepe id reiciendis. Qui maiores numquam quo quam sed fugit. Suscipit qui sequi in minima illo. Suscipit totam esse aut expedita nobis accusamus est.', 'omnis', 69170619, NULL, '2013-10-21 04:02:01', '2010-06-07 02:50:32');
INSERT INTO `media` (`id`, `media_type_id`, `user_id`, `body`, `filename`, `size`, `metadata`, `created_at`, `updated_at`) VALUES ('219', '9', '69', 'Temporibus est commodi libero possimus qui cumque iusto voluptatem. Sequi voluptatem perferendis unde dignissimos impedit. Laboriosam sit facere aut voluptate. Laboriosam nobis rem cupiditate harum.', 'ipsam', 613, NULL, '2003-06-24 02:52:58', '1998-09-12 00:19:43');
INSERT INTO `media` (`id`, `media_type_id`, `user_id`, `body`, `filename`, `size`, `metadata`, `created_at`, `updated_at`) VALUES ('220', '10', '70', 'Et dicta doloremque et quis id aspernatur blanditiis. Dolore doloribus quo nobis officiis perspiciatis itaque. Rerum pariatur qui ab eaque recusandae voluptatibus. Dolores ut consequatur laborum dolor et et.', 'doloremque', 335, NULL, '1972-03-13 11:59:47', '2011-12-18 03:19:01');
INSERT INTO `media` (`id`, `media_type_id`, `user_id`, `body`, `filename`, `size`, `metadata`, `created_at`, `updated_at`) VALUES ('221', '1', '71', 'Quaerat inventore eius cumque earum. Sed officia voluptatem exercitationem voluptatum. Quae consequatur sunt illum repellendus. Reprehenderit ullam eum omnis in. Sit qui magnam tempora iste sunt.', 'impedit', 104197087, NULL, '2001-11-18 20:19:29', '2003-08-09 05:50:13');
INSERT INTO `media` (`id`, `media_type_id`, `user_id`, `body`, `filename`, `size`, `metadata`, `created_at`, `updated_at`) VALUES ('222', '2', '72', 'Aut distinctio ea enim est dolorem at quidem. Quaerat sed eius quisquam repellendus. Assumenda nostrum voluptatem ut et ad animi modi.', 'blanditiis', 212044, NULL, '1986-12-18 05:50:02', '1981-01-31 16:16:54');
INSERT INTO `media` (`id`, `media_type_id`, `user_id`, `body`, `filename`, `size`, `metadata`, `created_at`, `updated_at`) VALUES ('223', '3', '73', 'Reprehenderit velit qui odio distinctio. A et unde mollitia rerum delectus expedita. Odit nobis hic qui laudantium nihil voluptatum.', 'non', 4275245, NULL, '1970-09-06 20:42:00', '1990-05-15 00:55:18');
INSERT INTO `media` (`id`, `media_type_id`, `user_id`, `body`, `filename`, `size`, `metadata`, `created_at`, `updated_at`) VALUES ('224', '4', '74', 'Non eius dolore quam. Accusamus molestias ab voluptatem unde pariatur et. Placeat harum sint necessitatibus cumque pariatur et est. Possimus quasi consectetur soluta officiis.', 'quia', 2313759, NULL, '1991-04-03 04:31:04', '1984-03-28 19:16:50');
INSERT INTO `media` (`id`, `media_type_id`, `user_id`, `body`, `filename`, `size`, `metadata`, `created_at`, `updated_at`) VALUES ('225', '5', '75', 'Aspernatur iusto eum laudantium id esse. Saepe dignissimos voluptas distinctio aut perferendis. Dolores quasi rerum quasi quia maiores ut. Nihil atque sunt suscipit excepturi dolorem harum numquam.', 'atque', 310, NULL, '1972-06-28 07:32:46', '1984-07-17 05:52:54');
INSERT INTO `media` (`id`, `media_type_id`, `user_id`, `body`, `filename`, `size`, `metadata`, `created_at`, `updated_at`) VALUES ('226', '6', '76', 'Culpa voluptas praesentium est nesciunt eos necessitatibus accusamus dolor. Maiores enim delectus veritatis minus quibusdam dolorem. Ab consequatur sapiente possimus dolorum id accusamus.', 'dignissimos', 1663, NULL, '1995-02-04 13:54:36', '1979-11-14 20:52:16');
INSERT INTO `media` (`id`, `media_type_id`, `user_id`, `body`, `filename`, `size`, `metadata`, `created_at`, `updated_at`) VALUES ('227', '7', '77', 'Quia perspiciatis ea magni ducimus est sed non. Aperiam quia et ipsum qui. Exercitationem quo rerum necessitatibus. Provident aliquam odit voluptates debitis ipsa quaerat dolor. Nam molestias rerum nisi qui molestiae id beatae.', 'nemo', 41, NULL, '2008-09-07 19:58:59', '2006-07-07 00:17:37');
INSERT INTO `media` (`id`, `media_type_id`, `user_id`, `body`, `filename`, `size`, `metadata`, `created_at`, `updated_at`) VALUES ('228', '8', '78', 'Similique minima voluptatem vero excepturi. Reprehenderit non sit eaque ea quaerat. Et quibusdam architecto dolores velit. Velit perferendis quam odit quae aut distinctio deserunt.', 'mollitia', 279, NULL, '2010-10-17 03:53:38', '1973-12-13 09:07:35');
INSERT INTO `media` (`id`, `media_type_id`, `user_id`, `body`, `filename`, `size`, `metadata`, `created_at`, `updated_at`) VALUES ('229', '9', '79', 'Cum maiores magni omnis occaecati veniam optio laborum eum. Repellat rerum aspernatur velit id laborum nam repudiandae. Rerum itaque omnis provident id voluptas.', 'beatae', 759, NULL, '2009-02-23 13:37:36', '1982-12-08 13:48:43');
INSERT INTO `media` (`id`, `media_type_id`, `user_id`, `body`, `filename`, `size`, `metadata`, `created_at`, `updated_at`) VALUES ('230', '10', '80', 'Dicta inventore quia amet amet voluptate natus. Suscipit porro mollitia nostrum non id inventore. Similique et a voluptatem et adipisci molestiae et fugiat.', 'placeat', 404, NULL, '1986-10-24 03:49:13', '1982-09-22 07:07:30');
INSERT INTO `media` (`id`, `media_type_id`, `user_id`, `body`, `filename`, `size`, `metadata`, `created_at`, `updated_at`) VALUES ('231', '1', '81', 'Distinctio rerum ea quisquam quas ipsa qui. Architecto at aliquam corrupti ipsum quos est qui. Non dolor iure fugit et autem qui.', 'possimus', 62296784, NULL, '1994-06-18 22:17:16', '2017-08-31 18:07:34');
INSERT INTO `media` (`id`, `media_type_id`, `user_id`, `body`, `filename`, `size`, `metadata`, `created_at`, `updated_at`) VALUES ('232', '2', '82', 'Mollitia corrupti dolor quo tempore magni rem quia temporibus. Amet repellendus quod in. Aliquid earum exercitationem quaerat vel officia nihil sint deserunt. Totam et animi aut aut qui.', 'impedit', 2303, NULL, '1971-03-30 16:33:10', '2005-04-05 11:48:16');
INSERT INTO `media` (`id`, `media_type_id`, `user_id`, `body`, `filename`, `size`, `metadata`, `created_at`, `updated_at`) VALUES ('233', '3', '83', 'Aliquid sit vel recusandae. Sunt totam accusamus ipsam architecto eos. Consequuntur deserunt temporibus distinctio. Minus et et enim voluptas. Beatae dicta qui tenetur doloribus.', 'voluptatem', 12823464, NULL, '2019-03-31 17:02:30', '2011-03-01 23:53:50');
INSERT INTO `media` (`id`, `media_type_id`, `user_id`, `body`, `filename`, `size`, `metadata`, `created_at`, `updated_at`) VALUES ('234', '4', '84', 'Distinctio debitis quos ea accusantium inventore. Quis occaecati ut beatae laborum doloremque vel. Quisquam a rem consequuntur et repudiandae nulla quae.', 'omnis', 5138743, NULL, '1977-02-17 16:05:52', '2001-08-25 12:15:41');
INSERT INTO `media` (`id`, `media_type_id`, `user_id`, `body`, `filename`, `size`, `metadata`, `created_at`, `updated_at`) VALUES ('235', '5', '85', 'Odit beatae blanditiis officiis ut repellendus at. Dolorem similique optio doloribus dolores rerum voluptatibus ut explicabo. Qui accusantium quisquam asperiores odio. Id doloribus minima eos.', 'culpa', 25, NULL, '1974-07-28 12:31:06', '2011-11-10 20:14:28');
INSERT INTO `media` (`id`, `media_type_id`, `user_id`, `body`, `filename`, `size`, `metadata`, `created_at`, `updated_at`) VALUES ('236', '6', '86', 'Ex odio laudantium deleniti maxime voluptates quos aliquid. Consectetur ut aut doloremque. Omnis reprehenderit dolorem voluptatem pariatur ex omnis exercitationem eum. Rerum ducimus beatae quaerat quaerat excepturi.', 'animi', 355755, NULL, '2018-07-12 05:09:25', '1983-11-15 23:55:36');
INSERT INTO `media` (`id`, `media_type_id`, `user_id`, `body`, `filename`, `size`, `metadata`, `created_at`, `updated_at`) VALUES ('237', '7', '87', 'Perspiciatis repudiandae omnis quia et est rerum voluptas. Esse et magnam accusantium molestiae dolores. Qui dolores sint consequatur iste perspiciatis aut vel.', 'sed', 313062, NULL, '1979-11-26 09:50:03', '1991-01-14 08:33:43');
INSERT INTO `media` (`id`, `media_type_id`, `user_id`, `body`, `filename`, `size`, `metadata`, `created_at`, `updated_at`) VALUES ('238', '8', '88', 'Est voluptatem id dolorem voluptatem praesentium et molestiae. Eos ut eum ullam modi ut accusamus. Molestiae tenetur delectus eum id iure. Nisi tempore veritatis quia adipisci commodi numquam.', 'molestiae', 0, NULL, '1999-05-25 04:55:47', '1988-11-17 09:07:31');
INSERT INTO `media` (`id`, `media_type_id`, `user_id`, `body`, `filename`, `size`, `metadata`, `created_at`, `updated_at`) VALUES ('239', '9', '89', 'Et accusantium eligendi nulla et. Id itaque omnis perferendis id dolorem minus. Officiis quidem fugiat neque voluptatem.', 'dolorem', 570, NULL, '2010-01-07 15:17:14', '2004-07-05 08:17:14');
INSERT INTO `media` (`id`, `media_type_id`, `user_id`, `body`, `filename`, `size`, `metadata`, `created_at`, `updated_at`) VALUES ('240', '10', '90', 'Consectetur qui velit expedita voluptatem. Nemo veritatis inventore cupiditate ut dolorem et. Corporis dolorem quae voluptatem sunt deleniti et laudantium impedit. Et totam dolorem voluptas qui aliquid aspernatur.', 'rem', 0, NULL, '2019-10-04 12:41:57', '1971-06-14 07:30:44');
INSERT INTO `media` (`id`, `media_type_id`, `user_id`, `body`, `filename`, `size`, `metadata`, `created_at`, `updated_at`) VALUES ('241', '1', '91', 'Nulla est praesentium rem dignissimos ad. Et ducimus voluptatibus qui sed accusantium commodi a nihil. Animi et quis cupiditate perferendis qui aut unde. Quia voluptatum repellat nobis. Corrupti nostrum aut aut ipsum.', 'iure', 488627386, NULL, '1990-01-05 03:10:23', '1997-02-05 01:01:27');
INSERT INTO `media` (`id`, `media_type_id`, `user_id`, `body`, `filename`, `size`, `metadata`, `created_at`, `updated_at`) VALUES ('242', '2', '92', 'Cumque qui quisquam quia et. Harum qui perspiciatis quibusdam. Qui commodi atque reprehenderit vitae. Maxime quasi animi id nostrum.', 'debitis', 19307588, NULL, '1978-03-02 18:41:28', '1987-01-19 17:43:20');
INSERT INTO `media` (`id`, `media_type_id`, `user_id`, `body`, `filename`, `size`, `metadata`, `created_at`, `updated_at`) VALUES ('243', '3', '93', 'Alias dicta eum doloremque. Necessitatibus soluta enim et non molestiae aut. Sed soluta ut corrupti autem magni voluptatem quasi.', 'ut', 216190, NULL, '2002-04-11 05:12:00', '1999-01-16 15:00:53');
INSERT INTO `media` (`id`, `media_type_id`, `user_id`, `body`, `filename`, `size`, `metadata`, `created_at`, `updated_at`) VALUES ('244', '4', '94', 'Quam qui minima sit ad. Qui ipsa quo ab saepe. Sed officiis atque quod quae placeat fugiat.', 'in', 668288346, NULL, '2008-12-13 02:40:01', '1999-06-19 08:05:37');
INSERT INTO `media` (`id`, `media_type_id`, `user_id`, `body`, `filename`, `size`, `metadata`, `created_at`, `updated_at`) VALUES ('245', '5', '95', 'Quam nihil sed eum officia explicabo corrupti ut itaque. Exercitationem et impedit molestiae sit cupiditate sint. Distinctio fuga velit itaque rerum delectus quia illo excepturi. Modi odio qui facilis voluptatum quia aut iure.', 'illum', 6850496, NULL, '2009-12-26 23:59:38', '2005-01-07 04:59:52');
INSERT INTO `media` (`id`, `media_type_id`, `user_id`, `body`, `filename`, `size`, `metadata`, `created_at`, `updated_at`) VALUES ('246', '6', '96', 'Omnis aut dolor reiciendis molestiae eum id. Non pariatur est et ea sit sequi. Reiciendis et nihil quo. Et reprehenderit voluptatem similique incidunt quisquam accusantium aut.', 'eos', 159753313, NULL, '1970-05-22 21:14:18', '1972-03-29 04:53:53');
INSERT INTO `media` (`id`, `media_type_id`, `user_id`, `body`, `filename`, `size`, `metadata`, `created_at`, `updated_at`) VALUES ('247', '7', '97', 'Et et suscipit sit natus iusto occaecati exercitationem. Dolorem harum nihil voluptas officiis deserunt sint consectetur. Saepe vitae hic saepe nihil ea. Magnam voluptatem quisquam quo fugit quo nobis deleniti.', 'veniam', 13048150, NULL, '2017-06-01 22:23:15', '1986-12-17 19:08:59');
INSERT INTO `media` (`id`, `media_type_id`, `user_id`, `body`, `filename`, `size`, `metadata`, `created_at`, `updated_at`) VALUES ('248', '8', '98', 'Quas ratione laudantium aut quasi itaque. Consequatur aut deserunt sed sunt quis distinctio. Deserunt optio nobis rem inventore minus dolorum. Commodi eum quo beatae consequuntur. In nisi repudiandae modi quibusdam.', 'voluptate', 0, NULL, '1971-04-05 15:51:27', '1999-11-17 21:16:14');
INSERT INTO `media` (`id`, `media_type_id`, `user_id`, `body`, `filename`, `size`, `metadata`, `created_at`, `updated_at`) VALUES ('249', '9', '99', 'Voluptates incidunt voluptatem qui. Et ut esse odio et. Hic et omnis recusandae sed est at. Iusto alias repudiandae enim aliquid suscipit.', 'nostrum', 154422, NULL, '1977-03-24 09:47:35', '2003-05-03 06:03:56');
INSERT INTO `media` (`id`, `media_type_id`, `user_id`, `body`, `filename`, `size`, `metadata`, `created_at`, `updated_at`) VALUES ('250', '10', '100', 'Aut qui doloribus voluptatem natus quos et. Alias nemo ut occaecati ex minus et. Odio esse deserunt eos.', 'et', 85369990, NULL, '2006-03-06 19:39:24', '1983-03-20 06:44:15');


#
# TABLE STRUCTURE FOR: media_types
#

DROP TABLE IF EXISTS `media_types`;

CREATE TABLE `media_types` (
  `id` bigint(20) unsigned NOT NULL AUTO_INCREMENT,
  `name` varchar(255) COLLATE utf8mb4_unicode_ci DEFAULT NULL,
  `created_at` datetime DEFAULT current_timestamp(),
  `updated_at` datetime DEFAULT NULL ON UPDATE current_timestamp(),
  UNIQUE KEY `id` (`id`)
) ENGINE=InnoDB AUTO_INCREMENT=11 DEFAULT CHARSET=utf8mb4 COLLATE=utf8mb4_unicode_ci;

INSERT INTO `media_types` (`id`, `name`, `created_at`, `updated_at`) VALUES ('1', 'beatae', '1978-05-30 09:56:42', '1979-06-10 07:46:35');
INSERT INTO `media_types` (`id`, `name`, `created_at`, `updated_at`) VALUES ('2', 'temporibus', '2019-01-08 09:56:44', '1984-06-18 23:01:23');
INSERT INTO `media_types` (`id`, `name`, `created_at`, `updated_at`) VALUES ('3', 'aut', '2000-08-04 08:35:42', '2008-06-08 22:37:05');
INSERT INTO `media_types` (`id`, `name`, `created_at`, `updated_at`) VALUES ('4', 'eos', '2014-08-26 12:32:51', '2017-12-04 23:41:14');
INSERT INTO `media_types` (`id`, `name`, `created_at`, `updated_at`) VALUES ('5', 'assumenda', '1970-04-07 14:11:57', '1984-08-19 09:01:42');
INSERT INTO `media_types` (`id`, `name`, `created_at`, `updated_at`) VALUES ('6', 'ea', '2005-05-17 10:40:03', '2001-06-16 01:42:35');
INSERT INTO `media_types` (`id`, `name`, `created_at`, `updated_at`) VALUES ('7', 'repellat', '1982-08-06 18:49:13', '1984-08-09 01:44:16');
INSERT INTO `media_types` (`id`, `name`, `created_at`, `updated_at`) VALUES ('8', 'quos', '2019-01-07 09:43:25', '1989-05-17 05:40:04');
INSERT INTO `media_types` (`id`, `name`, `created_at`, `updated_at`) VALUES ('9', 'qui', '1975-09-20 14:55:08', '1997-07-04 13:24:10');
INSERT INTO `media_types` (`id`, `name`, `created_at`, `updated_at`) VALUES ('10', 'et', '1983-04-09 06:39:48', '2009-01-06 03:20:16');


#
# TABLE STRUCTURE FOR: messages
#

DROP TABLE IF EXISTS `messages`;

CREATE TABLE `messages` (
  `id` bigint(20) unsigned NOT NULL AUTO_INCREMENT,
  `from_user_id` bigint(20) unsigned NOT NULL,
  `to_user_id` bigint(20) unsigned NOT NULL,
  `body` text COLLATE utf8mb4_unicode_ci DEFAULT NULL,
  `created_at` datetime DEFAULT current_timestamp(),
  UNIQUE KEY `id` (`id`),
  KEY `from_user_id` (`from_user_id`),
  KEY `to_user_id` (`to_user_id`),
  CONSTRAINT `messages_ibfk_1` FOREIGN KEY (`from_user_id`) REFERENCES `users` (`id`),
  CONSTRAINT `messages_ibfk_2` FOREIGN KEY (`to_user_id`) REFERENCES `users` (`id`)
) ENGINE=InnoDB AUTO_INCREMENT=301 DEFAULT CHARSET=utf8mb4 COLLATE=utf8mb4_unicode_ci;

INSERT INTO `messages` (`id`, `from_user_id`, `to_user_id`, `body`, `created_at`) VALUES ('1', '1', '1', 'Enim non impedit non. Sint enim eum autem a quae sint. Libero magnam dolorem et quod aut fugiat. Velit perspiciatis ut qui rem quibusdam.', '2001-02-12 19:09:34');
INSERT INTO `messages` (`id`, `from_user_id`, `to_user_id`, `body`, `created_at`) VALUES ('2', '2', '2', 'Repellat fuga dolore sed quod vel aut non. Aut vel quo dolor sed. Maiores vero est sequi. Blanditiis autem ea et fugiat doloremque aut incidunt et.', '1986-10-29 19:11:28');
INSERT INTO `messages` (`id`, `from_user_id`, `to_user_id`, `body`, `created_at`) VALUES ('3', '3', '3', 'Mollitia ab dolorem corrupti debitis quod. Eum cupiditate dolor labore ea non. Cum non deleniti magnam sed doloribus eligendi nemo. Dolor cumque sunt autem fugit voluptate in.', '1991-01-31 02:44:45');
INSERT INTO `messages` (`id`, `from_user_id`, `to_user_id`, `body`, `created_at`) VALUES ('4', '4', '4', 'Maxime minus minima impedit quisquam. Dolorem fuga nihil voluptates. Odio doloremque qui et.', '2009-07-31 10:22:01');
INSERT INTO `messages` (`id`, `from_user_id`, `to_user_id`, `body`, `created_at`) VALUES ('5', '5', '5', 'Ea dolor at aspernatur. Quasi cum magnam commodi quia dolore natus. Officia et deleniti quis deleniti ipsum. Voluptas ipsa laudantium vel consequatur voluptas iste officia.', '1975-10-27 10:43:56');
INSERT INTO `messages` (`id`, `from_user_id`, `to_user_id`, `body`, `created_at`) VALUES ('6', '6', '6', 'Atque reiciendis aliquid ut provident quo et voluptate impedit. Quos repudiandae amet cumque officiis quas vel earum.', '2007-08-31 11:16:37');
INSERT INTO `messages` (`id`, `from_user_id`, `to_user_id`, `body`, `created_at`) VALUES ('7', '7', '7', 'Voluptatem enim esse non ut. Vitae aut modi dolor maiores.', '1995-07-06 06:59:10');
INSERT INTO `messages` (`id`, `from_user_id`, `to_user_id`, `body`, `created_at`) VALUES ('8', '8', '8', 'Cum eos vel et illum veniam eos autem. Dignissimos sapiente voluptatibus reiciendis iusto rerum expedita. Voluptas sed id accusamus molestias vel molestiae illo maiores. Numquam perspiciatis autem nam exercitationem assumenda.', '1996-09-04 08:07:42');
INSERT INTO `messages` (`id`, `from_user_id`, `to_user_id`, `body`, `created_at`) VALUES ('9', '9', '9', 'Animi repellat corrupti aliquam praesentium accusantium placeat dolorem labore. Cupiditate enim quia atque consequatur similique. Voluptas pariatur nisi magnam officiis beatae.', '1983-09-10 20:59:34');
INSERT INTO `messages` (`id`, `from_user_id`, `to_user_id`, `body`, `created_at`) VALUES ('10', '10', '10', 'Reprehenderit tempore omnis est iusto labore excepturi hic. Possimus vero nulla eius illo et eligendi possimus nisi. Dolorum architecto aperiam odio sit.', '2011-10-16 09:21:51');
INSERT INTO `messages` (`id`, `from_user_id`, `to_user_id`, `body`, `created_at`) VALUES ('11', '11', '11', 'Iusto qui ratione ut voluptates architecto nam ut. Commodi sed culpa dolorem ipsam. Debitis molestiae et et aliquam inventore officia. Excepturi modi explicabo ut quia cumque quia sit.', '1976-04-01 15:46:48');
INSERT INTO `messages` (`id`, `from_user_id`, `to_user_id`, `body`, `created_at`) VALUES ('12', '12', '12', 'Ut corporis necessitatibus consequatur possimus in. Eos dolores officiis minus aut recusandae dicta eveniet. Veritatis iusto assumenda nemo at ullam praesentium pariatur tenetur. Vel in aliquid deserunt expedita dolore.', '2014-02-18 02:00:12');
INSERT INTO `messages` (`id`, `from_user_id`, `to_user_id`, `body`, `created_at`) VALUES ('13', '13', '13', 'Quas ab consequuntur est similique. Consequatur eos vitae voluptas et aliquid vel voluptas. Hic adipisci itaque impedit assumenda.', '1985-12-20 17:05:44');
INSERT INTO `messages` (`id`, `from_user_id`, `to_user_id`, `body`, `created_at`) VALUES ('14', '14', '14', 'Perferendis eius nam rem dolores. Necessitatibus quia quis incidunt assumenda qui quam. Et reiciendis laboriosam placeat ut est. Ipsam recusandae et ut est.', '2002-11-10 01:18:12');
INSERT INTO `messages` (`id`, `from_user_id`, `to_user_id`, `body`, `created_at`) VALUES ('15', '15', '15', 'Tenetur aut placeat ut quia perferendis. Dolorum nihil sint illo magnam et aut aliquam ut. Amet facilis placeat sit excepturi culpa.', '2016-04-15 10:21:25');
INSERT INTO `messages` (`id`, `from_user_id`, `to_user_id`, `body`, `created_at`) VALUES ('16', '16', '16', 'Consequatur itaque iure id ut. Doloremque voluptatibus aut autem ut. Aut ullam error laboriosam atque accusantium ducimus dicta. Ut qui illum qui.', '1980-12-22 07:25:49');
INSERT INTO `messages` (`id`, `from_user_id`, `to_user_id`, `body`, `created_at`) VALUES ('17', '17', '17', 'Ex aut est molestiae ut veritatis impedit. Consectetur voluptatem iure incidunt inventore. Eveniet et mollitia ut est et est. Qui magni quam ipsa repellendus maxime cum occaecati.', '1999-06-04 17:04:01');
INSERT INTO `messages` (`id`, `from_user_id`, `to_user_id`, `body`, `created_at`) VALUES ('18', '18', '18', 'Tempora qui soluta qui error possimus soluta dolor unde. Rerum qui est qui voluptatem labore. Explicabo ut rerum voluptas commodi rerum iste aut.', '2003-08-08 05:02:27');
INSERT INTO `messages` (`id`, `from_user_id`, `to_user_id`, `body`, `created_at`) VALUES ('19', '19', '19', 'Nihil omnis velit provident in fugit sequi. Quisquam maiores qui deleniti ea ea. Neque quis deleniti corporis consectetur voluptatem occaecati suscipit odio. Architecto nam deleniti accusamus labore ad placeat.', '1998-08-01 18:17:54');
INSERT INTO `messages` (`id`, `from_user_id`, `to_user_id`, `body`, `created_at`) VALUES ('20', '20', '20', 'Distinctio non omnis dolor sint soluta non. Et eum et architecto est incidunt sunt. Error natus voluptate aperiam consequatur. Voluptates laboriosam beatae culpa ad corrupti voluptatibus sequi.', '2020-04-19 12:02:09');
INSERT INTO `messages` (`id`, `from_user_id`, `to_user_id`, `body`, `created_at`) VALUES ('21', '21', '21', 'Corporis hic ut odio perferendis facere in vel. Voluptatem dignissimos distinctio et quis consectetur sed aut. At atque esse iure maxime fuga. Incidunt distinctio quas dolorem sed est.', '2005-01-17 09:58:27');
INSERT INTO `messages` (`id`, `from_user_id`, `to_user_id`, `body`, `created_at`) VALUES ('22', '22', '22', 'Iure repudiandae fugit rerum reiciendis. Dolorem quasi repellendus ut animi alias. Qui nam officia ut minima ullam consequatur eius.', '2012-10-06 17:16:33');
INSERT INTO `messages` (`id`, `from_user_id`, `to_user_id`, `body`, `created_at`) VALUES ('23', '23', '23', 'Minus totam et rerum ut quas ratione sint. Molestias eum necessitatibus dolorem nihil est voluptatibus aut quas. Praesentium molestias autem corrupti eaque praesentium vero nulla rerum. Architecto sapiente nobis fugiat repudiandae.', '1974-12-26 02:31:40');
INSERT INTO `messages` (`id`, `from_user_id`, `to_user_id`, `body`, `created_at`) VALUES ('24', '24', '24', 'Laboriosam quia tenetur eum illo suscipit pariatur quas temporibus. Ipsa illum dignissimos quasi qui natus natus. Reiciendis magnam sit et ab sunt. Incidunt similique qui totam minus quis.', '1976-12-03 05:35:12');
INSERT INTO `messages` (`id`, `from_user_id`, `to_user_id`, `body`, `created_at`) VALUES ('25', '25', '25', 'Aliquam vel magni quia nobis non veniam reprehenderit exercitationem. Ab eum quidem et corrupti quis culpa eos aperiam. Aut nihil pariatur quae expedita. Consequatur laudantium ipsam reprehenderit voluptatem aut assumenda est.', '1974-01-21 20:38:36');
INSERT INTO `messages` (`id`, `from_user_id`, `to_user_id`, `body`, `created_at`) VALUES ('26', '26', '26', 'Nesciunt harum eum hic odit velit necessitatibus aperiam. Optio eveniet ipsa quae hic reprehenderit. Sit non natus aspernatur quos. Tempora culpa commodi voluptatem maxime aut consectetur.', '2005-05-04 04:24:53');
INSERT INTO `messages` (`id`, `from_user_id`, `to_user_id`, `body`, `created_at`) VALUES ('27', '27', '27', 'Ut ducimus nobis sit. A beatae sint dicta commodi eos architecto.', '1982-10-21 20:28:41');
INSERT INTO `messages` (`id`, `from_user_id`, `to_user_id`, `body`, `created_at`) VALUES ('28', '28', '28', 'Voluptate pariatur reprehenderit omnis ab fuga et dolor. Facilis quae magnam ut officia quasi. Voluptatem illum dolor laudantium doloremque dolorum.', '1995-09-01 09:06:14');
INSERT INTO `messages` (`id`, `from_user_id`, `to_user_id`, `body`, `created_at`) VALUES ('29', '29', '29', 'Illo alias excepturi id debitis quos pariatur. Ea illum velit perferendis est labore. Necessitatibus veniam sint asperiores excepturi. Dolor fuga voluptatem sapiente fugiat quia.', '1989-12-12 20:14:30');
INSERT INTO `messages` (`id`, `from_user_id`, `to_user_id`, `body`, `created_at`) VALUES ('30', '30', '30', 'Qui rerum voluptatem voluptas suscipit minus accusantium. Dolor sequi est consequatur quis recusandae non. Et autem sunt esse.', '2018-08-18 13:09:12');
INSERT INTO `messages` (`id`, `from_user_id`, `to_user_id`, `body`, `created_at`) VALUES ('31', '31', '31', 'Amet necessitatibus quia molestiae veniam explicabo repellendus magnam. Earum earum in maxime. Nam ipsa officia quae accusamus saepe et minus aut.', '1996-11-23 07:03:46');
INSERT INTO `messages` (`id`, `from_user_id`, `to_user_id`, `body`, `created_at`) VALUES ('32', '32', '32', 'Sint aspernatur recusandae perspiciatis mollitia accusamus. Quasi animi nihil reiciendis dolorem officia maxime. Et et sint consectetur.', '1987-04-24 14:23:11');
INSERT INTO `messages` (`id`, `from_user_id`, `to_user_id`, `body`, `created_at`) VALUES ('33', '33', '33', 'A optio magni unde et quam temporibus quibusdam. Officia id assumenda qui provident. Reiciendis tenetur hic incidunt voluptate ipsam maxime. Aut rerum aspernatur aut aliquid quo mollitia molestiae.', '2011-07-17 21:30:24');
INSERT INTO `messages` (`id`, `from_user_id`, `to_user_id`, `body`, `created_at`) VALUES ('34', '34', '34', 'Ipsa laboriosam accusantium minima natus. Mollitia quos et atque quis. Totam qui aut odio accusantium mollitia ducimus et. Ipsam ut qui et ratione aut a.', '2021-01-09 15:37:53');
INSERT INTO `messages` (`id`, `from_user_id`, `to_user_id`, `body`, `created_at`) VALUES ('35', '35', '35', 'Hic mollitia officiis odio corporis autem quam. Dolor et recusandae repudiandae et tempora cumque. Nihil ab voluptatem est aut. Voluptatem provident iure hic in est. Illo nesciunt ut veritatis voluptates voluptatum aperiam est dolore.', '2018-11-30 05:05:30');
INSERT INTO `messages` (`id`, `from_user_id`, `to_user_id`, `body`, `created_at`) VALUES ('36', '36', '36', 'Commodi rerum enim consequatur sint minima et. Rerum praesentium explicabo beatae sunt accusamus aut expedita. Cumque iure ratione et rem provident a.', '1980-09-05 22:10:39');
INSERT INTO `messages` (`id`, `from_user_id`, `to_user_id`, `body`, `created_at`) VALUES ('37', '37', '37', 'Rerum tempora eligendi ad amet. Fugit esse iure optio non repellendus. Sapiente odit ducimus quis quisquam.', '1987-02-18 12:17:23');
INSERT INTO `messages` (`id`, `from_user_id`, `to_user_id`, `body`, `created_at`) VALUES ('38', '38', '38', 'Atque voluptates aut minima possimus sunt. Illo ipsa est veniam est. Eos ut delectus qui delectus laudantium. Quod voluptatem eum occaecati voluptatibus fugit.', '2013-04-13 06:03:33');
INSERT INTO `messages` (`id`, `from_user_id`, `to_user_id`, `body`, `created_at`) VALUES ('39', '39', '39', 'Illum autem est distinctio nesciunt recusandae possimus debitis. Rem cum porro earum quae.', '2015-04-08 06:34:29');
INSERT INTO `messages` (`id`, `from_user_id`, `to_user_id`, `body`, `created_at`) VALUES ('40', '40', '40', 'Fuga tempore tenetur nihil suscipit sequi molestiae. Quidem laudantium dolorem officiis natus ab. Vel inventore ex reiciendis ipsa vero aut. Dolorum quae sed voluptate est eum.', '2019-07-01 10:17:04');
INSERT INTO `messages` (`id`, `from_user_id`, `to_user_id`, `body`, `created_at`) VALUES ('41', '41', '41', 'Animi et officiis vero aut. Esse eaque quis quia quia eos atque. Atque laborum odit qui modi sit voluptas.', '2018-02-17 16:55:56');
INSERT INTO `messages` (`id`, `from_user_id`, `to_user_id`, `body`, `created_at`) VALUES ('42', '42', '42', 'Sed et quia iste voluptatum aut sit. Dicta voluptates molestiae harum nobis voluptatum ipsa possimus. Velit qui adipisci voluptas qui.', '1982-02-27 11:22:07');
INSERT INTO `messages` (`id`, `from_user_id`, `to_user_id`, `body`, `created_at`) VALUES ('43', '43', '43', 'Beatae consequatur aspernatur deserunt minima ipsam. Ratione dicta blanditiis omnis amet facilis expedita vitae. Non laudantium aut reiciendis. Qui quas corrupti qui nulla voluptatibus.', '2019-02-23 00:35:52');
INSERT INTO `messages` (`id`, `from_user_id`, `to_user_id`, `body`, `created_at`) VALUES ('44', '44', '44', 'Quo quia unde magni ducimus omnis pariatur. Ex nam non ea aliquid natus non facere. Sed necessitatibus quo molestiae iure ipsam. Tenetur temporibus nam quo fugiat quam.', '1987-11-01 13:31:21');
INSERT INTO `messages` (`id`, `from_user_id`, `to_user_id`, `body`, `created_at`) VALUES ('45', '45', '45', 'Et facere tenetur quia impedit saepe omnis dignissimos. Vel facere dolores voluptas molestiae dignissimos dolores assumenda. Voluptate aut quis sapiente.', '1999-01-21 16:47:06');
INSERT INTO `messages` (`id`, `from_user_id`, `to_user_id`, `body`, `created_at`) VALUES ('46', '46', '46', 'Atque enim consequatur ab non aperiam qui nobis. Commodi deleniti aut at eos et atque expedita. Voluptas eum voluptatum et unde officiis non.', '2011-11-08 19:17:41');
INSERT INTO `messages` (`id`, `from_user_id`, `to_user_id`, `body`, `created_at`) VALUES ('47', '47', '47', 'Vitae ut deleniti corporis optio. Repudiandae eum nostrum ad quod temporibus possimus. Aut ea nemo est sed sed vitae totam maiores. Dolores cumque unde sint. In dolorem ipsum molestiae animi optio.', '2013-03-17 00:48:33');
INSERT INTO `messages` (`id`, `from_user_id`, `to_user_id`, `body`, `created_at`) VALUES ('48', '48', '48', 'Autem dolor magnam nisi voluptates. Aut doloremque eos quas aut debitis aut. Ad commodi aut voluptatibus vero reprehenderit illo. Veritatis eveniet consequatur id qui rerum.', '1981-07-16 00:35:24');
INSERT INTO `messages` (`id`, `from_user_id`, `to_user_id`, `body`, `created_at`) VALUES ('49', '49', '49', 'Quasi accusantium molestiae neque et quis at. Laudantium cupiditate optio velit alias nobis voluptatem delectus. Excepturi exercitationem ut maiores. Deleniti aperiam voluptatum quos molestias nobis exercitationem. Voluptas id consequatur illum dolorum voluptate quisquam.', '2002-09-09 15:00:03');
INSERT INTO `messages` (`id`, `from_user_id`, `to_user_id`, `body`, `created_at`) VALUES ('50', '50', '50', 'Quo quae et ullam unde molestiae. Culpa magnam fugit soluta repellendus a. Eligendi quasi excepturi voluptates dolores saepe. Quod officia qui quidem laboriosam necessitatibus dignissimos animi optio.', '2009-07-05 19:38:15');
INSERT INTO `messages` (`id`, `from_user_id`, `to_user_id`, `body`, `created_at`) VALUES ('51', '51', '51', 'Ipsum nobis laboriosam id repellendus. Reiciendis quia officia impedit. Nisi iusto quia ipsum numquam numquam magnam animi vitae. Voluptatum voluptas molestiae cumque accusamus enim suscipit in et.', '2010-02-15 04:10:29');
INSERT INTO `messages` (`id`, `from_user_id`, `to_user_id`, `body`, `created_at`) VALUES ('52', '52', '52', 'Quas aspernatur sed enim atque. Voluptatem quo sunt corporis reiciendis. Harum sunt possimus omnis nesciunt consequatur. Sed accusantium tenetur blanditiis repellendus consequatur quos tempore quis.', '1988-04-11 21:41:39');
INSERT INTO `messages` (`id`, `from_user_id`, `to_user_id`, `body`, `created_at`) VALUES ('53', '53', '53', 'Hic nam architecto quibusdam omnis natus sapiente. Dolorem suscipit rerum ab non veniam nisi aut. Voluptas est earum quod harum tempora vel in. Amet ex consequatur fugiat aut voluptas.', '1982-02-02 13:55:45');
INSERT INTO `messages` (`id`, `from_user_id`, `to_user_id`, `body`, `created_at`) VALUES ('54', '54', '54', 'Saepe ratione sunt tempore qui. Dolorem quis doloribus quos reiciendis perferendis adipisci.', '2000-03-31 14:11:09');
INSERT INTO `messages` (`id`, `from_user_id`, `to_user_id`, `body`, `created_at`) VALUES ('55', '55', '55', 'Totam corrupti doloribus doloremque. Et neque incidunt ut debitis voluptatem omnis sint. Illum praesentium minus rerum aperiam quia assumenda ex. Fugit commodi unde iste voluptas aliquid est.', '2002-11-15 01:13:47');
INSERT INTO `messages` (`id`, `from_user_id`, `to_user_id`, `body`, `created_at`) VALUES ('56', '56', '56', 'Aut dicta explicabo non est expedita. Beatae error itaque non quasi aperiam quo molestiae non. Doloremque temporibus iure in odit deleniti repellendus temporibus et.', '1971-05-27 09:42:01');
INSERT INTO `messages` (`id`, `from_user_id`, `to_user_id`, `body`, `created_at`) VALUES ('57', '57', '57', 'Eos voluptatem aut molestias vero illo pariatur ut. Voluptatum et quis ratione eos consequatur reprehenderit. Quam aspernatur quasi aut. Perferendis a atque quisquam perspiciatis.', '1995-12-29 06:43:27');
INSERT INTO `messages` (`id`, `from_user_id`, `to_user_id`, `body`, `created_at`) VALUES ('58', '58', '58', 'Aut sequi consectetur voluptate deserunt et reiciendis. Ducimus magnam reiciendis voluptates rem.', '2004-08-31 08:15:31');
INSERT INTO `messages` (`id`, `from_user_id`, `to_user_id`, `body`, `created_at`) VALUES ('59', '59', '59', 'Similique magni maxime commodi voluptatem rerum. Voluptas totam numquam beatae quis occaecati consectetur quam beatae. Quia vel natus consequatur inventore fugiat est illo. Quis ducimus est facere aliquam. Sed aspernatur nihil voluptate recusandae incidunt quis necessitatibus.', '2001-11-12 07:43:01');
INSERT INTO `messages` (`id`, `from_user_id`, `to_user_id`, `body`, `created_at`) VALUES ('60', '60', '60', 'Fuga odit perspiciatis explicabo eum magnam consequatur consequatur. Commodi aut autem incidunt qui nihil repellendus. Error provident et perferendis eum est sed eveniet.', '1980-08-27 07:58:08');
INSERT INTO `messages` (`id`, `from_user_id`, `to_user_id`, `body`, `created_at`) VALUES ('61', '61', '61', 'Reiciendis iure voluptate vitae cumque dolorem eaque quod in. Nihil nobis qui delectus qui quasi. Atque est nesciunt autem sequi et sed.', '1998-04-05 03:54:27');
INSERT INTO `messages` (`id`, `from_user_id`, `to_user_id`, `body`, `created_at`) VALUES ('62', '62', '62', 'Ratione corporis quasi iure nemo in dolor fugiat. Deleniti doloremque expedita quisquam id. Enim ea rem maiores nihil sed est. Alias voluptatem ratione sed quia est blanditiis sit.', '1988-05-22 10:44:06');
INSERT INTO `messages` (`id`, `from_user_id`, `to_user_id`, `body`, `created_at`) VALUES ('63', '63', '63', 'Tenetur id ea saepe praesentium voluptatem mollitia. Fugiat porro error dolor repudiandae esse omnis. Facere qui quod dolor laborum. Unde impedit esse sed.', '2013-08-02 13:08:06');
INSERT INTO `messages` (`id`, `from_user_id`, `to_user_id`, `body`, `created_at`) VALUES ('64', '64', '64', 'Esse accusantium dolorem cupiditate doloremque corrupti iste natus. Molestiae et dolor enim cupiditate. Autem dolores et autem optio et ut error reprehenderit.', '2010-09-23 01:06:30');
INSERT INTO `messages` (`id`, `from_user_id`, `to_user_id`, `body`, `created_at`) VALUES ('65', '65', '65', 'Dolores ut pariatur reprehenderit quo laboriosam voluptatem cumque. Libero qui corporis autem a eum quaerat consequatur. Qui blanditiis excepturi est occaecati natus doloribus et quis.', '1990-02-16 16:35:42');
INSERT INTO `messages` (`id`, `from_user_id`, `to_user_id`, `body`, `created_at`) VALUES ('66', '66', '66', 'Odio expedita iusto ab itaque quo nihil omnis. Consequatur molestiae animi et recusandae sit. Rerum explicabo molestiae debitis et laborum vitae quas.', '1996-04-03 18:28:47');
INSERT INTO `messages` (`id`, `from_user_id`, `to_user_id`, `body`, `created_at`) VALUES ('67', '67', '67', 'Maiores delectus et ex accusantium repellat rerum et et. Maiores doloremque beatae maxime corrupti ut possimus veritatis.', '2005-04-13 23:32:15');
INSERT INTO `messages` (`id`, `from_user_id`, `to_user_id`, `body`, `created_at`) VALUES ('68', '68', '68', 'Non sit deleniti eos atque modi labore nihil. Inventore eos aliquam laudantium amet aperiam molestias dolor. Quaerat tenetur odit qui facilis iusto fugiat quas.', '1985-07-04 03:26:03');
INSERT INTO `messages` (`id`, `from_user_id`, `to_user_id`, `body`, `created_at`) VALUES ('69', '69', '69', 'Quis cum ut possimus et atque minima. Hic a ex aliquam in rerum necessitatibus. Omnis voluptas minus dolorem sit aliquid ex earum et. Cumque vel quia commodi et. Nisi provident illum hic accusamus sunt consequatur similique.', '1997-08-07 21:10:13');
INSERT INTO `messages` (`id`, `from_user_id`, `to_user_id`, `body`, `created_at`) VALUES ('70', '70', '70', 'Veniam dicta dolorum aut incidunt nihil soluta qui. Nulla id ut excepturi tempore consequatur aliquam. Voluptas corrupti non rem nihil. Quia ea enim voluptas voluptas rerum sed nam.', '2010-08-27 19:11:35');
INSERT INTO `messages` (`id`, `from_user_id`, `to_user_id`, `body`, `created_at`) VALUES ('71', '71', '71', 'Architecto dolores repellendus hic labore excepturi doloribus consequatur omnis. Accusamus voluptatem tempora beatae optio itaque enim omnis sed. Exercitationem rerum eos voluptas provident corrupti qui.', '1972-06-24 00:04:25');
INSERT INTO `messages` (`id`, `from_user_id`, `to_user_id`, `body`, `created_at`) VALUES ('72', '72', '72', 'Ullam non qui saepe non. Voluptas ducimus voluptatem ducimus pariatur aut vel qui. Perferendis dolorem et earum est. Voluptatem voluptates dolorem ut est.', '1986-02-18 07:13:16');
INSERT INTO `messages` (`id`, `from_user_id`, `to_user_id`, `body`, `created_at`) VALUES ('73', '73', '73', 'Ad est voluptatem omnis. Facere omnis consequuntur et. Ut odio neque quidem et nisi. Ratione eius nemo et iure voluptatem quia.', '1978-09-09 19:51:50');
INSERT INTO `messages` (`id`, `from_user_id`, `to_user_id`, `body`, `created_at`) VALUES ('74', '74', '74', 'Tempora voluptatibus sint molestiae. Reprehenderit esse voluptas consequatur nihil rem. Explicabo sapiente beatae adipisci autem omnis odit sequi. Officiis beatae quas iusto ea dolores culpa rerum.', '1977-02-20 17:54:37');
INSERT INTO `messages` (`id`, `from_user_id`, `to_user_id`, `body`, `created_at`) VALUES ('75', '75', '75', 'Numquam quis aut laudantium sint quis numquam qui. Dolore repellendus quae cumque commodi. Praesentium hic reprehenderit sint laudantium sit. Nihil iste iusto quia.', '1985-10-19 21:31:58');
INSERT INTO `messages` (`id`, `from_user_id`, `to_user_id`, `body`, `created_at`) VALUES ('76', '76', '76', 'Veniam ipsam magni dolorum iure. Natus dolor perspiciatis reprehenderit. Repudiandae sequi soluta recusandae cupiditate. Alias sint veniam minus.', '2014-02-24 20:41:12');
INSERT INTO `messages` (`id`, `from_user_id`, `to_user_id`, `body`, `created_at`) VALUES ('77', '77', '77', 'Id aut occaecati dignissimos sapiente numquam illum. Vitae aliquid aut laudantium enim sunt nobis est in. Enim sed doloremque voluptates vel tenetur. Quia blanditiis velit eum quos.', '1996-06-14 04:40:25');
INSERT INTO `messages` (`id`, `from_user_id`, `to_user_id`, `body`, `created_at`) VALUES ('78', '78', '78', 'Eaque odit eum ducimus quibusdam. Consequatur nulla veritatis velit enim fugiat maiores voluptas. Rerum similique et dicta laboriosam eos sapiente officia ut. Labore minima asperiores quidem a cumque.', '1995-10-06 21:40:01');
INSERT INTO `messages` (`id`, `from_user_id`, `to_user_id`, `body`, `created_at`) VALUES ('79', '79', '79', 'Voluptas non temporibus dolor voluptatibus. Qui illo quam dolorem voluptatem libero quam repellat quas. Architecto quisquam velit quae omnis dignissimos sunt. Magni et impedit eligendi omnis voluptates.', '2016-09-29 07:15:22');
INSERT INTO `messages` (`id`, `from_user_id`, `to_user_id`, `body`, `created_at`) VALUES ('80', '80', '80', 'Doloremque quae explicabo voluptatem id qui. Ullam vel exercitationem hic consequatur. Pariatur totam nam velit omnis sequi magnam sit doloremque. Officiis totam placeat placeat aut et.', '2002-05-13 10:44:27');
INSERT INTO `messages` (`id`, `from_user_id`, `to_user_id`, `body`, `created_at`) VALUES ('81', '81', '81', 'Maiores nobis minus eos modi maxime eligendi quia. Omnis quo asperiores culpa. Laborum odio perferendis ut ut iste corporis. In et nihil laudantium voluptatem omnis odio quibusdam.', '1993-06-20 21:44:41');
INSERT INTO `messages` (`id`, `from_user_id`, `to_user_id`, `body`, `created_at`) VALUES ('82', '82', '82', 'Et deleniti ratione dignissimos velit est. In laudantium qui quidem consequatur. Aut eos amet provident maiores quo molestiae.', '1978-01-29 06:03:51');
INSERT INTO `messages` (`id`, `from_user_id`, `to_user_id`, `body`, `created_at`) VALUES ('83', '83', '83', 'Quia deserunt veniam ut veniam nisi deleniti. Id provident vel consectetur earum ea nisi. Incidunt sapiente odio sint qui fuga.', '1975-08-13 00:58:44');
INSERT INTO `messages` (`id`, `from_user_id`, `to_user_id`, `body`, `created_at`) VALUES ('84', '84', '84', 'Omnis consequuntur tenetur at vel. Sequi rerum pariatur ut enim in similique. Enim saepe illum fugit dolorem excepturi. Temporibus dolor quibusdam quod aut. Rem reprehenderit vel consequatur tempora autem provident quisquam.', '1983-11-12 02:55:40');
INSERT INTO `messages` (`id`, `from_user_id`, `to_user_id`, `body`, `created_at`) VALUES ('85', '85', '85', 'Magnam ut pariatur ut voluptatem. Molestiae quae accusantium et quia commodi et. Sunt repudiandae eos suscipit occaecati.', '1986-11-14 10:59:18');
INSERT INTO `messages` (`id`, `from_user_id`, `to_user_id`, `body`, `created_at`) VALUES ('86', '86', '86', 'Molestias ipsa quis voluptatibus repellat nihil id dolor. Dolores nisi autem perferendis porro. Ullam libero culpa suscipit est. Libero dolor et et aut iste at.', '1996-06-04 02:28:57');
INSERT INTO `messages` (`id`, `from_user_id`, `to_user_id`, `body`, `created_at`) VALUES ('87', '87', '87', 'Exercitationem autem atque iusto quia dolor. Ab nobis quidem saepe voluptatem voluptatem eum. Saepe atque suscipit inventore qui quod.', '1971-01-03 08:02:20');
INSERT INTO `messages` (`id`, `from_user_id`, `to_user_id`, `body`, `created_at`) VALUES ('88', '88', '88', 'Qui quod aut nesciunt tenetur nam sapiente qui. Id vero ea aperiam repellat ad consequatur. Nemo explicabo dignissimos dolorem eius ea. Tempore optio nesciunt ullam eveniet cumque natus doloribus qui. Rerum dolores aut itaque odit illum eum quaerat.', '1993-04-17 09:25:40');
INSERT INTO `messages` (`id`, `from_user_id`, `to_user_id`, `body`, `created_at`) VALUES ('89', '89', '89', 'Quaerat et aliquid et dignissimos voluptate. Earum quae qui similique inventore voluptate temporibus. Velit odit et rerum iusto. Ab minima alias at quia.', '2005-07-22 12:34:29');
INSERT INTO `messages` (`id`, `from_user_id`, `to_user_id`, `body`, `created_at`) VALUES ('90', '90', '90', 'Magni repudiandae occaecati deserunt sunt aliquid eligendi error quaerat. Et velit neque omnis animi et officia. Voluptatibus ex illum qui alias voluptatibus sit voluptatem. Aut qui sint aut sit nihil eveniet repudiandae.', '1991-08-14 12:34:34');
INSERT INTO `messages` (`id`, `from_user_id`, `to_user_id`, `body`, `created_at`) VALUES ('91', '91', '91', 'Eos quia est consequuntur reprehenderit aut et. Iure qui quis distinctio asperiores facere ab. Vel aut ab aut repudiandae quis magnam.', '1991-01-21 16:37:23');
INSERT INTO `messages` (`id`, `from_user_id`, `to_user_id`, `body`, `created_at`) VALUES ('92', '92', '92', 'Sapiente nulla cumque doloribus repellat. Et amet laudantium atque quam et non amet. Officiis officia qui quod quia earum vitae. Fuga dicta nam eius quis expedita animi.', '1977-10-07 16:14:07');
INSERT INTO `messages` (`id`, `from_user_id`, `to_user_id`, `body`, `created_at`) VALUES ('93', '93', '93', 'Dolor voluptates possimus officiis natus cum. Minima similique nobis rerum maiores. Qui quod aut unde sit numquam sed. Officia nobis maiores cupiditate amet quisquam. Quidem repellat est voluptate id omnis qui aut.', '2018-06-27 21:58:47');
INSERT INTO `messages` (`id`, `from_user_id`, `to_user_id`, `body`, `created_at`) VALUES ('94', '94', '94', 'Accusamus consectetur est adipisci id corrupti. Qui nobis non dolore quos ut quidem. Est voluptates magni iusto dolores tenetur officia dolor. Est autem est itaque doloremque.', '1991-11-16 10:03:50');
INSERT INTO `messages` (`id`, `from_user_id`, `to_user_id`, `body`, `created_at`) VALUES ('95', '95', '95', 'Doloribus consequatur error aut ut et minima. Possimus omnis sit laborum id est. Tempore modi explicabo quis ea consequuntur et. Corporis magni molestiae voluptatem voluptatem voluptas.', '2018-10-31 13:38:53');
INSERT INTO `messages` (`id`, `from_user_id`, `to_user_id`, `body`, `created_at`) VALUES ('96', '96', '96', 'Sint nihil sit non sint. Cupiditate corrupti officiis tenetur aut sint. Tempora est modi quia dolores voluptatum. Molestiae aut optio provident ut.', '1979-03-27 22:33:31');
INSERT INTO `messages` (`id`, `from_user_id`, `to_user_id`, `body`, `created_at`) VALUES ('97', '97', '97', 'Vel aperiam qui explicabo eaque. Fugiat ratione esse dolores. Id molestias maiores et.', '1983-03-26 04:45:57');
INSERT INTO `messages` (`id`, `from_user_id`, `to_user_id`, `body`, `created_at`) VALUES ('98', '98', '98', 'Commodi officia aut sit omnis et. Sed sed possimus distinctio ea ipsam qui aut aut. Illo eos debitis non libero culpa magni iusto.', '2017-08-21 12:22:20');
INSERT INTO `messages` (`id`, `from_user_id`, `to_user_id`, `body`, `created_at`) VALUES ('99', '99', '99', 'Iusto ea ut fugit excepturi et. Quam consequuntur beatae dolore autem omnis. Et est doloribus ipsa reprehenderit est. Reprehenderit tempora quis deserunt.', '1999-10-11 14:21:55');
INSERT INTO `messages` (`id`, `from_user_id`, `to_user_id`, `body`, `created_at`) VALUES ('100', '100', '100', 'Labore voluptate rerum quia possimus et. Consectetur adipisci quo sapiente molestias aspernatur. Quidem cumque reiciendis blanditiis nesciunt amet ipsa. Placeat facilis neque officiis dignissimos.', '2012-01-25 19:22:44');
INSERT INTO `messages` (`id`, `from_user_id`, `to_user_id`, `body`, `created_at`) VALUES ('101', '101', '101', 'Quia similique sint vero adipisci. Fuga eos quis doloremque rerum est vel. Perspiciatis repellat vitae vero autem velit laboriosam. Delectus maxime sunt ipsum blanditiis libero et.', '1991-04-02 15:21:26');
INSERT INTO `messages` (`id`, `from_user_id`, `to_user_id`, `body`, `created_at`) VALUES ('102', '102', '102', 'Voluptatibus quos sit explicabo. Excepturi est soluta beatae sed quia.', '2014-05-14 20:36:00');
INSERT INTO `messages` (`id`, `from_user_id`, `to_user_id`, `body`, `created_at`) VALUES ('103', '103', '103', 'Voluptas fuga quibusdam est dolores architecto dolores dignissimos. Eius quis et est debitis quos itaque eius. Architecto vitae illum voluptas explicabo voluptatem. Numquam autem earum ut alias dolor.', '1986-10-13 16:16:21');
INSERT INTO `messages` (`id`, `from_user_id`, `to_user_id`, `body`, `created_at`) VALUES ('104', '104', '104', 'Enim voluptatem qui est fugiat est dicta. Et sequi aut cupiditate aperiam omnis voluptatem non similique. Sapiente eos placeat nam fuga harum illo.', '2005-06-10 12:16:26');
INSERT INTO `messages` (`id`, `from_user_id`, `to_user_id`, `body`, `created_at`) VALUES ('105', '105', '105', 'Ea sapiente voluptatum reiciendis quia eum. Et eligendi officia aut dolorem id nesciunt. Porro aut earum quia eius facilis quam. Ea repudiandae voluptas voluptatem eos. Quod sapiente consequatur fugit est.', '2011-07-15 18:41:34');
INSERT INTO `messages` (`id`, `from_user_id`, `to_user_id`, `body`, `created_at`) VALUES ('106', '106', '106', 'Optio eius quisquam sit aut. At natus est assumenda et consequatur commodi. Dolorem tempore sint aut expedita ducimus omnis. Animi doloribus nesciunt culpa explicabo recusandae.', '2017-05-20 19:25:44');
INSERT INTO `messages` (`id`, `from_user_id`, `to_user_id`, `body`, `created_at`) VALUES ('107', '107', '107', 'Et sunt itaque expedita reiciendis et. Ad omnis fugit quis laborum non in commodi.', '1970-12-01 00:05:38');
INSERT INTO `messages` (`id`, `from_user_id`, `to_user_id`, `body`, `created_at`) VALUES ('108', '108', '108', 'Voluptatem fugiat nemo dolores maxime maiores. Temporibus adipisci nulla itaque commodi. Ut ut ipsam officia ea.', '2000-12-17 05:37:13');
INSERT INTO `messages` (`id`, `from_user_id`, `to_user_id`, `body`, `created_at`) VALUES ('109', '109', '109', 'Amet fuga alias nostrum dolore minima vel facere. Vel mollitia eligendi soluta dolorem animi doloribus cupiditate. Tempora sit molestias optio voluptas.', '2018-08-16 07:50:53');
INSERT INTO `messages` (`id`, `from_user_id`, `to_user_id`, `body`, `created_at`) VALUES ('110', '110', '110', 'Voluptates rerum libero eum consectetur. Nisi culpa ipsa porro molestiae est qui omnis. Qui necessitatibus iste et dicta repellendus. Molestiae deserunt quod ut et cupiditate quos voluptas culpa.', '2002-09-30 10:29:24');
INSERT INTO `messages` (`id`, `from_user_id`, `to_user_id`, `body`, `created_at`) VALUES ('111', '111', '111', 'Ipsa sunt ut id facere. Voluptatibus nesciunt culpa a iure. Neque ab explicabo ut id dolores. Quasi omnis sunt qui eaque nesciunt.', '2009-11-07 06:33:15');
INSERT INTO `messages` (`id`, `from_user_id`, `to_user_id`, `body`, `created_at`) VALUES ('112', '112', '112', 'Explicabo suscipit in voluptatem ut eum et perferendis. Enim cumque temporibus consequatur dicta quia ut dolore. Voluptatem non enim inventore natus laboriosam dolorem.', '1978-05-18 06:37:21');
INSERT INTO `messages` (`id`, `from_user_id`, `to_user_id`, `body`, `created_at`) VALUES ('113', '113', '113', 'Doloremque maxime vero qui itaque. Amet ut occaecati et quo eos nihil consequuntur eum. Autem in ab facere natus dicta dolores et accusamus.', '1972-12-24 22:23:26');
INSERT INTO `messages` (`id`, `from_user_id`, `to_user_id`, `body`, `created_at`) VALUES ('114', '114', '114', 'Illum nisi ex inventore adipisci id ea. Maiores fugiat qui suscipit corrupti animi veritatis. Sunt eum assumenda ipsa accusamus maxime sunt error pariatur.', '2012-04-29 14:56:01');
INSERT INTO `messages` (`id`, `from_user_id`, `to_user_id`, `body`, `created_at`) VALUES ('115', '115', '115', 'Sunt reprehenderit impedit quaerat ut. Et praesentium eum ut sit consectetur architecto. Dignissimos voluptatem dolorem possimus. Culpa doloremque officia labore.', '2010-04-09 14:14:29');
INSERT INTO `messages` (`id`, `from_user_id`, `to_user_id`, `body`, `created_at`) VALUES ('116', '116', '116', 'Quaerat molestiae modi soluta rerum. Mollitia qui dolor cum id. Aliquid sunt doloribus nobis ut aut minus aliquam. Modi omnis consequatur ut dolor atque est ducimus.', '1975-01-14 12:44:38');
INSERT INTO `messages` (`id`, `from_user_id`, `to_user_id`, `body`, `created_at`) VALUES ('117', '117', '117', 'Ducimus sequi perferendis fugiat voluptatem dolores impedit voluptate. Odit libero esse aut eaque ut est minima exercitationem. Modi omnis nulla accusamus quod et omnis.', '2004-07-22 10:13:38');
INSERT INTO `messages` (`id`, `from_user_id`, `to_user_id`, `body`, `created_at`) VALUES ('118', '118', '118', 'Quis illum a saepe. Cumque doloremque iusto voluptatem repellat.', '1974-03-06 16:54:19');
INSERT INTO `messages` (`id`, `from_user_id`, `to_user_id`, `body`, `created_at`) VALUES ('119', '119', '119', 'Repellendus quis vel dignissimos officiis aut. Pariatur dolore voluptate consequatur sapiente eos omnis eveniet ut. Laudantium eaque expedita repellendus nobis ipsum quis. Dignissimos et quam quia magnam.', '1990-06-07 01:47:55');
INSERT INTO `messages` (`id`, `from_user_id`, `to_user_id`, `body`, `created_at`) VALUES ('120', '120', '120', 'Ut distinctio qui sapiente ut et sed tempora autem. Veritatis aperiam dolor debitis quasi nisi. Ut voluptates vel vero est alias voluptas optio. Neque natus nihil ut.', '1972-01-02 20:22:08');
INSERT INTO `messages` (`id`, `from_user_id`, `to_user_id`, `body`, `created_at`) VALUES ('121', '121', '121', 'Accusantium rerum eveniet deserunt et laudantium sed. Sint libero et vitae eos quo inventore.', '2013-08-08 07:16:19');
INSERT INTO `messages` (`id`, `from_user_id`, `to_user_id`, `body`, `created_at`) VALUES ('122', '122', '122', 'Eum voluptatum id necessitatibus magnam dolores quis quam blanditiis. Officia nam at odio facilis. Qui porro ipsum sed sit ut. Ex autem reprehenderit illum accusantium velit.', '2006-03-18 12:33:50');
INSERT INTO `messages` (`id`, `from_user_id`, `to_user_id`, `body`, `created_at`) VALUES ('123', '123', '123', 'Voluptatem temporibus ea omnis. Accusantium est corporis consequatur aut. Autem vel odio quos quae fugit.', '2010-06-05 11:40:36');
INSERT INTO `messages` (`id`, `from_user_id`, `to_user_id`, `body`, `created_at`) VALUES ('124', '124', '124', 'Veritatis nihil porro eum sit. Nisi reiciendis ab reprehenderit nihil et itaque sint. Hic aliquid accusantium ut qui odio nemo quis.', '2014-06-07 13:28:21');
INSERT INTO `messages` (`id`, `from_user_id`, `to_user_id`, `body`, `created_at`) VALUES ('125', '125', '125', 'Quia qui itaque asperiores atque repellat dignissimos rerum. Ducimus et cupiditate vel blanditiis aut cum omnis. Dicta similique sequi architecto dolorem.', '1993-10-14 06:44:33');
INSERT INTO `messages` (`id`, `from_user_id`, `to_user_id`, `body`, `created_at`) VALUES ('126', '126', '126', 'Corrupti ad ad quisquam. In nam ut hic. Non quaerat deleniti ab impedit error voluptatum occaecati non. Dolorem aliquid velit eveniet.', '1991-02-17 12:24:50');
INSERT INTO `messages` (`id`, `from_user_id`, `to_user_id`, `body`, `created_at`) VALUES ('127', '127', '127', 'Aut iste corporis occaecati magnam et. Voluptatibus ut non asperiores qui et. Sint ipsam aliquam voluptatibus sed necessitatibus ut aut. Odio necessitatibus ea atque velit sapiente cumque delectus.', '1986-09-07 14:41:31');
INSERT INTO `messages` (`id`, `from_user_id`, `to_user_id`, `body`, `created_at`) VALUES ('128', '128', '128', 'Eum et maxime ipsum ipsum eum. Et et voluptas veritatis maxime harum adipisci nisi non. Aut similique porro iure est quis rerum. Qui qui rerum consequatur ea.', '2014-01-16 21:55:01');
INSERT INTO `messages` (`id`, `from_user_id`, `to_user_id`, `body`, `created_at`) VALUES ('129', '129', '129', 'Consequatur iure saepe sed fugit. Quam veniam inventore provident soluta doloremque autem eos. Non eum minus architecto nostrum ullam voluptates quasi.', '1977-05-31 06:28:29');
INSERT INTO `messages` (`id`, `from_user_id`, `to_user_id`, `body`, `created_at`) VALUES ('130', '130', '130', 'Asperiores vel aut eveniet quidem ex rerum facere. Voluptatibus corrupti id repudiandae sit. Ad voluptate fuga veniam.', '1993-01-30 00:07:49');
INSERT INTO `messages` (`id`, `from_user_id`, `to_user_id`, `body`, `created_at`) VALUES ('131', '131', '131', 'Fugiat eaque sed rem libero. Veritatis dolorem eos non. Quis deserunt voluptate et accusamus. Nemo occaecati blanditiis molestiae omnis aspernatur nemo.', '1974-11-12 01:15:40');
INSERT INTO `messages` (`id`, `from_user_id`, `to_user_id`, `body`, `created_at`) VALUES ('132', '132', '132', 'Veniam et ea laboriosam aspernatur perferendis sit. Laboriosam vitae quae molestiae quae exercitationem repellendus voluptatum assumenda. Mollitia perferendis sed ut et deserunt.', '2001-04-11 13:15:41');
INSERT INTO `messages` (`id`, `from_user_id`, `to_user_id`, `body`, `created_at`) VALUES ('133', '133', '133', 'Totam totam ut error ut. Tenetur tempore aut illo. Veniam ut est sunt dolorem. Odio vel pariatur asperiores odio aliquid debitis. Veniam porro non explicabo corporis dolorum.', '1977-04-12 12:26:11');
INSERT INTO `messages` (`id`, `from_user_id`, `to_user_id`, `body`, `created_at`) VALUES ('134', '134', '134', 'Enim sequi minima earum magnam ad vitae. Ullam consectetur tenetur quo alias dolorum omnis voluptas. Mollitia cum aspernatur eveniet.', '2019-12-10 19:39:43');
INSERT INTO `messages` (`id`, `from_user_id`, `to_user_id`, `body`, `created_at`) VALUES ('135', '135', '135', 'Ipsam aut in exercitationem dolor. Ipsam aut veniam ut fugiat et. Qui similique quam corrupti non quaerat distinctio eaque. Enim voluptas et consequuntur consequatur quasi.', '1973-07-15 21:35:51');
INSERT INTO `messages` (`id`, `from_user_id`, `to_user_id`, `body`, `created_at`) VALUES ('136', '136', '136', 'Molestiae accusamus dolores ipsa dolorem harum architecto sint et. Debitis consequuntur est recusandae perspiciatis cum animi tempora deserunt. Temporibus error asperiores eaque voluptatem. Repellat expedita dolores sunt sunt illo. A ullam molestias dicta animi sunt sit.', '1991-03-10 00:50:07');
INSERT INTO `messages` (`id`, `from_user_id`, `to_user_id`, `body`, `created_at`) VALUES ('137', '137', '137', 'Et quia nobis sapiente eius a. Assumenda voluptates itaque quibusdam repudiandae ducimus. Commodi vitae deserunt in sint tempore non nihil.', '2015-08-25 11:16:27');
INSERT INTO `messages` (`id`, `from_user_id`, `to_user_id`, `body`, `created_at`) VALUES ('138', '138', '138', 'Sit eveniet assumenda ipsam eos laborum aspernatur. Fugit placeat enim quasi ex quibusdam aut non. Neque cum consequatur et dolores voluptatem sunt. Maiores animi rem occaecati qui.', '1999-04-19 06:48:37');
INSERT INTO `messages` (`id`, `from_user_id`, `to_user_id`, `body`, `created_at`) VALUES ('139', '139', '139', 'Totam officiis est similique asperiores est earum dolorem. Quos maiores eligendi itaque eaque cumque illum. Magnam mollitia dicta sapiente voluptatem sint.', '2017-05-09 01:34:57');
INSERT INTO `messages` (`id`, `from_user_id`, `to_user_id`, `body`, `created_at`) VALUES ('140', '140', '140', 'Soluta laboriosam suscipit rem laborum modi fugit. Nemo dolores animi id voluptatum velit voluptas qui quo. Reiciendis magnam cumque beatae unde tempore asperiores praesentium.', '2008-01-18 11:37:40');
INSERT INTO `messages` (`id`, `from_user_id`, `to_user_id`, `body`, `created_at`) VALUES ('141', '141', '141', 'Ipsam id ad id qui veniam adipisci culpa. Molestias fugiat laborum a sed voluptatum tempore sunt. Nostrum et quam voluptatum eveniet ut enim. Natus ratione deserunt sint aut quis odit.', '1985-01-04 13:11:06');
INSERT INTO `messages` (`id`, `from_user_id`, `to_user_id`, `body`, `created_at`) VALUES ('142', '142', '142', 'Voluptatem aut est libero a neque. Dolor velit doloribus quaerat ut. Maxime illo quidem ea ut suscipit. Sed eos quaerat quasi ipsam qui aut dicta eius.', '1974-10-25 18:16:35');
INSERT INTO `messages` (`id`, `from_user_id`, `to_user_id`, `body`, `created_at`) VALUES ('143', '143', '143', 'Id magnam dicta sint exercitationem ipsa ducimus. Magni eaque molestias recusandae provident. Consequuntur enim possimus dolorem dolor. Aliquam labore placeat laboriosam tempore saepe voluptas vel ut. Repudiandae vel qui rerum rem aut.', '1994-02-28 16:15:34');
INSERT INTO `messages` (`id`, `from_user_id`, `to_user_id`, `body`, `created_at`) VALUES ('144', '144', '144', 'Dolores et nostrum occaecati magnam non necessitatibus sint. Dolores ut unde consequatur molestias. Voluptatem sed debitis dignissimos molestiae error aperiam consequatur vero. Molestiae porro tempore velit sequi quisquam nesciunt incidunt. Quia consectetur occaecati vero laboriosam deleniti pariatur.', '1977-05-02 02:19:20');
INSERT INTO `messages` (`id`, `from_user_id`, `to_user_id`, `body`, `created_at`) VALUES ('145', '145', '145', 'Magnam labore adipisci consequatur explicabo. Cumque asperiores eos deleniti et nesciunt voluptate totam adipisci. Facilis ut eius iste quia expedita accusamus. Voluptatem quo sit nisi quia eligendi et voluptatibus.', '1990-08-05 11:42:16');
INSERT INTO `messages` (`id`, `from_user_id`, `to_user_id`, `body`, `created_at`) VALUES ('146', '146', '146', 'Sed nihil quos qui accusantium. Sunt repudiandae natus ut modi sapiente. Praesentium dolores quibusdam nulla repellat rerum aperiam quia.', '1977-03-24 06:41:54');
INSERT INTO `messages` (`id`, `from_user_id`, `to_user_id`, `body`, `created_at`) VALUES ('147', '147', '147', 'At et vel iure. Vitae perspiciatis modi provident veritatis velit. Hic dolores et deleniti animi voluptas ratione.', '1976-04-12 03:55:03');
INSERT INTO `messages` (`id`, `from_user_id`, `to_user_id`, `body`, `created_at`) VALUES ('148', '148', '148', 'In quia quod nulla eos possimus provident. In quae est laboriosam est sed sed officiis. Tempore eum esse nihil dolores aliquid.', '1975-08-02 13:54:53');
INSERT INTO `messages` (`id`, `from_user_id`, `to_user_id`, `body`, `created_at`) VALUES ('149', '149', '149', 'Dolorem sunt qui illum facilis. Vero rerum ullam ut aut molestias fuga.', '1977-11-07 02:52:40');
INSERT INTO `messages` (`id`, `from_user_id`, `to_user_id`, `body`, `created_at`) VALUES ('150', '150', '150', 'Et itaque sint cum. Sapiente culpa laborum est sed doloribus.', '2009-08-26 19:08:55');
INSERT INTO `messages` (`id`, `from_user_id`, `to_user_id`, `body`, `created_at`) VALUES ('151', '1', '1', 'Ad reprehenderit nesciunt dolores minus sint minima. Tempore sit eligendi sit natus at dicta. Occaecati occaecati et et commodi. Temporibus explicabo aut doloremque ut.', '1978-08-26 13:18:55');
INSERT INTO `messages` (`id`, `from_user_id`, `to_user_id`, `body`, `created_at`) VALUES ('152', '2', '2', 'Autem at unde officia ducimus. Rem dolorem iste minus magnam error et. Deserunt laudantium distinctio omnis at dicta.', '1986-03-08 21:52:46');
INSERT INTO `messages` (`id`, `from_user_id`, `to_user_id`, `body`, `created_at`) VALUES ('153', '3', '3', 'Voluptatibus velit quia alias voluptatem. Exercitationem ut nulla nihil dolorem in sed enim. Sequi voluptatem vero sed error beatae.', '2019-12-31 09:38:38');
INSERT INTO `messages` (`id`, `from_user_id`, `to_user_id`, `body`, `created_at`) VALUES ('154', '4', '4', 'Non consequuntur voluptas perspiciatis sunt repellendus consequatur. Possimus ut deserunt recusandae reprehenderit laudantium quasi sit. Aliquid minus consequuntur veritatis voluptatum itaque facilis amet. Cum vel quas sapiente aspernatur eos omnis quasi.', '2001-01-02 16:54:02');
INSERT INTO `messages` (`id`, `from_user_id`, `to_user_id`, `body`, `created_at`) VALUES ('155', '5', '5', 'Culpa eos expedita porro assumenda neque mollitia et sit. Alias id et aut voluptatum facere unde. Deserunt sit ducimus amet dolores fugit.', '1987-01-25 07:11:03');
INSERT INTO `messages` (`id`, `from_user_id`, `to_user_id`, `body`, `created_at`) VALUES ('156', '6', '6', 'Occaecati sit sed ut qui tempore ut. In doloremque qui ea animi. Qui nobis rem sunt aliquid consequatur. Consequatur culpa beatae et dolorem.', '1986-11-02 04:41:17');
INSERT INTO `messages` (`id`, `from_user_id`, `to_user_id`, `body`, `created_at`) VALUES ('157', '7', '7', 'Ea iure consectetur quia possimus consequatur vel. Nihil quibusdam accusamus animi architecto alias et. Nemo quam voluptates quo iure illo corporis.', '1970-04-24 00:58:06');
INSERT INTO `messages` (`id`, `from_user_id`, `to_user_id`, `body`, `created_at`) VALUES ('158', '8', '8', 'Saepe eos ab sit. Cumque aut ut aut commodi animi. Soluta fuga atque qui.', '1995-09-25 08:44:00');
INSERT INTO `messages` (`id`, `from_user_id`, `to_user_id`, `body`, `created_at`) VALUES ('159', '9', '9', 'Deleniti cum commodi et ut dolorem. Enim laborum iusto dicta placeat reprehenderit et sed saepe. Neque maxime aut fugit error. Sed error a velit eaque rerum aut.', '1991-04-26 18:11:00');
INSERT INTO `messages` (`id`, `from_user_id`, `to_user_id`, `body`, `created_at`) VALUES ('160', '10', '10', 'Magni soluta eum quae consequuntur exercitationem. Quas qui neque sapiente autem id. Magni magnam sequi fugiat velit. Cum et est repudiandae et aut perferendis.', '1990-07-03 06:27:05');
INSERT INTO `messages` (`id`, `from_user_id`, `to_user_id`, `body`, `created_at`) VALUES ('161', '11', '11', 'Maxime eum et eius expedita omnis magni ea. Pariatur tempora soluta nihil qui fuga. Delectus delectus deleniti soluta dolor.', '1986-12-18 00:49:42');
INSERT INTO `messages` (`id`, `from_user_id`, `to_user_id`, `body`, `created_at`) VALUES ('162', '12', '12', 'Laborum aut quo iste voluptatibus qui. Id fuga nostrum fuga velit. Sint reiciendis suscipit tenetur et. Voluptatem omnis et voluptates voluptas harum a.', '2011-08-09 15:04:02');
INSERT INTO `messages` (`id`, `from_user_id`, `to_user_id`, `body`, `created_at`) VALUES ('163', '13', '13', 'Consequuntur ipsa quisquam aliquam quod neque. Qui aut incidunt ad dicta enim. Quibusdam repellendus reiciendis maiores et eligendi eveniet consequuntur. Veritatis in porro aperiam quisquam aut.', '1974-01-29 02:40:54');
INSERT INTO `messages` (`id`, `from_user_id`, `to_user_id`, `body`, `created_at`) VALUES ('164', '14', '14', 'Accusamus illo cumque dolor numquam quia ea aut. Sapiente dolor qui ipsum dignissimos. Architecto quia et aspernatur cum minus.', '2013-07-19 00:48:21');
INSERT INTO `messages` (`id`, `from_user_id`, `to_user_id`, `body`, `created_at`) VALUES ('165', '15', '15', 'Architecto corporis dolores sit. Temporibus necessitatibus voluptatibus nam odit ut voluptatem. Odit consequatur illo nulla labore.', '1972-04-09 09:00:25');
INSERT INTO `messages` (`id`, `from_user_id`, `to_user_id`, `body`, `created_at`) VALUES ('166', '16', '16', 'Doloribus numquam voluptatem ipsam provident molestias excepturi. Blanditiis qui et inventore ut cumque atque reprehenderit aut. Odit voluptatem est labore repellat. Ullam aut rerum sit nisi. Voluptas asperiores quia sapiente qui est libero totam.', '1988-07-21 15:22:54');
INSERT INTO `messages` (`id`, `from_user_id`, `to_user_id`, `body`, `created_at`) VALUES ('167', '17', '17', 'Quae voluptatem aut voluptatem reprehenderit. Expedita esse omnis earum id quos in qui aliquam. Corporis ducimus nihil quas iste. Animi est ex ea laborum nisi.', '2005-09-03 13:22:25');
INSERT INTO `messages` (`id`, `from_user_id`, `to_user_id`, `body`, `created_at`) VALUES ('168', '18', '18', 'Perspiciatis voluptatem sit consectetur. Ea tempore earum tempore enim distinctio possimus. Sint qui odit ipsum beatae. Animi saepe molestiae impedit magni sequi laboriosam qui.', '2000-01-27 11:16:55');
INSERT INTO `messages` (`id`, `from_user_id`, `to_user_id`, `body`, `created_at`) VALUES ('169', '19', '19', 'Impedit qui ut a maiores cum. Nemo autem hic cumque officia facere voluptatem. Quidem consequatur voluptatibus dolor amet nihil. Quaerat quisquam pariatur voluptatem natus aliquid neque.', '2001-10-24 19:59:18');
INSERT INTO `messages` (`id`, `from_user_id`, `to_user_id`, `body`, `created_at`) VALUES ('170', '20', '20', 'Optio exercitationem pariatur velit iste. Voluptatem odit et eligendi voluptas corporis eos eum.', '1978-05-10 07:39:52');
INSERT INTO `messages` (`id`, `from_user_id`, `to_user_id`, `body`, `created_at`) VALUES ('171', '21', '21', 'Delectus quaerat quae officiis sed. Qui eaque modi quia sit ea sint molestias. Tenetur velit sunt tempora quo et et. Explicabo accusantium quidem nihil earum ipsa et corporis.', '2018-09-02 18:29:09');
INSERT INTO `messages` (`id`, `from_user_id`, `to_user_id`, `body`, `created_at`) VALUES ('172', '22', '22', 'Animi vel tenetur et qui hic velit cupiditate. Voluptas temporibus explicabo quod aspernatur voluptatem rerum. Rerum maxime iusto repellendus veniam aperiam non. A nam molestiae consequatur incidunt facere eius.', '1995-09-22 15:48:26');
INSERT INTO `messages` (`id`, `from_user_id`, `to_user_id`, `body`, `created_at`) VALUES ('173', '23', '23', 'Exercitationem at natus enim delectus quasi. Consectetur est consequatur eos provident dolores temporibus facere. Temporibus animi optio asperiores totam. Et modi repellat odio illo dolore.', '2008-08-21 20:19:17');
INSERT INTO `messages` (`id`, `from_user_id`, `to_user_id`, `body`, `created_at`) VALUES ('174', '24', '24', 'Corporis voluptates suscipit maxime. Optio nobis dolorem quia est nisi repellat. Molestiae a labore nam voluptates et.', '2001-02-13 18:08:13');
INSERT INTO `messages` (`id`, `from_user_id`, `to_user_id`, `body`, `created_at`) VALUES ('175', '25', '25', 'Ipsam velit est inventore placeat occaecati sit. Occaecati eos a doloremque recusandae veniam et. Odio temporibus asperiores sequi incidunt at vel odit.', '1990-05-29 07:00:50');
INSERT INTO `messages` (`id`, `from_user_id`, `to_user_id`, `body`, `created_at`) VALUES ('176', '26', '26', 'Et doloribus ut fuga at aliquam ut. Ut voluptate voluptatibus ut dolore.', '1987-11-10 18:13:53');
INSERT INTO `messages` (`id`, `from_user_id`, `to_user_id`, `body`, `created_at`) VALUES ('177', '27', '27', 'Laborum vel rerum rerum et quia. Est ullam quam deleniti nisi in dignissimos. Nam ipsum velit ut officiis est quas.', '2016-05-02 02:37:49');
INSERT INTO `messages` (`id`, `from_user_id`, `to_user_id`, `body`, `created_at`) VALUES ('178', '28', '28', 'Dicta maxime doloribus exercitationem quia. Et reprehenderit aliquid libero. Tempore nostrum vel qui. Adipisci sit quia qui debitis.', '1981-04-19 23:02:20');
INSERT INTO `messages` (`id`, `from_user_id`, `to_user_id`, `body`, `created_at`) VALUES ('179', '29', '29', 'Vitae aperiam consequatur aut atque. Atque voluptatibus veritatis rerum reiciendis totam quaerat ea consequatur. Repudiandae ex ad sunt impedit libero quisquam ipsam.', '2013-03-04 02:44:13');
INSERT INTO `messages` (`id`, `from_user_id`, `to_user_id`, `body`, `created_at`) VALUES ('180', '30', '30', 'Quasi autem aut cupiditate eum et. Pariatur quo molestiae consequuntur labore tempora tenetur. Perspiciatis molestias omnis repudiandae commodi sint.', '2000-10-22 09:33:56');
INSERT INTO `messages` (`id`, `from_user_id`, `to_user_id`, `body`, `created_at`) VALUES ('181', '31', '31', 'Et ut quis sapiente nam optio iusto. Aliquid voluptas eius reprehenderit omnis sunt animi. Earum doloribus illo alias placeat iusto ratione. Porro nesciunt perspiciatis qui nesciunt eum rerum.', '1973-10-04 00:00:58');
INSERT INTO `messages` (`id`, `from_user_id`, `to_user_id`, `body`, `created_at`) VALUES ('182', '32', '32', 'Sunt dolorem vero et nisi perferendis nihil sint. Magnam et et quae quae molestiae. Similique ipsa aut ut esse iusto.', '1987-09-10 05:23:58');
INSERT INTO `messages` (`id`, `from_user_id`, `to_user_id`, `body`, `created_at`) VALUES ('183', '33', '33', 'Officia autem enim magnam autem. Laboriosam repellendus qui distinctio sunt accusantium placeat. Amet mollitia dolor excepturi id.', '1982-09-24 05:17:11');
INSERT INTO `messages` (`id`, `from_user_id`, `to_user_id`, `body`, `created_at`) VALUES ('184', '34', '34', 'Cumque numquam nostrum impedit odio sed et. Cupiditate reiciendis quod aut voluptatem. Odio quia enim distinctio accusantium. Et reprehenderit temporibus doloremque molestiae sunt expedita repudiandae animi.', '2009-02-01 15:30:20');
INSERT INTO `messages` (`id`, `from_user_id`, `to_user_id`, `body`, `created_at`) VALUES ('185', '35', '35', 'At voluptas numquam molestiae. Voluptatibus quas quisquam quis itaque sed.', '1983-07-12 06:10:03');
INSERT INTO `messages` (`id`, `from_user_id`, `to_user_id`, `body`, `created_at`) VALUES ('186', '36', '36', 'Facilis doloribus qui autem iste nam pariatur. Aut excepturi ipsum laboriosam consectetur rem. Nulla et saepe et error ut vel. Recusandae impedit est dignissimos dolor facere molestias voluptas labore.', '1988-01-30 13:08:04');
INSERT INTO `messages` (`id`, `from_user_id`, `to_user_id`, `body`, `created_at`) VALUES ('187', '37', '37', 'Quae autem omnis ut odio veritatis. Consequatur accusantium mollitia sed in non.', '1991-07-24 11:35:53');
INSERT INTO `messages` (`id`, `from_user_id`, `to_user_id`, `body`, `created_at`) VALUES ('188', '38', '38', 'Aut voluptate minus vero et excepturi. Qui velit voluptatibus quisquam occaecati a dolores et. Quam ab tempora non et qui aperiam rem. Debitis id molestiae deserunt impedit eius deserunt ut.', '1993-08-01 03:31:36');
INSERT INTO `messages` (`id`, `from_user_id`, `to_user_id`, `body`, `created_at`) VALUES ('189', '39', '39', 'Doloremque est similique sequi suscipit. Culpa vero sit aliquam excepturi. Tempore doloremque adipisci placeat. Voluptatibus aut quibusdam alias aut nihil labore laudantium ut.', '2010-07-24 16:31:45');
INSERT INTO `messages` (`id`, `from_user_id`, `to_user_id`, `body`, `created_at`) VALUES ('190', '40', '40', 'Maxime consequatur et et sed ratione. Qui doloribus velit aut voluptas molestias et. Nulla consequuntur officiis quisquam quaerat neque dolores nobis.', '2006-01-02 09:04:42');
INSERT INTO `messages` (`id`, `from_user_id`, `to_user_id`, `body`, `created_at`) VALUES ('191', '41', '41', 'Optio fugiat porro quis qui. Laborum placeat sequi qui voluptate. Animi quis voluptates et cumque. Rerum voluptatum maxime voluptatem hic illo aliquid.', '1998-09-22 15:51:16');
INSERT INTO `messages` (`id`, `from_user_id`, `to_user_id`, `body`, `created_at`) VALUES ('192', '42', '42', 'Enim omnis soluta odit. Maiores voluptatem quisquam ut velit. Minima similique et iure blanditiis sint quia. Amet voluptas dicta repudiandae veniam.', '1980-12-18 15:18:23');
INSERT INTO `messages` (`id`, `from_user_id`, `to_user_id`, `body`, `created_at`) VALUES ('193', '43', '43', 'Non voluptatem ut corporis enim. Voluptatem ut atque est doloribus. Doloribus nostrum et eligendi id hic necessitatibus.', '1974-09-20 16:37:49');
INSERT INTO `messages` (`id`, `from_user_id`, `to_user_id`, `body`, `created_at`) VALUES ('194', '44', '44', 'Cum corrupti maiores rerum ipsa consequatur quia. Unde modi incidunt repudiandae quae sunt autem. Consequatur eum illo et quidem et.', '1979-11-24 09:18:10');
INSERT INTO `messages` (`id`, `from_user_id`, `to_user_id`, `body`, `created_at`) VALUES ('195', '45', '45', 'Accusantium laudantium omnis qui enim veritatis. Suscipit repellat vitae autem dolore quo et similique voluptate. Dolor maiores mollitia saepe ut.', '2007-03-20 05:11:17');
INSERT INTO `messages` (`id`, `from_user_id`, `to_user_id`, `body`, `created_at`) VALUES ('196', '46', '46', 'Ex minus qui est est autem. Et sunt in praesentium laudantium deleniti voluptatibus facere dolor. Quis aut sunt reiciendis vero dignissimos illo quisquam. Non ut quibusdam debitis rem qui alias. Tenetur sint tempora error eum alias sit.', '1992-03-06 21:59:11');
INSERT INTO `messages` (`id`, `from_user_id`, `to_user_id`, `body`, `created_at`) VALUES ('197', '47', '47', 'Nostrum tempore recusandae doloremque dolorem iusto at. Iste quia natus et vitae. Consequatur culpa non dolorem totam deleniti sapiente asperiores. Deleniti autem cum possimus.', '1994-04-06 10:34:40');
INSERT INTO `messages` (`id`, `from_user_id`, `to_user_id`, `body`, `created_at`) VALUES ('198', '48', '48', 'Enim repellat eum expedita cumque et quidem. Quasi molestiae dolorem culpa enim tempore inventore vero quia. Aliquid quia sapiente sequi doloribus.', '2004-12-13 22:37:38');
INSERT INTO `messages` (`id`, `from_user_id`, `to_user_id`, `body`, `created_at`) VALUES ('199', '49', '49', 'In non optio maiores laudantium illo. Cum mollitia animi quaerat corporis et. Quis necessitatibus id et consequuntur molestiae. Omnis excepturi fugit praesentium non quod.', '2004-04-15 03:30:42');
INSERT INTO `messages` (`id`, `from_user_id`, `to_user_id`, `body`, `created_at`) VALUES ('200', '50', '50', 'Ipsam natus qui nihil qui id. Laudantium atque repellendus dolorem dolores vel fugiat. Voluptatum quia quia blanditiis ullam aliquid velit asperiores. Aliquid non vitae fuga quibusdam.', '2011-07-09 03:30:00');
INSERT INTO `messages` (`id`, `from_user_id`, `to_user_id`, `body`, `created_at`) VALUES ('201', '51', '51', 'Voluptatem reiciendis reprehenderit voluptatem et repudiandae vel sit. Ab veritatis eius nemo sapiente quia iusto. Provident consequatur voluptatem reprehenderit voluptatum voluptatum. Et recusandae et quia quos cupiditate.', '2011-08-19 14:28:08');
INSERT INTO `messages` (`id`, `from_user_id`, `to_user_id`, `body`, `created_at`) VALUES ('202', '52', '52', 'Illo consequatur deleniti vitae voluptas id aut. Rerum iusto sint omnis consectetur amet amet iusto. Exercitationem voluptatibus mollitia tempore quia.', '2010-03-06 10:18:45');
INSERT INTO `messages` (`id`, `from_user_id`, `to_user_id`, `body`, `created_at`) VALUES ('203', '53', '53', 'Voluptatem eaque sunt repellat impedit ipsa harum rerum. Ratione libero eius laborum velit voluptatum sit. Quis iste voluptatibus omnis sunt. Numquam corrupti voluptatem vel id ex veniam tempore. Ut eligendi rerum incidunt.', '1998-06-12 07:46:00');
INSERT INTO `messages` (`id`, `from_user_id`, `to_user_id`, `body`, `created_at`) VALUES ('204', '54', '54', 'Nulla voluptatem omnis voluptatem architecto. Doloremque excepturi itaque nihil atque nihil ipsum. Aspernatur alias voluptates in rerum delectus.', '1988-09-21 14:10:58');
INSERT INTO `messages` (`id`, `from_user_id`, `to_user_id`, `body`, `created_at`) VALUES ('205', '55', '55', 'Soluta deserunt beatae est est. Enim sit sit et. Porro repudiandae repellendus iste quod reiciendis maiores qui omnis.', '1982-08-26 15:25:29');
INSERT INTO `messages` (`id`, `from_user_id`, `to_user_id`, `body`, `created_at`) VALUES ('206', '56', '56', 'Ut qui dolore quasi soluta dolores ea quia. Iste architecto sint rerum nemo. Necessitatibus maiores vel reiciendis est aut. Veritatis rerum quidem rerum. Optio voluptatem aperiam temporibus qui maiores dolore blanditiis et.', '2002-09-02 15:16:20');
INSERT INTO `messages` (`id`, `from_user_id`, `to_user_id`, `body`, `created_at`) VALUES ('207', '57', '57', 'Maiores hic excepturi sapiente qui. Ipsa omnis dicta recusandae nulla omnis consequatur. Expedita dolor eius assumenda deserunt enim. Velit fuga odit iure rerum omnis et.', '1973-07-12 23:42:18');
INSERT INTO `messages` (`id`, `from_user_id`, `to_user_id`, `body`, `created_at`) VALUES ('208', '58', '58', 'Error enim est ab porro. Tempore iusto aut reprehenderit totam et illo molestias. Culpa nemo sequi qui eos. Earum earum tenetur alias aut rem recusandae.', '1998-10-15 12:16:25');
INSERT INTO `messages` (`id`, `from_user_id`, `to_user_id`, `body`, `created_at`) VALUES ('209', '59', '59', 'Aut cumque porro quis sit possimus provident. Sint consequatur nobis ut est optio quo. Molestiae ratione molestiae illo esse. Quia qui temporibus similique optio.', '2000-09-10 06:08:41');
INSERT INTO `messages` (`id`, `from_user_id`, `to_user_id`, `body`, `created_at`) VALUES ('210', '60', '60', 'Veniam eum voluptatem voluptatum dolor eaque dolor. Et eos eius saepe aut ipsa molestias iusto. Eum perferendis ab dignissimos rerum ab.', '2018-01-02 03:06:46');
INSERT INTO `messages` (`id`, `from_user_id`, `to_user_id`, `body`, `created_at`) VALUES ('211', '61', '61', 'Sit enim odit blanditiis culpa aperiam. Eos aliquid ut sit voluptatum sint ut laudantium fugit. Omnis voluptates accusamus tenetur maiores quibusdam ut minima. Qui voluptatem ipsum et voluptatem iure dolorum. Cumque vitae aliquam debitis animi voluptatibus amet labore.', '1987-05-19 02:39:11');
INSERT INTO `messages` (`id`, `from_user_id`, `to_user_id`, `body`, `created_at`) VALUES ('212', '62', '62', 'Voluptatum incidunt occaecati excepturi. Pariatur saepe omnis enim quis pariatur. Tempora adipisci dolorum nostrum aliquam quas facilis earum.', '1976-09-25 03:17:04');
INSERT INTO `messages` (`id`, `from_user_id`, `to_user_id`, `body`, `created_at`) VALUES ('213', '63', '63', 'Voluptatem omnis dolor tempore quia perferendis. Facere est cupiditate error voluptatem quis sit. Sint doloribus ut voluptatem ut suscipit quas non. Illum corporis rerum quo optio qui aliquid.', '2004-02-18 04:15:13');
INSERT INTO `messages` (`id`, `from_user_id`, `to_user_id`, `body`, `created_at`) VALUES ('214', '64', '64', 'Quam saepe atque magnam enim incidunt. Iste fuga magni modi voluptatem possimus. Nostrum consequatur quis molestias quas voluptatem soluta quis. Architecto necessitatibus aperiam quod vel.', '1983-06-08 06:16:49');
INSERT INTO `messages` (`id`, `from_user_id`, `to_user_id`, `body`, `created_at`) VALUES ('215', '65', '65', 'Sit delectus ullam iste odit aut maiores natus. Rem eius adipisci voluptas et. Iure deleniti nemo est unde sit corporis.', '1984-05-19 13:51:11');
INSERT INTO `messages` (`id`, `from_user_id`, `to_user_id`, `body`, `created_at`) VALUES ('216', '66', '66', 'Rerum quis cumque quasi omnis illum neque sequi. Perspiciatis incidunt aut exercitationem. Aliquid laborum ratione tenetur similique porro quo.', '1990-05-21 01:23:27');
INSERT INTO `messages` (`id`, `from_user_id`, `to_user_id`, `body`, `created_at`) VALUES ('217', '67', '67', 'Quae beatae vel aut. Molestiae tempora architecto amet voluptatem consequatur quo.', '1974-09-08 04:13:51');
INSERT INTO `messages` (`id`, `from_user_id`, `to_user_id`, `body`, `created_at`) VALUES ('218', '68', '68', 'Voluptatem dolorem est quia rerum commodi ipsa. Quidem blanditiis nisi odio qui et qui. Deserunt repellat minus cumque qui voluptatem quidem doloribus.', '2005-12-02 10:50:25');
INSERT INTO `messages` (`id`, `from_user_id`, `to_user_id`, `body`, `created_at`) VALUES ('219', '69', '69', 'Excepturi quia nisi rem neque quod dolorem fuga quas. Illum sapiente voluptatem laudantium ea aut officia. Aut ad harum rem consequatur rerum officiis debitis ut.', '1989-05-05 05:34:45');
INSERT INTO `messages` (`id`, `from_user_id`, `to_user_id`, `body`, `created_at`) VALUES ('220', '70', '70', 'Laborum nostrum eveniet et atque quae iusto ducimus. Nihil dolor qui ut dolores hic ut sit quos. Perferendis qui eveniet fugit temporibus.', '1979-12-25 23:08:49');
INSERT INTO `messages` (`id`, `from_user_id`, `to_user_id`, `body`, `created_at`) VALUES ('221', '71', '71', 'Velit quo impedit rerum nihil quidem consequatur. Et expedita et est fugit. Ut dolor sit ea sit quibusdam officia ut porro.', '2013-09-04 16:54:50');
INSERT INTO `messages` (`id`, `from_user_id`, `to_user_id`, `body`, `created_at`) VALUES ('222', '72', '72', 'Rerum itaque quo quidem exercitationem suscipit cum sit. Totam nam omnis et temporibus et mollitia. Officia quia asperiores eum possimus.', '2012-12-26 09:34:35');
INSERT INTO `messages` (`id`, `from_user_id`, `to_user_id`, `body`, `created_at`) VALUES ('223', '73', '73', 'Est dolores praesentium dolor qui aut at. Corporis quam repellat nisi odio rem. Numquam libero nisi sint minima beatae ipsa odit. Ut dolorum nam est natus repellat. Sint ut deserunt repellendus facilis.', '1981-07-28 20:18:48');
INSERT INTO `messages` (`id`, `from_user_id`, `to_user_id`, `body`, `created_at`) VALUES ('224', '74', '74', 'Non necessitatibus voluptas sit molestias. Sit qui rem quisquam exercitationem laudantium eius id. Quos cumque ut voluptate laborum praesentium.', '1987-09-16 19:59:17');
INSERT INTO `messages` (`id`, `from_user_id`, `to_user_id`, `body`, `created_at`) VALUES ('225', '75', '75', 'Odio commodi perspiciatis qui non. Ut excepturi quis natus saepe blanditiis quae repellat sit. Eos cumque dolores voluptates adipisci. Sint qui nostrum aliquam iste nemo sunt quia.', '1996-07-05 01:41:04');
INSERT INTO `messages` (`id`, `from_user_id`, `to_user_id`, `body`, `created_at`) VALUES ('226', '76', '76', 'Harum exercitationem sequi aut ex omnis. Ut fuga reiciendis eos officiis. Assumenda optio officiis aut itaque tenetur voluptas eos et.', '1972-11-21 07:02:29');
INSERT INTO `messages` (`id`, `from_user_id`, `to_user_id`, `body`, `created_at`) VALUES ('227', '77', '77', 'Quia possimus magni sunt ullam cupiditate. Quia soluta sed labore tempora saepe. Officiis voluptas explicabo culpa autem doloribus. Quam reiciendis et id culpa.', '1972-10-12 15:01:35');
INSERT INTO `messages` (`id`, `from_user_id`, `to_user_id`, `body`, `created_at`) VALUES ('228', '78', '78', 'Veritatis soluta est sunt deleniti pariatur. Rem non dignissimos quisquam adipisci non necessitatibus. Veritatis repudiandae sapiente ut distinctio qui dolorem. Nulla assumenda est repellat et.', '1996-09-29 00:11:13');
INSERT INTO `messages` (`id`, `from_user_id`, `to_user_id`, `body`, `created_at`) VALUES ('229', '79', '79', 'Veritatis minima quibusdam dicta voluptas. Ratione officia vitae consequatur fuga molestias. Odit sit odio error repellendus. Corrupti nemo atque possimus cumque possimus blanditiis.', '1985-12-04 10:15:35');
INSERT INTO `messages` (`id`, `from_user_id`, `to_user_id`, `body`, `created_at`) VALUES ('230', '80', '80', 'Soluta odio dolorem quia sit. Et qui fugiat sit corporis officia. Consectetur voluptatem quo ipsam similique qui qui quae. Voluptatum quos ea porro.', '2015-03-19 05:50:39');
INSERT INTO `messages` (`id`, `from_user_id`, `to_user_id`, `body`, `created_at`) VALUES ('231', '81', '81', 'Ducimus ut commodi repellat sed odit. Ratione at repudiandae non dolor quaerat temporibus molestias voluptatem. Nam ducimus atque et.', '1986-10-09 03:45:54');
INSERT INTO `messages` (`id`, `from_user_id`, `to_user_id`, `body`, `created_at`) VALUES ('232', '82', '82', 'Earum quis consequatur sed repellat ut cupiditate eius. Praesentium iste et est. Aut cumque aut ipsa non impedit sint.', '1998-08-11 19:54:08');
INSERT INTO `messages` (`id`, `from_user_id`, `to_user_id`, `body`, `created_at`) VALUES ('233', '83', '83', 'Voluptas recusandae aut veritatis ipsa corporis nihil a. Non et aut at porro deserunt dignissimos totam. Aut voluptate autem facere eaque dolore laborum tempore illum.', '1984-02-20 16:13:11');
INSERT INTO `messages` (`id`, `from_user_id`, `to_user_id`, `body`, `created_at`) VALUES ('234', '84', '84', 'Repellendus aperiam molestiae officiis tempora similique qui. Delectus quas accusantium fugiat dolorum. Doloribus et nulla impedit pariatur qui. Soluta voluptate aut molestiae illum nihil sint pariatur.', '1990-07-24 14:52:57');
INSERT INTO `messages` (`id`, `from_user_id`, `to_user_id`, `body`, `created_at`) VALUES ('235', '85', '85', 'Laborum et eos nam est. Omnis soluta sit cupiditate quaerat deleniti. Quia sint aut saepe fugiat aliquam et veniam. Porro reiciendis occaecati at.', '1985-02-21 23:40:33');
INSERT INTO `messages` (`id`, `from_user_id`, `to_user_id`, `body`, `created_at`) VALUES ('236', '86', '86', 'Vel quo architecto ipsa occaecati. Quibusdam qui veniam odit sunt in vel quia.', '1983-05-14 14:06:42');
INSERT INTO `messages` (`id`, `from_user_id`, `to_user_id`, `body`, `created_at`) VALUES ('237', '87', '87', 'Soluta deserunt libero corporis impedit perferendis. Est velit ipsam quam perspiciatis culpa. Consequuntur vel id laudantium laborum. Qui laudantium ullam quia ab possimus fuga.', '1978-02-05 21:53:49');
INSERT INTO `messages` (`id`, `from_user_id`, `to_user_id`, `body`, `created_at`) VALUES ('238', '88', '88', 'Ab ullam dolore rerum adipisci accusantium. Officia natus omnis nulla sequi laboriosam. Suscipit ut sunt doloremque in. Qui perspiciatis ut eligendi ut modi quo eum.', '1986-02-11 12:02:11');
INSERT INTO `messages` (`id`, `from_user_id`, `to_user_id`, `body`, `created_at`) VALUES ('239', '89', '89', 'Culpa quod suscipit quis quae. Ex repellendus fugit labore repudiandae at. Quam laudantium voluptatum repudiandae.', '1982-06-24 11:26:13');
INSERT INTO `messages` (`id`, `from_user_id`, `to_user_id`, `body`, `created_at`) VALUES ('240', '90', '90', 'Sint nesciunt quam sed aliquid quis excepturi voluptatem. Consequatur et similique animi illo. Necessitatibus sed dolore accusantium commodi doloremque possimus.', '2010-09-16 15:12:45');
INSERT INTO `messages` (`id`, `from_user_id`, `to_user_id`, `body`, `created_at`) VALUES ('241', '91', '91', 'Commodi dolore nisi sed tenetur est. Voluptas esse consequuntur quia rerum ipsum quia quia. Et dolor voluptas id perspiciatis et cupiditate cum.', '2009-08-07 04:14:30');
INSERT INTO `messages` (`id`, `from_user_id`, `to_user_id`, `body`, `created_at`) VALUES ('242', '92', '92', 'Odio est cupiditate incidunt et et. Est inventore ex ex. Sunt omnis fugiat explicabo impedit quas fuga. Aliquid sed numquam et voluptatem delectus id.', '1982-10-04 23:48:08');
INSERT INTO `messages` (`id`, `from_user_id`, `to_user_id`, `body`, `created_at`) VALUES ('243', '93', '93', 'Perferendis aspernatur dolor maxime facilis. Voluptas sit repellat ut autem. Quo voluptatem asperiores ratione qui nostrum.', '2003-04-18 10:13:07');
INSERT INTO `messages` (`id`, `from_user_id`, `to_user_id`, `body`, `created_at`) VALUES ('244', '94', '94', 'Praesentium libero officia qui qui vitae et. Tenetur omnis tenetur rerum illum magnam. Sint ad consequatur quisquam harum debitis. Quam officiis voluptatem dolor est molestias et recusandae.', '2005-12-20 02:07:31');
INSERT INTO `messages` (`id`, `from_user_id`, `to_user_id`, `body`, `created_at`) VALUES ('245', '95', '95', 'Alias voluptate aliquam sapiente rerum quia. Voluptatibus illo atque ea aut. Facere est quia cumque iure et sunt quae.', '1991-08-16 11:33:27');
INSERT INTO `messages` (`id`, `from_user_id`, `to_user_id`, `body`, `created_at`) VALUES ('246', '96', '96', 'Est magnam aperiam veniam cumque. Voluptatem sunt molestiae tempore ut vel fugit omnis soluta. Dolore eos sint aperiam sed qui.', '2008-12-01 10:54:10');
INSERT INTO `messages` (`id`, `from_user_id`, `to_user_id`, `body`, `created_at`) VALUES ('247', '97', '97', 'Saepe exercitationem non non nobis quaerat consequatur. Quia exercitationem est magni consectetur est quo. Sed doloribus numquam vitae possimus reprehenderit. Asperiores amet ducimus ut laborum laudantium blanditiis explicabo.', '1995-01-24 09:44:17');
INSERT INTO `messages` (`id`, `from_user_id`, `to_user_id`, `body`, `created_at`) VALUES ('248', '98', '98', 'Molestiae vel veniam perspiciatis voluptate repellendus libero sed. Voluptas veniam dolorum enim neque ut repellendus repudiandae. Ut ut error ratione molestias.', '1970-03-06 00:08:55');
INSERT INTO `messages` (`id`, `from_user_id`, `to_user_id`, `body`, `created_at`) VALUES ('249', '99', '99', 'Sed perferendis eos commodi pariatur sit aspernatur. Ut quia eum quasi voluptates aspernatur aut. Odit earum ea et ut. Odit repellendus qui magni illo consequatur.', '1973-12-12 12:19:53');
INSERT INTO `messages` (`id`, `from_user_id`, `to_user_id`, `body`, `created_at`) VALUES ('250', '100', '100', 'Omnis qui veritatis ratione ullam et laboriosam. Molestias veritatis qui maiores in. Doloribus maxime non laboriosam qui. Quo quam exercitationem impedit autem et eos. Tempore dignissimos cum qui ipsam enim ut.', '2013-04-16 22:04:02');
INSERT INTO `messages` (`id`, `from_user_id`, `to_user_id`, `body`, `created_at`) VALUES ('251', '101', '101', 'Sequi quasi eos quae mollitia reprehenderit cumque iusto aut. Eius et assumenda quo natus consectetur eius. Officiis quod tenetur et.', '2005-05-31 08:34:29');
INSERT INTO `messages` (`id`, `from_user_id`, `to_user_id`, `body`, `created_at`) VALUES ('252', '102', '102', 'Aut assumenda rerum ducimus voluptates et sint cupiditate. Vel accusantium laborum quis sequi explicabo nobis. Adipisci repellat sed sequi minus voluptas animi aut. Doloribus earum soluta ea qui quae.', '2000-05-02 00:23:16');
INSERT INTO `messages` (`id`, `from_user_id`, `to_user_id`, `body`, `created_at`) VALUES ('253', '103', '103', 'Molestiae atque eum quo odit corrupti. Dolores a eum consectetur esse incidunt aut voluptates.', '1998-06-05 06:14:38');
INSERT INTO `messages` (`id`, `from_user_id`, `to_user_id`, `body`, `created_at`) VALUES ('254', '104', '104', 'Aliquam assumenda dolorem et amet voluptatem. Molestiae quis cupiditate tempora rerum quaerat quis. Quis quidem cupiditate eos consectetur.', '1981-03-07 12:28:14');
INSERT INTO `messages` (`id`, `from_user_id`, `to_user_id`, `body`, `created_at`) VALUES ('255', '105', '105', 'Omnis cum iste reprehenderit nobis magni assumenda culpa. Quia ratione aut expedita sunt vel.', '2014-12-07 05:55:41');
INSERT INTO `messages` (`id`, `from_user_id`, `to_user_id`, `body`, `created_at`) VALUES ('256', '106', '106', 'Repellat omnis nihil quia temporibus doloremque repudiandae. Voluptatem enim eum assumenda repellendus libero quo. Odit sequi consequatur occaecati quisquam officia. Tempore omnis adipisci eveniet ab. Molestias porro quam perferendis debitis sed.', '1973-09-03 07:58:14');
INSERT INTO `messages` (`id`, `from_user_id`, `to_user_id`, `body`, `created_at`) VALUES ('257', '107', '107', 'Nisi distinctio deleniti est vitae repudiandae qui culpa. Et necessitatibus dolorum eaque non tempore. Vel unde tempora incidunt debitis esse ad in aliquam.', '1988-05-18 09:12:21');
INSERT INTO `messages` (`id`, `from_user_id`, `to_user_id`, `body`, `created_at`) VALUES ('258', '108', '108', 'Facilis temporibus velit voluptates. Minus nam atque molestias dolorem repellat quod adipisci est. Impedit deleniti voluptatem qui in.', '2004-09-01 01:42:46');
INSERT INTO `messages` (`id`, `from_user_id`, `to_user_id`, `body`, `created_at`) VALUES ('259', '109', '109', 'Nemo unde dolorum illo odio et assumenda. Sunt ut ad sit qui nostrum neque. Quam eum libero autem.', '2017-03-04 13:57:32');
INSERT INTO `messages` (`id`, `from_user_id`, `to_user_id`, `body`, `created_at`) VALUES ('260', '110', '110', 'Amet a velit quia explicabo natus consequatur animi pariatur. Qui magni assumenda ut pariatur tempore culpa. Sequi omnis fugit id consequatur amet. Ad ut esse aut.', '1988-03-17 14:47:45');
INSERT INTO `messages` (`id`, `from_user_id`, `to_user_id`, `body`, `created_at`) VALUES ('261', '111', '111', 'Officiis numquam quis molestiae beatae magni maxime consequatur vero. Quod voluptatum suscipit maxime odio assumenda dolor nobis repellat. Consectetur quod rerum voluptates necessitatibus cupiditate libero.', '1987-10-27 07:19:52');
INSERT INTO `messages` (`id`, `from_user_id`, `to_user_id`, `body`, `created_at`) VALUES ('262', '112', '112', 'Ipsum et consectetur totam ratione. Quo architecto nihil et. Architecto veniam ducimus hic ducimus commodi eum consequatur.', '1970-01-31 16:19:30');
INSERT INTO `messages` (`id`, `from_user_id`, `to_user_id`, `body`, `created_at`) VALUES ('263', '113', '113', 'Sed eos ut quasi ut quisquam. Autem non sed doloribus non. Voluptate qui sit numquam dolor dolorem. A perferendis occaecati ipsam culpa aut.', '1989-08-28 11:22:20');
INSERT INTO `messages` (`id`, `from_user_id`, `to_user_id`, `body`, `created_at`) VALUES ('264', '114', '114', 'Ipsum explicabo autem occaecati libero tempora qui facere. Rerum nihil laudantium aliquid eum quidem est. Maiores repudiandae quia mollitia doloremque ut. Dolorem eum nam facere tenetur necessitatibus velit. Neque eos minima quo rerum quis dolores.', '2012-09-17 13:16:37');
INSERT INTO `messages` (`id`, `from_user_id`, `to_user_id`, `body`, `created_at`) VALUES ('265', '115', '115', 'Rerum et laboriosam sequi est. Possimus suscipit accusamus eius praesentium.', '2018-07-02 12:32:44');
INSERT INTO `messages` (`id`, `from_user_id`, `to_user_id`, `body`, `created_at`) VALUES ('266', '116', '116', 'Minus aperiam deleniti magni voluptas facilis. Velit officiis cupiditate molestiae dolor odio explicabo. Excepturi illum reprehenderit dolorum numquam voluptatem.', '1989-12-20 12:31:00');
INSERT INTO `messages` (`id`, `from_user_id`, `to_user_id`, `body`, `created_at`) VALUES ('267', '117', '117', 'Illum hic quis et consequatur voluptatem. Voluptatem aliquam quidem aut repellendus autem adipisci eos. Ab rem nesciunt quae dolorem quae qui aspernatur.', '2003-09-21 15:27:02');
INSERT INTO `messages` (`id`, `from_user_id`, `to_user_id`, `body`, `created_at`) VALUES ('268', '118', '118', 'Qui consectetur neque qui ab deserunt labore amet quos. Ducimus omnis porro accusamus quos dolorem non blanditiis perspiciatis. Eos perspiciatis qui ut.', '1978-07-04 07:50:57');
INSERT INTO `messages` (`id`, `from_user_id`, `to_user_id`, `body`, `created_at`) VALUES ('269', '119', '119', 'Molestias autem natus soluta est ipsa id ut beatae. Recusandae fugit autem ipsa dignissimos in quaerat dolor ipsa. Voluptas nesciunt consequatur vel et a aliquid. Repudiandae repudiandae velit iusto doloremque ut possimus. Rerum rerum expedita perferendis ut et aut voluptatem.', '1983-11-20 20:18:32');
INSERT INTO `messages` (`id`, `from_user_id`, `to_user_id`, `body`, `created_at`) VALUES ('270', '120', '120', 'Et placeat nostrum ab non. Quis nulla voluptatem consequatur quidem corporis repellendus sed quo. Est alias nulla nobis asperiores.', '1985-02-21 22:20:07');
INSERT INTO `messages` (`id`, `from_user_id`, `to_user_id`, `body`, `created_at`) VALUES ('271', '121', '121', 'A et eius et aut mollitia nam ab. Sunt aut earum quia in culpa sequi aperiam. Excepturi odit eum sint delectus similique. Dolorum porro minus quis illo nobis voluptatem voluptatem delectus.', '2008-05-27 23:00:36');
INSERT INTO `messages` (`id`, `from_user_id`, `to_user_id`, `body`, `created_at`) VALUES ('272', '122', '122', 'Pariatur pariatur itaque vel rerum aut. Nisi corrupti recusandae id autem. Ex libero qui sit quia minus. Quia et commodi molestias ex.', '1998-11-11 07:22:59');
INSERT INTO `messages` (`id`, `from_user_id`, `to_user_id`, `body`, `created_at`) VALUES ('273', '123', '123', 'Accusantium et consectetur laboriosam soluta. Modi eveniet non exercitationem provident. Ex architecto et a a.', '1980-05-09 16:24:16');
INSERT INTO `messages` (`id`, `from_user_id`, `to_user_id`, `body`, `created_at`) VALUES ('274', '124', '124', 'Ullam cum ipsam repudiandae voluptatem ut. Eius animi ut nesciunt quae corrupti ex. Beatae voluptatem exercitationem ipsa.', '1986-01-03 12:10:08');
INSERT INTO `messages` (`id`, `from_user_id`, `to_user_id`, `body`, `created_at`) VALUES ('275', '125', '125', 'Ad atque iure officia voluptatibus. Ducimus ratione corporis deleniti reprehenderit aut quisquam.', '2010-12-23 13:40:33');
INSERT INTO `messages` (`id`, `from_user_id`, `to_user_id`, `body`, `created_at`) VALUES ('276', '126', '126', 'Illum voluptates omnis nesciunt qui fugiat. Veritatis aut asperiores delectus ut sed.', '1986-03-08 04:13:22');
INSERT INTO `messages` (`id`, `from_user_id`, `to_user_id`, `body`, `created_at`) VALUES ('277', '127', '127', 'Et odio qui qui ut voluptates repudiandae. Illum dicta qui explicabo dignissimos consequatur. Laudantium laborum ut consequatur nihil aut minima.', '1999-09-07 12:15:03');
INSERT INTO `messages` (`id`, `from_user_id`, `to_user_id`, `body`, `created_at`) VALUES ('278', '128', '128', 'Dolor et in saepe aut quisquam consequatur non. Id corrupti et facere repellendus. Incidunt qui deleniti sint debitis itaque laborum praesentium. Aliquam magni harum facere.', '1978-11-14 11:55:37');
INSERT INTO `messages` (`id`, `from_user_id`, `to_user_id`, `body`, `created_at`) VALUES ('279', '129', '129', 'Non est magni non expedita est. Asperiores ullam autem dolores eum distinctio. Eum consequuntur omnis veniam et beatae quia. Dolorem libero voluptas non officia omnis.', '1989-06-04 01:01:35');
INSERT INTO `messages` (`id`, `from_user_id`, `to_user_id`, `body`, `created_at`) VALUES ('280', '130', '130', 'Reprehenderit non voluptates voluptate delectus unde vitae. Pariatur excepturi qui soluta quibusdam veritatis harum. Est omnis rerum voluptas aut aliquid. Impedit nostrum ut molestias debitis. Quae qui ipsa reprehenderit rerum voluptatem.', '2000-11-10 00:23:10');
INSERT INTO `messages` (`id`, `from_user_id`, `to_user_id`, `body`, `created_at`) VALUES ('281', '131', '131', 'Ea rerum commodi iure voluptatem exercitationem perspiciatis omnis quia. Magnam quam necessitatibus est quaerat architecto. Debitis omnis iure est occaecati accusantium. Nihil animi ut voluptatum enim maiores.', '2008-06-27 17:44:41');
INSERT INTO `messages` (`id`, `from_user_id`, `to_user_id`, `body`, `created_at`) VALUES ('282', '132', '132', 'Ut non accusantium non totam. Et ducimus suscipit quia nihil autem est. Ut est aperiam aperiam id. Id nostrum natus dolores. Odit expedita ut optio cumque et.', '2017-10-23 01:21:09');
INSERT INTO `messages` (`id`, `from_user_id`, `to_user_id`, `body`, `created_at`) VALUES ('283', '133', '133', 'Est aliquid aut sint temporibus quos amet dolorum. Quaerat sapiente praesentium sequi est.', '1970-10-05 17:54:36');
INSERT INTO `messages` (`id`, `from_user_id`, `to_user_id`, `body`, `created_at`) VALUES ('284', '134', '134', 'Alias voluptas ipsa impedit necessitatibus voluptas libero. Eum dicta pariatur voluptas occaecati. Voluptatum tempora quo quidem non soluta esse non.', '2017-05-28 22:10:57');
INSERT INTO `messages` (`id`, `from_user_id`, `to_user_id`, `body`, `created_at`) VALUES ('285', '135', '135', 'Delectus rerum repellendus aut rerum. Neque distinctio inventore numquam dolor exercitationem. Ut reiciendis et facere voluptatem occaecati magnam. Sed nulla magni vitae maxime voluptas autem.', '2015-06-18 04:56:12');
INSERT INTO `messages` (`id`, `from_user_id`, `to_user_id`, `body`, `created_at`) VALUES ('286', '136', '136', 'Odit ut unde et eum consequatur ex. Officia sint occaecati rerum. Deserunt qui asperiores ratione officia. Consequatur blanditiis blanditiis provident repellat aut odit ut.', '1989-04-16 21:06:09');
INSERT INTO `messages` (`id`, `from_user_id`, `to_user_id`, `body`, `created_at`) VALUES ('287', '137', '137', 'Omnis sit nostrum autem sed sed voluptatem. Temporibus voluptas consequatur odit esse.', '2016-06-05 22:25:09');
INSERT INTO `messages` (`id`, `from_user_id`, `to_user_id`, `body`, `created_at`) VALUES ('288', '138', '138', 'Doloremque atque et nisi. Molestias modi et fugiat. Sint dolorum quia atque expedita in velit illum. Ex sequi et illum quo non.', '2015-12-28 03:21:43');
INSERT INTO `messages` (`id`, `from_user_id`, `to_user_id`, `body`, `created_at`) VALUES ('289', '139', '139', 'Ut numquam debitis et qui. Enim exercitationem earum sunt voluptas. Et pariatur quam adipisci voluptates ut architecto eligendi quam. Alias magnam nostrum dolores sint alias iusto. Ut quisquam qui iure minus quo aspernatur sequi.', '2020-08-27 11:49:41');
INSERT INTO `messages` (`id`, `from_user_id`, `to_user_id`, `body`, `created_at`) VALUES ('290', '140', '140', 'Aut perferendis fugit quia quia. Quasi expedita et dignissimos repellat quaerat illo et. Nihil accusamus at dolorem accusamus corrupti iusto.', '1991-11-02 05:57:42');
INSERT INTO `messages` (`id`, `from_user_id`, `to_user_id`, `body`, `created_at`) VALUES ('291', '141', '141', 'Laborum porro eaque quaerat omnis omnis officia vel. Ipsum adipisci ducimus et corporis eveniet. Perferendis est est blanditiis est perferendis porro.', '1994-03-04 00:51:53');
INSERT INTO `messages` (`id`, `from_user_id`, `to_user_id`, `body`, `created_at`) VALUES ('292', '142', '142', 'Qui iure quo quisquam sequi. Omnis aut quae ut a cumque minus. Laborum qui fuga id cum quam repudiandae quo.', '2016-06-19 23:49:59');
INSERT INTO `messages` (`id`, `from_user_id`, `to_user_id`, `body`, `created_at`) VALUES ('293', '143', '143', 'Facere hic culpa dolorem neque. Autem id quod voluptates nam non quo. Delectus assumenda rerum amet vero atque.', '1995-08-19 01:45:55');
INSERT INTO `messages` (`id`, `from_user_id`, `to_user_id`, `body`, `created_at`) VALUES ('294', '144', '144', 'Odio velit amet repellendus iure eum hic. Qui voluptatem ipsa suscipit unde dolores ut maxime. Ex blanditiis officia quis ut odit rerum non. Voluptas reprehenderit autem beatae iusto.', '1981-10-06 03:14:36');
INSERT INTO `messages` (`id`, `from_user_id`, `to_user_id`, `body`, `created_at`) VALUES ('295', '145', '145', 'Accusamus accusamus exercitationem aut nihil corrupti non possimus. Quas nihil ipsam facere sunt non exercitationem incidunt.', '1983-08-25 18:59:37');
INSERT INTO `messages` (`id`, `from_user_id`, `to_user_id`, `body`, `created_at`) VALUES ('296', '146', '146', 'Sunt ut doloribus velit enim eos ea nulla voluptate. Aspernatur maiores qui nobis.', '1999-04-11 13:53:55');
INSERT INTO `messages` (`id`, `from_user_id`, `to_user_id`, `body`, `created_at`) VALUES ('297', '147', '147', 'Minima et nesciunt et consectetur voluptatem magnam. Similique non nihil excepturi voluptates. Est omnis velit nam nemo qui necessitatibus.', '2014-10-16 14:58:44');
INSERT INTO `messages` (`id`, `from_user_id`, `to_user_id`, `body`, `created_at`) VALUES ('298', '148', '148', 'Corrupti dolorem dolore excepturi quod repellat voluptatibus sunt. Quod nulla fugit aperiam et culpa. Aliquid provident aperiam et qui quis consectetur.', '1992-11-20 15:27:27');
INSERT INTO `messages` (`id`, `from_user_id`, `to_user_id`, `body`, `created_at`) VALUES ('299', '149', '149', 'Soluta ea maxime id mollitia soluta voluptatem laborum. Porro ut quae cum quia et. Dolor odit quaerat eum numquam.', '1995-09-15 22:31:26');
INSERT INTO `messages` (`id`, `from_user_id`, `to_user_id`, `body`, `created_at`) VALUES ('300', '150', '150', 'Dolorem soluta omnis sunt eum. Similique voluptas molestias ullam et maxime. Cupiditate non sit molestias voluptatem molestiae. Est eos commodi et expedita et beatae.', '1991-11-10 20:59:35');


#
# TABLE STRUCTURE FOR: photo_albums
#

DROP TABLE IF EXISTS `photo_albums`;

CREATE TABLE `photo_albums` (
  `id` bigint(20) unsigned NOT NULL AUTO_INCREMENT,
  `name` varchar(255) COLLATE utf8mb4_unicode_ci DEFAULT NULL,
  `user_id` bigint(20) unsigned DEFAULT NULL,
  PRIMARY KEY (`id`),
  UNIQUE KEY `id` (`id`),
  KEY `user_id` (`user_id`),
  CONSTRAINT `photo_albums_ibfk_1` FOREIGN KEY (`user_id`) REFERENCES `users` (`id`)
) ENGINE=InnoDB AUTO_INCREMENT=51 DEFAULT CHARSET=utf8mb4 COLLATE=utf8mb4_unicode_ci;

INSERT INTO `photo_albums` (`id`, `name`, `user_id`) VALUES ('1', 'perspiciatis', '1');
INSERT INTO `photo_albums` (`id`, `name`, `user_id`) VALUES ('2', 'temporibus', '2');
INSERT INTO `photo_albums` (`id`, `name`, `user_id`) VALUES ('3', 'veniam', '3');
INSERT INTO `photo_albums` (`id`, `name`, `user_id`) VALUES ('4', 'nihil', '4');
INSERT INTO `photo_albums` (`id`, `name`, `user_id`) VALUES ('5', 'mollitia', '5');
INSERT INTO `photo_albums` (`id`, `name`, `user_id`) VALUES ('6', 'id', '6');
INSERT INTO `photo_albums` (`id`, `name`, `user_id`) VALUES ('7', 'qui', '7');
INSERT INTO `photo_albums` (`id`, `name`, `user_id`) VALUES ('8', 'cum', '8');
INSERT INTO `photo_albums` (`id`, `name`, `user_id`) VALUES ('9', 'recusandae', '9');
INSERT INTO `photo_albums` (`id`, `name`, `user_id`) VALUES ('10', 'pariatur', '10');
INSERT INTO `photo_albums` (`id`, `name`, `user_id`) VALUES ('11', 'animi', '11');
INSERT INTO `photo_albums` (`id`, `name`, `user_id`) VALUES ('12', 'repudiandae', '12');
INSERT INTO `photo_albums` (`id`, `name`, `user_id`) VALUES ('13', 'aut', '13');
INSERT INTO `photo_albums` (`id`, `name`, `user_id`) VALUES ('14', 'debitis', '14');
INSERT INTO `photo_albums` (`id`, `name`, `user_id`) VALUES ('15', 'laborum', '15');
INSERT INTO `photo_albums` (`id`, `name`, `user_id`) VALUES ('16', 'aspernatur', '16');
INSERT INTO `photo_albums` (`id`, `name`, `user_id`) VALUES ('17', 'ut', '17');
INSERT INTO `photo_albums` (`id`, `name`, `user_id`) VALUES ('18', 'qui', '18');
INSERT INTO `photo_albums` (`id`, `name`, `user_id`) VALUES ('19', 'qui', '19');
INSERT INTO `photo_albums` (`id`, `name`, `user_id`) VALUES ('20', 'reiciendis', '20');
INSERT INTO `photo_albums` (`id`, `name`, `user_id`) VALUES ('21', 'facilis', '21');
INSERT INTO `photo_albums` (`id`, `name`, `user_id`) VALUES ('22', 'sed', '22');
INSERT INTO `photo_albums` (`id`, `name`, `user_id`) VALUES ('23', 'eos', '23');
INSERT INTO `photo_albums` (`id`, `name`, `user_id`) VALUES ('24', 'ut', '24');
INSERT INTO `photo_albums` (`id`, `name`, `user_id`) VALUES ('25', 'velit', '25');
INSERT INTO `photo_albums` (`id`, `name`, `user_id`) VALUES ('26', 'totam', '26');
INSERT INTO `photo_albums` (`id`, `name`, `user_id`) VALUES ('27', 'eligendi', '27');
INSERT INTO `photo_albums` (`id`, `name`, `user_id`) VALUES ('28', 'vero', '28');
INSERT INTO `photo_albums` (`id`, `name`, `user_id`) VALUES ('29', 'consequuntur', '29');
INSERT INTO `photo_albums` (`id`, `name`, `user_id`) VALUES ('30', 'vel', '30');
INSERT INTO `photo_albums` (`id`, `name`, `user_id`) VALUES ('31', 'incidunt', '31');
INSERT INTO `photo_albums` (`id`, `name`, `user_id`) VALUES ('32', 'repudiandae', '32');
INSERT INTO `photo_albums` (`id`, `name`, `user_id`) VALUES ('33', 'veniam', '33');
INSERT INTO `photo_albums` (`id`, `name`, `user_id`) VALUES ('34', 'ut', '34');
INSERT INTO `photo_albums` (`id`, `name`, `user_id`) VALUES ('35', 'provident', '35');
INSERT INTO `photo_albums` (`id`, `name`, `user_id`) VALUES ('36', 'dolorum', '36');
INSERT INTO `photo_albums` (`id`, `name`, `user_id`) VALUES ('37', 'nisi', '37');
INSERT INTO `photo_albums` (`id`, `name`, `user_id`) VALUES ('38', 'quisquam', '38');
INSERT INTO `photo_albums` (`id`, `name`, `user_id`) VALUES ('39', 'debitis', '39');
INSERT INTO `photo_albums` (`id`, `name`, `user_id`) VALUES ('40', 'temporibus', '40');
INSERT INTO `photo_albums` (`id`, `name`, `user_id`) VALUES ('41', 'praesentium', '41');
INSERT INTO `photo_albums` (`id`, `name`, `user_id`) VALUES ('42', 'nulla', '42');
INSERT INTO `photo_albums` (`id`, `name`, `user_id`) VALUES ('43', 'adipisci', '43');
INSERT INTO `photo_albums` (`id`, `name`, `user_id`) VALUES ('44', 'sit', '44');
INSERT INTO `photo_albums` (`id`, `name`, `user_id`) VALUES ('45', 'molestiae', '45');
INSERT INTO `photo_albums` (`id`, `name`, `user_id`) VALUES ('46', 'velit', '46');
INSERT INTO `photo_albums` (`id`, `name`, `user_id`) VALUES ('47', 'voluptatem', '47');
INSERT INTO `photo_albums` (`id`, `name`, `user_id`) VALUES ('48', 'quia', '48');
INSERT INTO `photo_albums` (`id`, `name`, `user_id`) VALUES ('49', 'reiciendis', '49');
INSERT INTO `photo_albums` (`id`, `name`, `user_id`) VALUES ('50', 'nobis', '50');


#
# TABLE STRUCTURE FOR: photos
#

DROP TABLE IF EXISTS `photos`;

CREATE TABLE `photos` (
  `id` bigint(20) unsigned NOT NULL AUTO_INCREMENT,
  `album_id` bigint(20) unsigned DEFAULT NULL,
  `media_id` bigint(20) unsigned NOT NULL,
  UNIQUE KEY `id` (`id`),
  KEY `album_id` (`album_id`),
  KEY `media_id` (`media_id`),
  CONSTRAINT `photos_ibfk_1` FOREIGN KEY (`album_id`) REFERENCES `photo_albums` (`id`),
  CONSTRAINT `photos_ibfk_2` FOREIGN KEY (`media_id`) REFERENCES `media` (`id`)
) ENGINE=InnoDB AUTO_INCREMENT=301 DEFAULT CHARSET=utf8mb4 COLLATE=utf8mb4_unicode_ci;

INSERT INTO `photos` (`id`, `album_id`, `media_id`) VALUES ('1', '1', '1');
INSERT INTO `photos` (`id`, `album_id`, `media_id`) VALUES ('2', '2', '2');
INSERT INTO `photos` (`id`, `album_id`, `media_id`) VALUES ('3', '3', '3');
INSERT INTO `photos` (`id`, `album_id`, `media_id`) VALUES ('4', '4', '4');
INSERT INTO `photos` (`id`, `album_id`, `media_id`) VALUES ('5', '5', '5');
INSERT INTO `photos` (`id`, `album_id`, `media_id`) VALUES ('6', '6', '6');
INSERT INTO `photos` (`id`, `album_id`, `media_id`) VALUES ('7', '7', '7');
INSERT INTO `photos` (`id`, `album_id`, `media_id`) VALUES ('8', '8', '8');
INSERT INTO `photos` (`id`, `album_id`, `media_id`) VALUES ('9', '9', '9');
INSERT INTO `photos` (`id`, `album_id`, `media_id`) VALUES ('10', '10', '10');
INSERT INTO `photos` (`id`, `album_id`, `media_id`) VALUES ('11', '11', '11');
INSERT INTO `photos` (`id`, `album_id`, `media_id`) VALUES ('12', '12', '12');
INSERT INTO `photos` (`id`, `album_id`, `media_id`) VALUES ('13', '13', '13');
INSERT INTO `photos` (`id`, `album_id`, `media_id`) VALUES ('14', '14', '14');
INSERT INTO `photos` (`id`, `album_id`, `media_id`) VALUES ('15', '15', '15');
INSERT INTO `photos` (`id`, `album_id`, `media_id`) VALUES ('16', '16', '16');
INSERT INTO `photos` (`id`, `album_id`, `media_id`) VALUES ('17', '17', '17');
INSERT INTO `photos` (`id`, `album_id`, `media_id`) VALUES ('18', '18', '18');
INSERT INTO `photos` (`id`, `album_id`, `media_id`) VALUES ('19', '19', '19');
INSERT INTO `photos` (`id`, `album_id`, `media_id`) VALUES ('20', '20', '20');
INSERT INTO `photos` (`id`, `album_id`, `media_id`) VALUES ('21', '21', '21');
INSERT INTO `photos` (`id`, `album_id`, `media_id`) VALUES ('22', '22', '22');
INSERT INTO `photos` (`id`, `album_id`, `media_id`) VALUES ('23', '23', '23');
INSERT INTO `photos` (`id`, `album_id`, `media_id`) VALUES ('24', '24', '24');
INSERT INTO `photos` (`id`, `album_id`, `media_id`) VALUES ('25', '25', '25');
INSERT INTO `photos` (`id`, `album_id`, `media_id`) VALUES ('26', '26', '26');
INSERT INTO `photos` (`id`, `album_id`, `media_id`) VALUES ('27', '27', '27');
INSERT INTO `photos` (`id`, `album_id`, `media_id`) VALUES ('28', '28', '28');
INSERT INTO `photos` (`id`, `album_id`, `media_id`) VALUES ('29', '29', '29');
INSERT INTO `photos` (`id`, `album_id`, `media_id`) VALUES ('30', '30', '30');
INSERT INTO `photos` (`id`, `album_id`, `media_id`) VALUES ('31', '31', '31');
INSERT INTO `photos` (`id`, `album_id`, `media_id`) VALUES ('32', '32', '32');
INSERT INTO `photos` (`id`, `album_id`, `media_id`) VALUES ('33', '33', '33');
INSERT INTO `photos` (`id`, `album_id`, `media_id`) VALUES ('34', '34', '34');
INSERT INTO `photos` (`id`, `album_id`, `media_id`) VALUES ('35', '35', '35');
INSERT INTO `photos` (`id`, `album_id`, `media_id`) VALUES ('36', '36', '36');
INSERT INTO `photos` (`id`, `album_id`, `media_id`) VALUES ('37', '37', '37');
INSERT INTO `photos` (`id`, `album_id`, `media_id`) VALUES ('38', '38', '38');
INSERT INTO `photos` (`id`, `album_id`, `media_id`) VALUES ('39', '39', '39');
INSERT INTO `photos` (`id`, `album_id`, `media_id`) VALUES ('40', '40', '40');
INSERT INTO `photos` (`id`, `album_id`, `media_id`) VALUES ('41', '41', '41');
INSERT INTO `photos` (`id`, `album_id`, `media_id`) VALUES ('42', '42', '42');
INSERT INTO `photos` (`id`, `album_id`, `media_id`) VALUES ('43', '43', '43');
INSERT INTO `photos` (`id`, `album_id`, `media_id`) VALUES ('44', '44', '44');
INSERT INTO `photos` (`id`, `album_id`, `media_id`) VALUES ('45', '45', '45');
INSERT INTO `photos` (`id`, `album_id`, `media_id`) VALUES ('46', '46', '46');
INSERT INTO `photos` (`id`, `album_id`, `media_id`) VALUES ('47', '47', '47');
INSERT INTO `photos` (`id`, `album_id`, `media_id`) VALUES ('48', '48', '48');
INSERT INTO `photos` (`id`, `album_id`, `media_id`) VALUES ('49', '49', '49');
INSERT INTO `photos` (`id`, `album_id`, `media_id`) VALUES ('50', '50', '50');
INSERT INTO `photos` (`id`, `album_id`, `media_id`) VALUES ('51', '1', '51');
INSERT INTO `photos` (`id`, `album_id`, `media_id`) VALUES ('52', '2', '52');
INSERT INTO `photos` (`id`, `album_id`, `media_id`) VALUES ('53', '3', '53');
INSERT INTO `photos` (`id`, `album_id`, `media_id`) VALUES ('54', '4', '54');
INSERT INTO `photos` (`id`, `album_id`, `media_id`) VALUES ('55', '5', '55');
INSERT INTO `photos` (`id`, `album_id`, `media_id`) VALUES ('56', '6', '56');
INSERT INTO `photos` (`id`, `album_id`, `media_id`) VALUES ('57', '7', '57');
INSERT INTO `photos` (`id`, `album_id`, `media_id`) VALUES ('58', '8', '58');
INSERT INTO `photos` (`id`, `album_id`, `media_id`) VALUES ('59', '9', '59');
INSERT INTO `photos` (`id`, `album_id`, `media_id`) VALUES ('60', '10', '60');
INSERT INTO `photos` (`id`, `album_id`, `media_id`) VALUES ('61', '11', '61');
INSERT INTO `photos` (`id`, `album_id`, `media_id`) VALUES ('62', '12', '62');
INSERT INTO `photos` (`id`, `album_id`, `media_id`) VALUES ('63', '13', '63');
INSERT INTO `photos` (`id`, `album_id`, `media_id`) VALUES ('64', '14', '64');
INSERT INTO `photos` (`id`, `album_id`, `media_id`) VALUES ('65', '15', '65');
INSERT INTO `photos` (`id`, `album_id`, `media_id`) VALUES ('66', '16', '66');
INSERT INTO `photos` (`id`, `album_id`, `media_id`) VALUES ('67', '17', '67');
INSERT INTO `photos` (`id`, `album_id`, `media_id`) VALUES ('68', '18', '68');
INSERT INTO `photos` (`id`, `album_id`, `media_id`) VALUES ('69', '19', '69');
INSERT INTO `photos` (`id`, `album_id`, `media_id`) VALUES ('70', '20', '70');
INSERT INTO `photos` (`id`, `album_id`, `media_id`) VALUES ('71', '21', '71');
INSERT INTO `photos` (`id`, `album_id`, `media_id`) VALUES ('72', '22', '72');
INSERT INTO `photos` (`id`, `album_id`, `media_id`) VALUES ('73', '23', '73');
INSERT INTO `photos` (`id`, `album_id`, `media_id`) VALUES ('74', '24', '74');
INSERT INTO `photos` (`id`, `album_id`, `media_id`) VALUES ('75', '25', '75');
INSERT INTO `photos` (`id`, `album_id`, `media_id`) VALUES ('76', '26', '76');
INSERT INTO `photos` (`id`, `album_id`, `media_id`) VALUES ('77', '27', '77');
INSERT INTO `photos` (`id`, `album_id`, `media_id`) VALUES ('78', '28', '78');
INSERT INTO `photos` (`id`, `album_id`, `media_id`) VALUES ('79', '29', '79');
INSERT INTO `photos` (`id`, `album_id`, `media_id`) VALUES ('80', '30', '80');
INSERT INTO `photos` (`id`, `album_id`, `media_id`) VALUES ('81', '31', '81');
INSERT INTO `photos` (`id`, `album_id`, `media_id`) VALUES ('82', '32', '82');
INSERT INTO `photos` (`id`, `album_id`, `media_id`) VALUES ('83', '33', '83');
INSERT INTO `photos` (`id`, `album_id`, `media_id`) VALUES ('84', '34', '84');
INSERT INTO `photos` (`id`, `album_id`, `media_id`) VALUES ('85', '35', '85');
INSERT INTO `photos` (`id`, `album_id`, `media_id`) VALUES ('86', '36', '86');
INSERT INTO `photos` (`id`, `album_id`, `media_id`) VALUES ('87', '37', '87');
INSERT INTO `photos` (`id`, `album_id`, `media_id`) VALUES ('88', '38', '88');
INSERT INTO `photos` (`id`, `album_id`, `media_id`) VALUES ('89', '39', '89');
INSERT INTO `photos` (`id`, `album_id`, `media_id`) VALUES ('90', '40', '90');
INSERT INTO `photos` (`id`, `album_id`, `media_id`) VALUES ('91', '41', '91');
INSERT INTO `photos` (`id`, `album_id`, `media_id`) VALUES ('92', '42', '92');
INSERT INTO `photos` (`id`, `album_id`, `media_id`) VALUES ('93', '43', '93');
INSERT INTO `photos` (`id`, `album_id`, `media_id`) VALUES ('94', '44', '94');
INSERT INTO `photos` (`id`, `album_id`, `media_id`) VALUES ('95', '45', '95');
INSERT INTO `photos` (`id`, `album_id`, `media_id`) VALUES ('96', '46', '96');
INSERT INTO `photos` (`id`, `album_id`, `media_id`) VALUES ('97', '47', '97');
INSERT INTO `photos` (`id`, `album_id`, `media_id`) VALUES ('98', '48', '98');
INSERT INTO `photos` (`id`, `album_id`, `media_id`) VALUES ('99', '49', '99');
INSERT INTO `photos` (`id`, `album_id`, `media_id`) VALUES ('100', '50', '100');
INSERT INTO `photos` (`id`, `album_id`, `media_id`) VALUES ('101', '1', '101');
INSERT INTO `photos` (`id`, `album_id`, `media_id`) VALUES ('102', '2', '102');
INSERT INTO `photos` (`id`, `album_id`, `media_id`) VALUES ('103', '3', '103');
INSERT INTO `photos` (`id`, `album_id`, `media_id`) VALUES ('104', '4', '104');
INSERT INTO `photos` (`id`, `album_id`, `media_id`) VALUES ('105', '5', '105');
INSERT INTO `photos` (`id`, `album_id`, `media_id`) VALUES ('106', '6', '106');
INSERT INTO `photos` (`id`, `album_id`, `media_id`) VALUES ('107', '7', '107');
INSERT INTO `photos` (`id`, `album_id`, `media_id`) VALUES ('108', '8', '108');
INSERT INTO `photos` (`id`, `album_id`, `media_id`) VALUES ('109', '9', '109');
INSERT INTO `photos` (`id`, `album_id`, `media_id`) VALUES ('110', '10', '110');
INSERT INTO `photos` (`id`, `album_id`, `media_id`) VALUES ('111', '11', '111');
INSERT INTO `photos` (`id`, `album_id`, `media_id`) VALUES ('112', '12', '112');
INSERT INTO `photos` (`id`, `album_id`, `media_id`) VALUES ('113', '13', '113');
INSERT INTO `photos` (`id`, `album_id`, `media_id`) VALUES ('114', '14', '114');
INSERT INTO `photos` (`id`, `album_id`, `media_id`) VALUES ('115', '15', '115');
INSERT INTO `photos` (`id`, `album_id`, `media_id`) VALUES ('116', '16', '116');
INSERT INTO `photos` (`id`, `album_id`, `media_id`) VALUES ('117', '17', '117');
INSERT INTO `photos` (`id`, `album_id`, `media_id`) VALUES ('118', '18', '118');
INSERT INTO `photos` (`id`, `album_id`, `media_id`) VALUES ('119', '19', '119');
INSERT INTO `photos` (`id`, `album_id`, `media_id`) VALUES ('120', '20', '120');
INSERT INTO `photos` (`id`, `album_id`, `media_id`) VALUES ('121', '21', '121');
INSERT INTO `photos` (`id`, `album_id`, `media_id`) VALUES ('122', '22', '122');
INSERT INTO `photos` (`id`, `album_id`, `media_id`) VALUES ('123', '23', '123');
INSERT INTO `photos` (`id`, `album_id`, `media_id`) VALUES ('124', '24', '124');
INSERT INTO `photos` (`id`, `album_id`, `media_id`) VALUES ('125', '25', '125');
INSERT INTO `photos` (`id`, `album_id`, `media_id`) VALUES ('126', '26', '126');
INSERT INTO `photos` (`id`, `album_id`, `media_id`) VALUES ('127', '27', '127');
INSERT INTO `photos` (`id`, `album_id`, `media_id`) VALUES ('128', '28', '128');
INSERT INTO `photos` (`id`, `album_id`, `media_id`) VALUES ('129', '29', '129');
INSERT INTO `photos` (`id`, `album_id`, `media_id`) VALUES ('130', '30', '130');
INSERT INTO `photos` (`id`, `album_id`, `media_id`) VALUES ('131', '31', '131');
INSERT INTO `photos` (`id`, `album_id`, `media_id`) VALUES ('132', '32', '132');
INSERT INTO `photos` (`id`, `album_id`, `media_id`) VALUES ('133', '33', '133');
INSERT INTO `photos` (`id`, `album_id`, `media_id`) VALUES ('134', '34', '134');
INSERT INTO `photos` (`id`, `album_id`, `media_id`) VALUES ('135', '35', '135');
INSERT INTO `photos` (`id`, `album_id`, `media_id`) VALUES ('136', '36', '136');
INSERT INTO `photos` (`id`, `album_id`, `media_id`) VALUES ('137', '37', '137');
INSERT INTO `photos` (`id`, `album_id`, `media_id`) VALUES ('138', '38', '138');
INSERT INTO `photos` (`id`, `album_id`, `media_id`) VALUES ('139', '39', '139');
INSERT INTO `photos` (`id`, `album_id`, `media_id`) VALUES ('140', '40', '140');
INSERT INTO `photos` (`id`, `album_id`, `media_id`) VALUES ('141', '41', '141');
INSERT INTO `photos` (`id`, `album_id`, `media_id`) VALUES ('142', '42', '142');
INSERT INTO `photos` (`id`, `album_id`, `media_id`) VALUES ('143', '43', '143');
INSERT INTO `photos` (`id`, `album_id`, `media_id`) VALUES ('144', '44', '144');
INSERT INTO `photos` (`id`, `album_id`, `media_id`) VALUES ('145', '45', '145');
INSERT INTO `photos` (`id`, `album_id`, `media_id`) VALUES ('146', '46', '146');
INSERT INTO `photos` (`id`, `album_id`, `media_id`) VALUES ('147', '47', '147');
INSERT INTO `photos` (`id`, `album_id`, `media_id`) VALUES ('148', '48', '148');
INSERT INTO `photos` (`id`, `album_id`, `media_id`) VALUES ('149', '49', '149');
INSERT INTO `photos` (`id`, `album_id`, `media_id`) VALUES ('150', '50', '150');
INSERT INTO `photos` (`id`, `album_id`, `media_id`) VALUES ('151', '1', '151');
INSERT INTO `photos` (`id`, `album_id`, `media_id`) VALUES ('152', '2', '152');
INSERT INTO `photos` (`id`, `album_id`, `media_id`) VALUES ('153', '3', '153');
INSERT INTO `photos` (`id`, `album_id`, `media_id`) VALUES ('154', '4', '154');
INSERT INTO `photos` (`id`, `album_id`, `media_id`) VALUES ('155', '5', '155');
INSERT INTO `photos` (`id`, `album_id`, `media_id`) VALUES ('156', '6', '156');
INSERT INTO `photos` (`id`, `album_id`, `media_id`) VALUES ('157', '7', '157');
INSERT INTO `photos` (`id`, `album_id`, `media_id`) VALUES ('158', '8', '158');
INSERT INTO `photos` (`id`, `album_id`, `media_id`) VALUES ('159', '9', '159');
INSERT INTO `photos` (`id`, `album_id`, `media_id`) VALUES ('160', '10', '160');
INSERT INTO `photos` (`id`, `album_id`, `media_id`) VALUES ('161', '11', '161');
INSERT INTO `photos` (`id`, `album_id`, `media_id`) VALUES ('162', '12', '162');
INSERT INTO `photos` (`id`, `album_id`, `media_id`) VALUES ('163', '13', '163');
INSERT INTO `photos` (`id`, `album_id`, `media_id`) VALUES ('164', '14', '164');
INSERT INTO `photos` (`id`, `album_id`, `media_id`) VALUES ('165', '15', '165');
INSERT INTO `photos` (`id`, `album_id`, `media_id`) VALUES ('166', '16', '166');
INSERT INTO `photos` (`id`, `album_id`, `media_id`) VALUES ('167', '17', '167');
INSERT INTO `photos` (`id`, `album_id`, `media_id`) VALUES ('168', '18', '168');
INSERT INTO `photos` (`id`, `album_id`, `media_id`) VALUES ('169', '19', '169');
INSERT INTO `photos` (`id`, `album_id`, `media_id`) VALUES ('170', '20', '170');
INSERT INTO `photos` (`id`, `album_id`, `media_id`) VALUES ('171', '21', '171');
INSERT INTO `photos` (`id`, `album_id`, `media_id`) VALUES ('172', '22', '172');
INSERT INTO `photos` (`id`, `album_id`, `media_id`) VALUES ('173', '23', '173');
INSERT INTO `photos` (`id`, `album_id`, `media_id`) VALUES ('174', '24', '174');
INSERT INTO `photos` (`id`, `album_id`, `media_id`) VALUES ('175', '25', '175');
INSERT INTO `photos` (`id`, `album_id`, `media_id`) VALUES ('176', '26', '176');
INSERT INTO `photos` (`id`, `album_id`, `media_id`) VALUES ('177', '27', '177');
INSERT INTO `photos` (`id`, `album_id`, `media_id`) VALUES ('178', '28', '178');
INSERT INTO `photos` (`id`, `album_id`, `media_id`) VALUES ('179', '29', '179');
INSERT INTO `photos` (`id`, `album_id`, `media_id`) VALUES ('180', '30', '180');
INSERT INTO `photos` (`id`, `album_id`, `media_id`) VALUES ('181', '31', '181');
INSERT INTO `photos` (`id`, `album_id`, `media_id`) VALUES ('182', '32', '182');
INSERT INTO `photos` (`id`, `album_id`, `media_id`) VALUES ('183', '33', '183');
INSERT INTO `photos` (`id`, `album_id`, `media_id`) VALUES ('184', '34', '184');
INSERT INTO `photos` (`id`, `album_id`, `media_id`) VALUES ('185', '35', '185');
INSERT INTO `photos` (`id`, `album_id`, `media_id`) VALUES ('186', '36', '186');
INSERT INTO `photos` (`id`, `album_id`, `media_id`) VALUES ('187', '37', '187');
INSERT INTO `photos` (`id`, `album_id`, `media_id`) VALUES ('188', '38', '188');
INSERT INTO `photos` (`id`, `album_id`, `media_id`) VALUES ('189', '39', '189');
INSERT INTO `photos` (`id`, `album_id`, `media_id`) VALUES ('190', '40', '190');
INSERT INTO `photos` (`id`, `album_id`, `media_id`) VALUES ('191', '41', '191');
INSERT INTO `photos` (`id`, `album_id`, `media_id`) VALUES ('192', '42', '192');
INSERT INTO `photos` (`id`, `album_id`, `media_id`) VALUES ('193', '43', '193');
INSERT INTO `photos` (`id`, `album_id`, `media_id`) VALUES ('194', '44', '194');
INSERT INTO `photos` (`id`, `album_id`, `media_id`) VALUES ('195', '45', '195');
INSERT INTO `photos` (`id`, `album_id`, `media_id`) VALUES ('196', '46', '196');
INSERT INTO `photos` (`id`, `album_id`, `media_id`) VALUES ('197', '47', '197');
INSERT INTO `photos` (`id`, `album_id`, `media_id`) VALUES ('198', '48', '198');
INSERT INTO `photos` (`id`, `album_id`, `media_id`) VALUES ('199', '49', '199');
INSERT INTO `photos` (`id`, `album_id`, `media_id`) VALUES ('200', '50', '200');
INSERT INTO `photos` (`id`, `album_id`, `media_id`) VALUES ('201', '1', '201');
INSERT INTO `photos` (`id`, `album_id`, `media_id`) VALUES ('202', '2', '202');
INSERT INTO `photos` (`id`, `album_id`, `media_id`) VALUES ('203', '3', '203');
INSERT INTO `photos` (`id`, `album_id`, `media_id`) VALUES ('204', '4', '204');
INSERT INTO `photos` (`id`, `album_id`, `media_id`) VALUES ('205', '5', '205');
INSERT INTO `photos` (`id`, `album_id`, `media_id`) VALUES ('206', '6', '206');
INSERT INTO `photos` (`id`, `album_id`, `media_id`) VALUES ('207', '7', '207');
INSERT INTO `photos` (`id`, `album_id`, `media_id`) VALUES ('208', '8', '208');
INSERT INTO `photos` (`id`, `album_id`, `media_id`) VALUES ('209', '9', '209');
INSERT INTO `photos` (`id`, `album_id`, `media_id`) VALUES ('210', '10', '210');
INSERT INTO `photos` (`id`, `album_id`, `media_id`) VALUES ('211', '11', '211');
INSERT INTO `photos` (`id`, `album_id`, `media_id`) VALUES ('212', '12', '212');
INSERT INTO `photos` (`id`, `album_id`, `media_id`) VALUES ('213', '13', '213');
INSERT INTO `photos` (`id`, `album_id`, `media_id`) VALUES ('214', '14', '214');
INSERT INTO `photos` (`id`, `album_id`, `media_id`) VALUES ('215', '15', '215');
INSERT INTO `photos` (`id`, `album_id`, `media_id`) VALUES ('216', '16', '216');
INSERT INTO `photos` (`id`, `album_id`, `media_id`) VALUES ('217', '17', '217');
INSERT INTO `photos` (`id`, `album_id`, `media_id`) VALUES ('218', '18', '218');
INSERT INTO `photos` (`id`, `album_id`, `media_id`) VALUES ('219', '19', '219');
INSERT INTO `photos` (`id`, `album_id`, `media_id`) VALUES ('220', '20', '220');
INSERT INTO `photos` (`id`, `album_id`, `media_id`) VALUES ('221', '21', '221');
INSERT INTO `photos` (`id`, `album_id`, `media_id`) VALUES ('222', '22', '222');
INSERT INTO `photos` (`id`, `album_id`, `media_id`) VALUES ('223', '23', '223');
INSERT INTO `photos` (`id`, `album_id`, `media_id`) VALUES ('224', '24', '224');
INSERT INTO `photos` (`id`, `album_id`, `media_id`) VALUES ('225', '25', '225');
INSERT INTO `photos` (`id`, `album_id`, `media_id`) VALUES ('226', '26', '226');
INSERT INTO `photos` (`id`, `album_id`, `media_id`) VALUES ('227', '27', '227');
INSERT INTO `photos` (`id`, `album_id`, `media_id`) VALUES ('228', '28', '228');
INSERT INTO `photos` (`id`, `album_id`, `media_id`) VALUES ('229', '29', '229');
INSERT INTO `photos` (`id`, `album_id`, `media_id`) VALUES ('230', '30', '230');
INSERT INTO `photos` (`id`, `album_id`, `media_id`) VALUES ('231', '31', '231');
INSERT INTO `photos` (`id`, `album_id`, `media_id`) VALUES ('232', '32', '232');
INSERT INTO `photos` (`id`, `album_id`, `media_id`) VALUES ('233', '33', '233');
INSERT INTO `photos` (`id`, `album_id`, `media_id`) VALUES ('234', '34', '234');
INSERT INTO `photos` (`id`, `album_id`, `media_id`) VALUES ('235', '35', '235');
INSERT INTO `photos` (`id`, `album_id`, `media_id`) VALUES ('236', '36', '236');
INSERT INTO `photos` (`id`, `album_id`, `media_id`) VALUES ('237', '37', '237');
INSERT INTO `photos` (`id`, `album_id`, `media_id`) VALUES ('238', '38', '238');
INSERT INTO `photos` (`id`, `album_id`, `media_id`) VALUES ('239', '39', '239');
INSERT INTO `photos` (`id`, `album_id`, `media_id`) VALUES ('240', '40', '240');
INSERT INTO `photos` (`id`, `album_id`, `media_id`) VALUES ('241', '41', '241');
INSERT INTO `photos` (`id`, `album_id`, `media_id`) VALUES ('242', '42', '242');
INSERT INTO `photos` (`id`, `album_id`, `media_id`) VALUES ('243', '43', '243');
INSERT INTO `photos` (`id`, `album_id`, `media_id`) VALUES ('244', '44', '244');
INSERT INTO `photos` (`id`, `album_id`, `media_id`) VALUES ('245', '45', '245');
INSERT INTO `photos` (`id`, `album_id`, `media_id`) VALUES ('246', '46', '246');
INSERT INTO `photos` (`id`, `album_id`, `media_id`) VALUES ('247', '47', '247');
INSERT INTO `photos` (`id`, `album_id`, `media_id`) VALUES ('248', '48', '248');
INSERT INTO `photos` (`id`, `album_id`, `media_id`) VALUES ('249', '49', '249');
INSERT INTO `photos` (`id`, `album_id`, `media_id`) VALUES ('250', '50', '250');
INSERT INTO `photos` (`id`, `album_id`, `media_id`) VALUES ('251', '1', '1');
INSERT INTO `photos` (`id`, `album_id`, `media_id`) VALUES ('252', '2', '2');
INSERT INTO `photos` (`id`, `album_id`, `media_id`) VALUES ('253', '3', '3');
INSERT INTO `photos` (`id`, `album_id`, `media_id`) VALUES ('254', '4', '4');
INSERT INTO `photos` (`id`, `album_id`, `media_id`) VALUES ('255', '5', '5');
INSERT INTO `photos` (`id`, `album_id`, `media_id`) VALUES ('256', '6', '6');
INSERT INTO `photos` (`id`, `album_id`, `media_id`) VALUES ('257', '7', '7');
INSERT INTO `photos` (`id`, `album_id`, `media_id`) VALUES ('258', '8', '8');
INSERT INTO `photos` (`id`, `album_id`, `media_id`) VALUES ('259', '9', '9');
INSERT INTO `photos` (`id`, `album_id`, `media_id`) VALUES ('260', '10', '10');
INSERT INTO `photos` (`id`, `album_id`, `media_id`) VALUES ('261', '11', '11');
INSERT INTO `photos` (`id`, `album_id`, `media_id`) VALUES ('262', '12', '12');
INSERT INTO `photos` (`id`, `album_id`, `media_id`) VALUES ('263', '13', '13');
INSERT INTO `photos` (`id`, `album_id`, `media_id`) VALUES ('264', '14', '14');
INSERT INTO `photos` (`id`, `album_id`, `media_id`) VALUES ('265', '15', '15');
INSERT INTO `photos` (`id`, `album_id`, `media_id`) VALUES ('266', '16', '16');
INSERT INTO `photos` (`id`, `album_id`, `media_id`) VALUES ('267', '17', '17');
INSERT INTO `photos` (`id`, `album_id`, `media_id`) VALUES ('268', '18', '18');
INSERT INTO `photos` (`id`, `album_id`, `media_id`) VALUES ('269', '19', '19');
INSERT INTO `photos` (`id`, `album_id`, `media_id`) VALUES ('270', '20', '20');
INSERT INTO `photos` (`id`, `album_id`, `media_id`) VALUES ('271', '21', '21');
INSERT INTO `photos` (`id`, `album_id`, `media_id`) VALUES ('272', '22', '22');
INSERT INTO `photos` (`id`, `album_id`, `media_id`) VALUES ('273', '23', '23');
INSERT INTO `photos` (`id`, `album_id`, `media_id`) VALUES ('274', '24', '24');
INSERT INTO `photos` (`id`, `album_id`, `media_id`) VALUES ('275', '25', '25');
INSERT INTO `photos` (`id`, `album_id`, `media_id`) VALUES ('276', '26', '26');
INSERT INTO `photos` (`id`, `album_id`, `media_id`) VALUES ('277', '27', '27');
INSERT INTO `photos` (`id`, `album_id`, `media_id`) VALUES ('278', '28', '28');
INSERT INTO `photos` (`id`, `album_id`, `media_id`) VALUES ('279', '29', '29');
INSERT INTO `photos` (`id`, `album_id`, `media_id`) VALUES ('280', '30', '30');
INSERT INTO `photos` (`id`, `album_id`, `media_id`) VALUES ('281', '31', '31');
INSERT INTO `photos` (`id`, `album_id`, `media_id`) VALUES ('282', '32', '32');
INSERT INTO `photos` (`id`, `album_id`, `media_id`) VALUES ('283', '33', '33');
INSERT INTO `photos` (`id`, `album_id`, `media_id`) VALUES ('284', '34', '34');
INSERT INTO `photos` (`id`, `album_id`, `media_id`) VALUES ('285', '35', '35');
INSERT INTO `photos` (`id`, `album_id`, `media_id`) VALUES ('286', '36', '36');
INSERT INTO `photos` (`id`, `album_id`, `media_id`) VALUES ('287', '37', '37');
INSERT INTO `photos` (`id`, `album_id`, `media_id`) VALUES ('288', '38', '38');
INSERT INTO `photos` (`id`, `album_id`, `media_id`) VALUES ('289', '39', '39');
INSERT INTO `photos` (`id`, `album_id`, `media_id`) VALUES ('290', '40', '40');
INSERT INTO `photos` (`id`, `album_id`, `media_id`) VALUES ('291', '41', '41');
INSERT INTO `photos` (`id`, `album_id`, `media_id`) VALUES ('292', '42', '42');
INSERT INTO `photos` (`id`, `album_id`, `media_id`) VALUES ('293', '43', '43');
INSERT INTO `photos` (`id`, `album_id`, `media_id`) VALUES ('294', '44', '44');
INSERT INTO `photos` (`id`, `album_id`, `media_id`) VALUES ('295', '45', '45');
INSERT INTO `photos` (`id`, `album_id`, `media_id`) VALUES ('296', '46', '46');
INSERT INTO `photos` (`id`, `album_id`, `media_id`) VALUES ('297', '47', '47');
INSERT INTO `photos` (`id`, `album_id`, `media_id`) VALUES ('298', '48', '48');
INSERT INTO `photos` (`id`, `album_id`, `media_id`) VALUES ('299', '49', '49');
INSERT INTO `photos` (`id`, `album_id`, `media_id`) VALUES ('300', '50', '50');


#
# TABLE STRUCTURE FOR: profiles
#

DROP TABLE IF EXISTS `profiles`;

CREATE TABLE `profiles` (
  `user_id` bigint(20) unsigned NOT NULL,
  `gender` char(1) COLLATE utf8mb4_unicode_ci DEFAULT NULL,
  `birthday` date DEFAULT NULL,
  `photo_id` bigint(20) unsigned DEFAULT NULL,
  `created_at` datetime DEFAULT current_timestamp(),
  `hometown` varchar(100) COLLATE utf8mb4_unicode_ci DEFAULT NULL,
  UNIQUE KEY `user_id` (`user_id`),
  CONSTRAINT `fk_user_id` FOREIGN KEY (`user_id`) REFERENCES `users` (`id`) ON DELETE NO ACTION ON UPDATE CASCADE
) ENGINE=InnoDB DEFAULT CHARSET=utf8mb4 COLLATE=utf8mb4_unicode_ci;

INSERT INTO `profiles` (`user_id`, `gender`, `birthday`, `photo_id`, `created_at`, `hometown`) VALUES ('1', 'f', '1983-11-03', '1', '1987-10-03 19:16:58', NULL);
INSERT INTO `profiles` (`user_id`, `gender`, `birthday`, `photo_id`, `created_at`, `hometown`) VALUES ('2', 'f', '1970-05-21', '2', '2005-09-10 02:52:55', NULL);
INSERT INTO `profiles` (`user_id`, `gender`, `birthday`, `photo_id`, `created_at`, `hometown`) VALUES ('3', 'f', '1991-08-16', '3', '2004-04-08 06:34:34', NULL);
INSERT INTO `profiles` (`user_id`, `gender`, `birthday`, `photo_id`, `created_at`, `hometown`) VALUES ('4', 'm', '1980-09-27', '4', '2020-11-22 12:44:45', NULL);
INSERT INTO `profiles` (`user_id`, `gender`, `birthday`, `photo_id`, `created_at`, `hometown`) VALUES ('5', 'f', '1977-08-24', '5', '1975-03-06 07:35:00', NULL);
INSERT INTO `profiles` (`user_id`, `gender`, `birthday`, `photo_id`, `created_at`, `hometown`) VALUES ('6', 'm', '2005-01-15', '6', '1994-09-24 02:28:25', NULL);
INSERT INTO `profiles` (`user_id`, `gender`, `birthday`, `photo_id`, `created_at`, `hometown`) VALUES ('7', 'm', '1974-02-19', '7', '1980-02-04 17:54:56', NULL);
INSERT INTO `profiles` (`user_id`, `gender`, `birthday`, `photo_id`, `created_at`, `hometown`) VALUES ('8', 'f', '1996-05-28', '8', '1972-02-11 22:11:09', NULL);
INSERT INTO `profiles` (`user_id`, `gender`, `birthday`, `photo_id`, `created_at`, `hometown`) VALUES ('9', 'm', '1982-11-07', '9', '1994-04-01 07:54:21', NULL);
INSERT INTO `profiles` (`user_id`, `gender`, `birthday`, `photo_id`, `created_at`, `hometown`) VALUES ('10', 'm', '1993-03-04', '10', '1983-07-21 20:01:46', NULL);
INSERT INTO `profiles` (`user_id`, `gender`, `birthday`, `photo_id`, `created_at`, `hometown`) VALUES ('11', 'f', '1977-09-27', '11', '2019-06-22 07:43:10', NULL);
INSERT INTO `profiles` (`user_id`, `gender`, `birthday`, `photo_id`, `created_at`, `hometown`) VALUES ('12', 'm', '1992-09-14', '12', '2020-04-25 04:06:15', NULL);
INSERT INTO `profiles` (`user_id`, `gender`, `birthday`, `photo_id`, `created_at`, `hometown`) VALUES ('13', 'f', '1997-04-18', '13', '1996-08-08 15:10:58', NULL);
INSERT INTO `profiles` (`user_id`, `gender`, `birthday`, `photo_id`, `created_at`, `hometown`) VALUES ('14', 'f', '1989-05-02', '14', '1997-12-20 03:37:49', NULL);
INSERT INTO `profiles` (`user_id`, `gender`, `birthday`, `photo_id`, `created_at`, `hometown`) VALUES ('15', 'm', '1997-10-29', '15', '2008-10-22 17:31:24', NULL);
INSERT INTO `profiles` (`user_id`, `gender`, `birthday`, `photo_id`, `created_at`, `hometown`) VALUES ('16', 'f', '1996-11-12', '16', '2015-12-26 12:25:23', NULL);
INSERT INTO `profiles` (`user_id`, `gender`, `birthday`, `photo_id`, `created_at`, `hometown`) VALUES ('17', 'm', '1973-12-14', '17', '1980-03-28 18:29:28', NULL);
INSERT INTO `profiles` (`user_id`, `gender`, `birthday`, `photo_id`, `created_at`, `hometown`) VALUES ('18', 'f', '2004-03-18', '18', '2011-06-05 05:41:43', NULL);
INSERT INTO `profiles` (`user_id`, `gender`, `birthday`, `photo_id`, `created_at`, `hometown`) VALUES ('19', 'f', '2013-05-31', '19', '1975-05-06 08:50:13', NULL);
INSERT INTO `profiles` (`user_id`, `gender`, `birthday`, `photo_id`, `created_at`, `hometown`) VALUES ('20', 'm', '1973-09-16', '20', '2007-06-14 10:16:40', NULL);
INSERT INTO `profiles` (`user_id`, `gender`, `birthday`, `photo_id`, `created_at`, `hometown`) VALUES ('21', 'f', '1981-09-29', '21', '1980-02-22 04:31:55', NULL);
INSERT INTO `profiles` (`user_id`, `gender`, `birthday`, `photo_id`, `created_at`, `hometown`) VALUES ('22', 'm', '2012-09-17', '22', '1972-10-09 10:39:08', NULL);
INSERT INTO `profiles` (`user_id`, `gender`, `birthday`, `photo_id`, `created_at`, `hometown`) VALUES ('23', 'f', '1984-04-11', '23', '1999-08-19 05:50:24', NULL);
INSERT INTO `profiles` (`user_id`, `gender`, `birthday`, `photo_id`, `created_at`, `hometown`) VALUES ('24', 'f', '1982-01-26', '24', '1979-02-01 12:05:30', NULL);
INSERT INTO `profiles` (`user_id`, `gender`, `birthday`, `photo_id`, `created_at`, `hometown`) VALUES ('25', 'f', '1971-08-30', '25', '1992-02-04 06:55:22', NULL);
INSERT INTO `profiles` (`user_id`, `gender`, `birthday`, `photo_id`, `created_at`, `hometown`) VALUES ('26', 'f', '2009-03-14', '26', '1995-11-27 20:54:55', NULL);
INSERT INTO `profiles` (`user_id`, `gender`, `birthday`, `photo_id`, `created_at`, `hometown`) VALUES ('27', 'm', '2013-06-15', '27', '1977-12-16 17:27:07', NULL);
INSERT INTO `profiles` (`user_id`, `gender`, `birthday`, `photo_id`, `created_at`, `hometown`) VALUES ('28', 'f', '1997-09-12', '28', '2013-03-06 03:04:09', NULL);
INSERT INTO `profiles` (`user_id`, `gender`, `birthday`, `photo_id`, `created_at`, `hometown`) VALUES ('29', 'f', '2020-03-15', '29', '1987-01-01 23:30:52', NULL);
INSERT INTO `profiles` (`user_id`, `gender`, `birthday`, `photo_id`, `created_at`, `hometown`) VALUES ('30', 'm', '1972-04-12', '30', '1971-09-28 18:55:26', NULL);
INSERT INTO `profiles` (`user_id`, `gender`, `birthday`, `photo_id`, `created_at`, `hometown`) VALUES ('31', 'f', '2019-06-07', '31', '1976-04-06 11:43:17', NULL);
INSERT INTO `profiles` (`user_id`, `gender`, `birthday`, `photo_id`, `created_at`, `hometown`) VALUES ('32', 'm', '1971-09-18', '32', '2001-02-02 10:55:47', NULL);
INSERT INTO `profiles` (`user_id`, `gender`, `birthday`, `photo_id`, `created_at`, `hometown`) VALUES ('33', 'f', '1970-03-31', '33', '1994-01-09 11:29:25', NULL);
INSERT INTO `profiles` (`user_id`, `gender`, `birthday`, `photo_id`, `created_at`, `hometown`) VALUES ('34', 'm', '2006-06-16', '34', '2008-12-02 22:40:39', NULL);
INSERT INTO `profiles` (`user_id`, `gender`, `birthday`, `photo_id`, `created_at`, `hometown`) VALUES ('35', 'm', '2012-05-19', '35', '1992-04-18 20:23:55', NULL);
INSERT INTO `profiles` (`user_id`, `gender`, `birthday`, `photo_id`, `created_at`, `hometown`) VALUES ('36', 'm', '2011-12-24', '36', '1983-09-05 18:05:16', NULL);
INSERT INTO `profiles` (`user_id`, `gender`, `birthday`, `photo_id`, `created_at`, `hometown`) VALUES ('37', 'm', '2009-11-06', '37', '2014-10-02 00:27:55', NULL);
INSERT INTO `profiles` (`user_id`, `gender`, `birthday`, `photo_id`, `created_at`, `hometown`) VALUES ('38', 'm', '2011-07-23', '38', '2017-08-30 01:44:26', NULL);
INSERT INTO `profiles` (`user_id`, `gender`, `birthday`, `photo_id`, `created_at`, `hometown`) VALUES ('39', 'm', '1988-02-24', '39', '1976-12-01 22:45:08', NULL);
INSERT INTO `profiles` (`user_id`, `gender`, `birthday`, `photo_id`, `created_at`, `hometown`) VALUES ('40', 'm', '1983-03-26', '40', '2010-12-18 04:50:09', NULL);
INSERT INTO `profiles` (`user_id`, `gender`, `birthday`, `photo_id`, `created_at`, `hometown`) VALUES ('41', 'f', '2000-07-23', '41', '2019-09-05 02:31:28', NULL);
INSERT INTO `profiles` (`user_id`, `gender`, `birthday`, `photo_id`, `created_at`, `hometown`) VALUES ('42', 'f', '1975-09-24', '42', '1998-12-12 06:51:17', NULL);
INSERT INTO `profiles` (`user_id`, `gender`, `birthday`, `photo_id`, `created_at`, `hometown`) VALUES ('43', 'f', '2005-11-08', '43', '1983-05-12 23:04:06', NULL);
INSERT INTO `profiles` (`user_id`, `gender`, `birthday`, `photo_id`, `created_at`, `hometown`) VALUES ('44', 'f', '1979-04-11', '44', '2001-04-03 03:20:35', NULL);
INSERT INTO `profiles` (`user_id`, `gender`, `birthday`, `photo_id`, `created_at`, `hometown`) VALUES ('45', 'f', '2005-10-28', '45', '2004-06-20 17:13:59', NULL);
INSERT INTO `profiles` (`user_id`, `gender`, `birthday`, `photo_id`, `created_at`, `hometown`) VALUES ('46', 'f', '2010-04-28', '46', '2010-11-21 03:29:03', NULL);
INSERT INTO `profiles` (`user_id`, `gender`, `birthday`, `photo_id`, `created_at`, `hometown`) VALUES ('47', 'f', '2004-12-15', '47', '1986-01-27 03:04:11', NULL);
INSERT INTO `profiles` (`user_id`, `gender`, `birthday`, `photo_id`, `created_at`, `hometown`) VALUES ('48', 'f', '1994-06-19', '48', '2003-08-30 22:14:11', NULL);
INSERT INTO `profiles` (`user_id`, `gender`, `birthday`, `photo_id`, `created_at`, `hometown`) VALUES ('49', 'f', '1998-11-24', '49', '1985-10-21 12:13:08', NULL);
INSERT INTO `profiles` (`user_id`, `gender`, `birthday`, `photo_id`, `created_at`, `hometown`) VALUES ('50', 'f', '1971-10-12', '50', '2003-03-14 16:04:19', NULL);
INSERT INTO `profiles` (`user_id`, `gender`, `birthday`, `photo_id`, `created_at`, `hometown`) VALUES ('51', 'f', '1996-02-08', '51', '1973-12-13 03:36:35', NULL);
INSERT INTO `profiles` (`user_id`, `gender`, `birthday`, `photo_id`, `created_at`, `hometown`) VALUES ('52', 'm', '1999-01-08', '52', '2006-03-27 16:55:48', NULL);
INSERT INTO `profiles` (`user_id`, `gender`, `birthday`, `photo_id`, `created_at`, `hometown`) VALUES ('53', 'm', '1995-10-17', '53', '1984-09-25 04:18:25', NULL);
INSERT INTO `profiles` (`user_id`, `gender`, `birthday`, `photo_id`, `created_at`, `hometown`) VALUES ('54', 'm', '1988-10-31', '54', '1990-12-19 12:54:04', NULL);
INSERT INTO `profiles` (`user_id`, `gender`, `birthday`, `photo_id`, `created_at`, `hometown`) VALUES ('55', 'f', '2014-11-26', '55', '1972-11-08 17:29:24', NULL);
INSERT INTO `profiles` (`user_id`, `gender`, `birthday`, `photo_id`, `created_at`, `hometown`) VALUES ('56', 'f', '1985-09-10', '56', '2011-04-08 00:16:17', NULL);
INSERT INTO `profiles` (`user_id`, `gender`, `birthday`, `photo_id`, `created_at`, `hometown`) VALUES ('57', 'f', '2013-12-09', '57', '1993-03-19 05:44:28', NULL);
INSERT INTO `profiles` (`user_id`, `gender`, `birthday`, `photo_id`, `created_at`, `hometown`) VALUES ('58', 'm', '2021-01-31', '58', '2008-06-06 09:43:14', NULL);
INSERT INTO `profiles` (`user_id`, `gender`, `birthday`, `photo_id`, `created_at`, `hometown`) VALUES ('59', 'f', '1995-01-24', '59', '2005-08-15 17:50:02', NULL);
INSERT INTO `profiles` (`user_id`, `gender`, `birthday`, `photo_id`, `created_at`, `hometown`) VALUES ('60', 'f', '2017-04-05', '60', '1984-06-09 18:18:24', NULL);
INSERT INTO `profiles` (`user_id`, `gender`, `birthday`, `photo_id`, `created_at`, `hometown`) VALUES ('61', 'f', '1979-10-10', '61', '1985-10-22 22:26:42', NULL);
INSERT INTO `profiles` (`user_id`, `gender`, `birthday`, `photo_id`, `created_at`, `hometown`) VALUES ('62', 'm', '1972-02-07', '62', '2016-09-05 08:56:11', NULL);
INSERT INTO `profiles` (`user_id`, `gender`, `birthday`, `photo_id`, `created_at`, `hometown`) VALUES ('63', 'f', '2004-06-22', '63', '2012-04-22 05:16:41', NULL);
INSERT INTO `profiles` (`user_id`, `gender`, `birthday`, `photo_id`, `created_at`, `hometown`) VALUES ('64', 'm', '1988-05-31', '64', '1987-09-09 02:38:42', NULL);
INSERT INTO `profiles` (`user_id`, `gender`, `birthday`, `photo_id`, `created_at`, `hometown`) VALUES ('65', 'f', '1973-05-06', '65', '2004-02-03 02:40:57', NULL);
INSERT INTO `profiles` (`user_id`, `gender`, `birthday`, `photo_id`, `created_at`, `hometown`) VALUES ('66', 'm', '2005-12-15', '66', '2020-03-07 07:19:36', NULL);
INSERT INTO `profiles` (`user_id`, `gender`, `birthday`, `photo_id`, `created_at`, `hometown`) VALUES ('67', 'f', '2018-07-22', '67', '1978-01-09 07:39:15', NULL);
INSERT INTO `profiles` (`user_id`, `gender`, `birthday`, `photo_id`, `created_at`, `hometown`) VALUES ('68', 'm', '1971-12-17', '68', '2020-06-27 04:32:35', NULL);
INSERT INTO `profiles` (`user_id`, `gender`, `birthday`, `photo_id`, `created_at`, `hometown`) VALUES ('69', 'm', '1977-05-13', '69', '1974-04-25 11:44:42', NULL);
INSERT INTO `profiles` (`user_id`, `gender`, `birthday`, `photo_id`, `created_at`, `hometown`) VALUES ('70', 'f', '2006-09-10', '70', '1980-01-19 08:07:14', NULL);
INSERT INTO `profiles` (`user_id`, `gender`, `birthday`, `photo_id`, `created_at`, `hometown`) VALUES ('71', 'f', '2001-08-01', '71', '2010-07-20 00:52:29', NULL);
INSERT INTO `profiles` (`user_id`, `gender`, `birthday`, `photo_id`, `created_at`, `hometown`) VALUES ('72', 'm', '1984-03-19', '72', '1999-09-16 00:25:14', NULL);
INSERT INTO `profiles` (`user_id`, `gender`, `birthday`, `photo_id`, `created_at`, `hometown`) VALUES ('73', 'm', '1991-09-02', '73', '1997-06-23 16:54:31', NULL);
INSERT INTO `profiles` (`user_id`, `gender`, `birthday`, `photo_id`, `created_at`, `hometown`) VALUES ('74', 'm', '1992-12-12', '74', '2017-01-15 23:16:09', NULL);
INSERT INTO `profiles` (`user_id`, `gender`, `birthday`, `photo_id`, `created_at`, `hometown`) VALUES ('75', 'f', '2015-10-13', '75', '2004-11-26 08:25:15', NULL);
INSERT INTO `profiles` (`user_id`, `gender`, `birthday`, `photo_id`, `created_at`, `hometown`) VALUES ('76', 'm', '1999-11-13', '76', '1980-09-10 02:10:53', NULL);
INSERT INTO `profiles` (`user_id`, `gender`, `birthday`, `photo_id`, `created_at`, `hometown`) VALUES ('77', 'f', '1982-02-05', '77', '2003-03-14 14:16:29', NULL);
INSERT INTO `profiles` (`user_id`, `gender`, `birthday`, `photo_id`, `created_at`, `hometown`) VALUES ('78', 'm', '1995-10-24', '78', '2012-08-01 08:58:01', NULL);
INSERT INTO `profiles` (`user_id`, `gender`, `birthday`, `photo_id`, `created_at`, `hometown`) VALUES ('79', 'm', '1991-04-23', '79', '2005-04-23 08:20:40', NULL);
INSERT INTO `profiles` (`user_id`, `gender`, `birthday`, `photo_id`, `created_at`, `hometown`) VALUES ('80', 'm', '2012-05-26', '80', '2006-09-01 18:16:24', NULL);
INSERT INTO `profiles` (`user_id`, `gender`, `birthday`, `photo_id`, `created_at`, `hometown`) VALUES ('81', 'm', '2015-06-18', '81', '2016-07-04 13:19:53', NULL);
INSERT INTO `profiles` (`user_id`, `gender`, `birthday`, `photo_id`, `created_at`, `hometown`) VALUES ('82', 'f', '1986-11-22', '82', '1988-12-23 02:40:48', NULL);
INSERT INTO `profiles` (`user_id`, `gender`, `birthday`, `photo_id`, `created_at`, `hometown`) VALUES ('83', 'm', '2007-01-18', '83', '2003-08-17 10:24:55', NULL);
INSERT INTO `profiles` (`user_id`, `gender`, `birthday`, `photo_id`, `created_at`, `hometown`) VALUES ('84', 'm', '2011-05-29', '84', '1999-06-25 20:09:22', NULL);
INSERT INTO `profiles` (`user_id`, `gender`, `birthday`, `photo_id`, `created_at`, `hometown`) VALUES ('85', 'm', '2009-05-15', '85', '1995-07-06 17:27:56', NULL);
INSERT INTO `profiles` (`user_id`, `gender`, `birthday`, `photo_id`, `created_at`, `hometown`) VALUES ('86', 'm', '1995-09-01', '86', '2005-07-29 22:34:17', NULL);
INSERT INTO `profiles` (`user_id`, `gender`, `birthday`, `photo_id`, `created_at`, `hometown`) VALUES ('87', 'm', '1994-09-06', '87', '1994-05-21 06:21:48', NULL);
INSERT INTO `profiles` (`user_id`, `gender`, `birthday`, `photo_id`, `created_at`, `hometown`) VALUES ('88', 'm', '1997-10-01', '88', '1975-05-24 08:24:20', NULL);
INSERT INTO `profiles` (`user_id`, `gender`, `birthday`, `photo_id`, `created_at`, `hometown`) VALUES ('89', 'f', '2003-01-25', '89', '1992-09-07 00:47:11', NULL);
INSERT INTO `profiles` (`user_id`, `gender`, `birthday`, `photo_id`, `created_at`, `hometown`) VALUES ('90', 'm', '2019-07-13', '90', '1972-05-20 09:59:02', NULL);
INSERT INTO `profiles` (`user_id`, `gender`, `birthday`, `photo_id`, `created_at`, `hometown`) VALUES ('91', 'm', '2001-08-18', '91', '1974-09-27 00:25:25', NULL);
INSERT INTO `profiles` (`user_id`, `gender`, `birthday`, `photo_id`, `created_at`, `hometown`) VALUES ('92', 'm', '1987-07-05', '92', '2021-05-16 01:50:14', NULL);
INSERT INTO `profiles` (`user_id`, `gender`, `birthday`, `photo_id`, `created_at`, `hometown`) VALUES ('93', 'f', '2001-08-11', '93', '2009-08-06 16:38:22', NULL);
INSERT INTO `profiles` (`user_id`, `gender`, `birthday`, `photo_id`, `created_at`, `hometown`) VALUES ('94', 'f', '2000-01-26', '94', '1987-02-21 11:51:58', NULL);
INSERT INTO `profiles` (`user_id`, `gender`, `birthday`, `photo_id`, `created_at`, `hometown`) VALUES ('95', 'm', '2003-09-26', '95', '2008-12-22 05:05:11', NULL);
INSERT INTO `profiles` (`user_id`, `gender`, `birthday`, `photo_id`, `created_at`, `hometown`) VALUES ('96', 'f', '1984-05-26', '96', '2007-10-20 15:19:49', NULL);
INSERT INTO `profiles` (`user_id`, `gender`, `birthday`, `photo_id`, `created_at`, `hometown`) VALUES ('97', 'm', '1992-11-06', '97', '1972-02-05 14:32:05', NULL);
INSERT INTO `profiles` (`user_id`, `gender`, `birthday`, `photo_id`, `created_at`, `hometown`) VALUES ('98', 'm', '1985-02-09', '98', '1981-12-14 07:29:13', NULL);
INSERT INTO `profiles` (`user_id`, `gender`, `birthday`, `photo_id`, `created_at`, `hometown`) VALUES ('99', 'f', '1990-02-13', '99', '1986-10-08 00:46:12', NULL);
INSERT INTO `profiles` (`user_id`, `gender`, `birthday`, `photo_id`, `created_at`, `hometown`) VALUES ('100', 'm', '2010-09-25', '100', '2020-05-30 15:35:46', NULL);
INSERT INTO `profiles` (`user_id`, `gender`, `birthday`, `photo_id`, `created_at`, `hometown`) VALUES ('101', 'f', '1976-04-27', '101', '1981-08-22 07:10:24', NULL);
INSERT INTO `profiles` (`user_id`, `gender`, `birthday`, `photo_id`, `created_at`, `hometown`) VALUES ('102', 'm', '2000-05-30', '102', '1997-11-06 03:22:58', NULL);
INSERT INTO `profiles` (`user_id`, `gender`, `birthday`, `photo_id`, `created_at`, `hometown`) VALUES ('103', 'm', '1994-01-24', '103', '1972-02-09 00:37:20', NULL);
INSERT INTO `profiles` (`user_id`, `gender`, `birthday`, `photo_id`, `created_at`, `hometown`) VALUES ('104', 'm', '1985-03-22', '104', '1974-08-25 22:34:27', NULL);
INSERT INTO `profiles` (`user_id`, `gender`, `birthday`, `photo_id`, `created_at`, `hometown`) VALUES ('105', 'f', '1973-09-01', '105', '1974-10-10 06:17:33', NULL);
INSERT INTO `profiles` (`user_id`, `gender`, `birthday`, `photo_id`, `created_at`, `hometown`) VALUES ('106', 'f', '1979-08-14', '106', '2001-11-14 23:11:23', NULL);
INSERT INTO `profiles` (`user_id`, `gender`, `birthday`, `photo_id`, `created_at`, `hometown`) VALUES ('107', 'f', '1984-12-09', '107', '2008-03-31 10:15:55', NULL);
INSERT INTO `profiles` (`user_id`, `gender`, `birthday`, `photo_id`, `created_at`, `hometown`) VALUES ('108', 'm', '2016-03-29', '108', '2015-06-26 13:04:41', NULL);
INSERT INTO `profiles` (`user_id`, `gender`, `birthday`, `photo_id`, `created_at`, `hometown`) VALUES ('109', 'f', '1996-03-14', '109', '2007-04-30 14:21:33', NULL);
INSERT INTO `profiles` (`user_id`, `gender`, `birthday`, `photo_id`, `created_at`, `hometown`) VALUES ('110', 'f', '1984-12-01', '110', '1994-08-04 11:21:48', NULL);
INSERT INTO `profiles` (`user_id`, `gender`, `birthday`, `photo_id`, `created_at`, `hometown`) VALUES ('111', 'f', '1999-07-03', '111', '1974-01-25 21:23:33', NULL);
INSERT INTO `profiles` (`user_id`, `gender`, `birthday`, `photo_id`, `created_at`, `hometown`) VALUES ('112', 'm', '2002-05-24', '112', '2000-09-16 15:12:31', NULL);
INSERT INTO `profiles` (`user_id`, `gender`, `birthday`, `photo_id`, `created_at`, `hometown`) VALUES ('113', 'f', '1970-06-28', '113', '2013-03-10 05:35:06', NULL);
INSERT INTO `profiles` (`user_id`, `gender`, `birthday`, `photo_id`, `created_at`, `hometown`) VALUES ('114', 'm', '1972-06-08', '114', '1982-08-14 16:23:02', NULL);
INSERT INTO `profiles` (`user_id`, `gender`, `birthday`, `photo_id`, `created_at`, `hometown`) VALUES ('115', 'm', '2009-08-25', '115', '2012-12-09 00:29:16', NULL);
INSERT INTO `profiles` (`user_id`, `gender`, `birthday`, `photo_id`, `created_at`, `hometown`) VALUES ('116', 'm', '2019-04-29', '116', '1979-05-01 23:15:55', NULL);
INSERT INTO `profiles` (`user_id`, `gender`, `birthday`, `photo_id`, `created_at`, `hometown`) VALUES ('117', 'f', '1975-08-15', '117', '2014-08-19 01:46:06', NULL);
INSERT INTO `profiles` (`user_id`, `gender`, `birthday`, `photo_id`, `created_at`, `hometown`) VALUES ('118', 'f', '1981-08-10', '118', '1986-01-14 17:48:55', NULL);
INSERT INTO `profiles` (`user_id`, `gender`, `birthday`, `photo_id`, `created_at`, `hometown`) VALUES ('119', 'm', '2013-03-11', '119', '1984-09-13 14:06:16', NULL);
INSERT INTO `profiles` (`user_id`, `gender`, `birthday`, `photo_id`, `created_at`, `hometown`) VALUES ('120', 'm', '2010-01-14', '120', '2015-09-16 16:26:11', NULL);
INSERT INTO `profiles` (`user_id`, `gender`, `birthday`, `photo_id`, `created_at`, `hometown`) VALUES ('121', 'f', '1973-02-18', '121', '1986-12-20 23:30:29', NULL);
INSERT INTO `profiles` (`user_id`, `gender`, `birthday`, `photo_id`, `created_at`, `hometown`) VALUES ('122', 'm', '2008-07-01', '122', '1974-08-16 08:07:03', NULL);
INSERT INTO `profiles` (`user_id`, `gender`, `birthday`, `photo_id`, `created_at`, `hometown`) VALUES ('123', 'f', '1991-05-31', '123', '1983-11-27 23:39:25', NULL);
INSERT INTO `profiles` (`user_id`, `gender`, `birthday`, `photo_id`, `created_at`, `hometown`) VALUES ('124', 'm', '1996-09-28', '124', '1990-07-01 19:17:26', NULL);
INSERT INTO `profiles` (`user_id`, `gender`, `birthday`, `photo_id`, `created_at`, `hometown`) VALUES ('125', 'm', '2019-08-21', '125', '1978-09-04 22:46:36', NULL);
INSERT INTO `profiles` (`user_id`, `gender`, `birthday`, `photo_id`, `created_at`, `hometown`) VALUES ('126', 'm', '2006-09-10', '126', '1989-11-23 23:18:20', NULL);
INSERT INTO `profiles` (`user_id`, `gender`, `birthday`, `photo_id`, `created_at`, `hometown`) VALUES ('127', 'm', '1980-10-10', '127', '1994-01-05 05:01:35', NULL);
INSERT INTO `profiles` (`user_id`, `gender`, `birthday`, `photo_id`, `created_at`, `hometown`) VALUES ('128', 'm', '1992-09-05', '128', '2010-03-09 17:02:01', NULL);
INSERT INTO `profiles` (`user_id`, `gender`, `birthday`, `photo_id`, `created_at`, `hometown`) VALUES ('129', 'm', '2010-04-10', '129', '1977-07-12 03:29:27', NULL);
INSERT INTO `profiles` (`user_id`, `gender`, `birthday`, `photo_id`, `created_at`, `hometown`) VALUES ('130', 'm', '1970-05-06', '130', '1977-07-26 08:00:25', NULL);
INSERT INTO `profiles` (`user_id`, `gender`, `birthday`, `photo_id`, `created_at`, `hometown`) VALUES ('131', 'f', '1997-11-06', '131', '2003-04-29 17:42:28', NULL);
INSERT INTO `profiles` (`user_id`, `gender`, `birthday`, `photo_id`, `created_at`, `hometown`) VALUES ('132', 'f', '1989-11-21', '132', '2010-05-25 03:24:31', NULL);
INSERT INTO `profiles` (`user_id`, `gender`, `birthday`, `photo_id`, `created_at`, `hometown`) VALUES ('133', 'f', '1995-04-30', '133', '1986-12-25 13:37:53', NULL);
INSERT INTO `profiles` (`user_id`, `gender`, `birthday`, `photo_id`, `created_at`, `hometown`) VALUES ('134', 'f', '2013-10-08', '134', '1979-05-04 15:46:12', NULL);
INSERT INTO `profiles` (`user_id`, `gender`, `birthday`, `photo_id`, `created_at`, `hometown`) VALUES ('135', 'f', '1999-10-07', '135', '2007-09-26 09:57:18', NULL);
INSERT INTO `profiles` (`user_id`, `gender`, `birthday`, `photo_id`, `created_at`, `hometown`) VALUES ('136', 'm', '2008-01-20', '136', '1980-02-04 22:15:17', NULL);
INSERT INTO `profiles` (`user_id`, `gender`, `birthday`, `photo_id`, `created_at`, `hometown`) VALUES ('137', 'f', '2018-07-16', '137', '2003-07-18 08:38:41', NULL);
INSERT INTO `profiles` (`user_id`, `gender`, `birthday`, `photo_id`, `created_at`, `hometown`) VALUES ('138', 'f', '1996-01-17', '138', '1998-10-05 05:21:38', NULL);
INSERT INTO `profiles` (`user_id`, `gender`, `birthday`, `photo_id`, `created_at`, `hometown`) VALUES ('139', 'm', '1976-11-10', '139', '1970-06-05 07:02:24', NULL);
INSERT INTO `profiles` (`user_id`, `gender`, `birthday`, `photo_id`, `created_at`, `hometown`) VALUES ('140', 'f', '2021-04-14', '140', '2018-05-21 15:12:50', NULL);
INSERT INTO `profiles` (`user_id`, `gender`, `birthday`, `photo_id`, `created_at`, `hometown`) VALUES ('141', 'm', '1972-12-24', '141', '2012-11-24 04:13:23', NULL);
INSERT INTO `profiles` (`user_id`, `gender`, `birthday`, `photo_id`, `created_at`, `hometown`) VALUES ('142', 'f', '1993-09-02', '142', '1992-11-16 07:34:43', NULL);
INSERT INTO `profiles` (`user_id`, `gender`, `birthday`, `photo_id`, `created_at`, `hometown`) VALUES ('143', 'f', '1986-02-06', '143', '1985-12-13 20:35:20', NULL);
INSERT INTO `profiles` (`user_id`, `gender`, `birthday`, `photo_id`, `created_at`, `hometown`) VALUES ('144', 'm', '2011-12-13', '144', '1992-09-04 02:35:09', NULL);
INSERT INTO `profiles` (`user_id`, `gender`, `birthday`, `photo_id`, `created_at`, `hometown`) VALUES ('145', 'f', '1996-06-11', '145', '2008-02-26 08:57:37', NULL);
INSERT INTO `profiles` (`user_id`, `gender`, `birthday`, `photo_id`, `created_at`, `hometown`) VALUES ('146', 'm', '1998-04-26', '146', '1996-07-27 16:12:13', NULL);
INSERT INTO `profiles` (`user_id`, `gender`, `birthday`, `photo_id`, `created_at`, `hometown`) VALUES ('147', 'f', '1994-10-23', '147', '2006-02-01 08:27:25', NULL);
INSERT INTO `profiles` (`user_id`, `gender`, `birthday`, `photo_id`, `created_at`, `hometown`) VALUES ('148', 'f', '1979-06-25', '148', '2000-10-28 03:02:02', NULL);
INSERT INTO `profiles` (`user_id`, `gender`, `birthday`, `photo_id`, `created_at`, `hometown`) VALUES ('149', 'm', '2007-10-27', '149', '2017-09-05 06:34:23', NULL);
INSERT INTO `profiles` (`user_id`, `gender`, `birthday`, `photo_id`, `created_at`, `hometown`) VALUES ('150', 'm', '2009-05-04', '150', '1976-06-29 21:25:11', NULL);


#
# TABLE STRUCTURE FOR: users
#

DROP TABLE IF EXISTS `users`;

CREATE TABLE `users` (
  `id` bigint(20) unsigned NOT NULL AUTO_INCREMENT,
  `firstname` varchar(50) COLLATE utf8mb4_unicode_ci DEFAULT NULL,
  `lastname` varchar(50) COLLATE utf8mb4_unicode_ci DEFAULT NULL COMMENT 'Фамиль',
  `email` varchar(120) COLLATE utf8mb4_unicode_ci DEFAULT NULL,
  `password_hash` varchar(100) COLLATE utf8mb4_unicode_ci DEFAULT NULL,
  `phone` bigint(20) unsigned DEFAULT NULL,
  PRIMARY KEY (`id`),
  UNIQUE KEY `email` (`email`),
  UNIQUE KEY `phone` (`phone`),
  KEY `users_firstname_lastname_idx` (`firstname`,`lastname`)
) ENGINE=InnoDB AUTO_INCREMENT=151 DEFAULT CHARSET=utf8mb4 COLLATE=utf8mb4_unicode_ci COMMENT='юзеры';

INSERT INTO `users` (`id`, `firstname`, `lastname`, `email`, `password_hash`, `phone`) VALUES ('1', 'Clara', 'Bogisich', 'raymond30@example.net', '7b5cd4d7747097d5c3b69bc413d27d2ad9dbb087', '79106233246');
INSERT INTO `users` (`id`, `firstname`, `lastname`, `email`, `password_hash`, `phone`) VALUES ('2', 'Martina', 'Lehner', 'ansel.rau@example.net', '80560fce279e7064d8c8934633c0ee9e54d32f43', '79374876133');
INSERT INTO `users` (`id`, `firstname`, `lastname`, `email`, `password_hash`, `phone`) VALUES ('3', 'Gladyce', 'Oberbrunner', 'yvonne.braun@example.com', '2cc6e421830ee4de858b90c29cfee3e87f0fc99a', '79984910584');
INSERT INTO `users` (`id`, `firstname`, `lastname`, `email`, `password_hash`, `phone`) VALUES ('4', 'Caesar', 'Waters', 'kuvalis.jonathon@example.org', '927720b489e6281cf7a0e00371d38470b5df2d25', '79531459647');
INSERT INTO `users` (`id`, `firstname`, `lastname`, `email`, `password_hash`, `phone`) VALUES ('5', 'Bonita', 'Beahan', 'homenick.lenore@example.net', '2f08500f49e6319a30c649fba48a878a38e8d606', '79615278429');
INSERT INTO `users` (`id`, `firstname`, `lastname`, `email`, `password_hash`, `phone`) VALUES ('6', 'Colleen', 'Feeney', 'nitzsche.sydni@example.net', 'ec1531d121c231886458b5a84ad0bbe4c53d1058', '79412080890');
INSERT INTO `users` (`id`, `firstname`, `lastname`, `email`, `password_hash`, `phone`) VALUES ('7', 'Albina', 'Homenick', 'marjolaine02@example.org', '89eea1026dbe76c4db8a4c3449efce032206adfb', '79655218789');
INSERT INTO `users` (`id`, `firstname`, `lastname`, `email`, `password_hash`, `phone`) VALUES ('8', 'Veda', 'Stoltenberg', 'emilia.batz@example.com', '66d1a596a66b4e22e1cf3f282ba0e98d765be7da', '79378098192');
INSERT INTO `users` (`id`, `firstname`, `lastname`, `email`, `password_hash`, `phone`) VALUES ('9', 'Bud', 'Wilkinson', 'chelsea59@example.com', '681f2521f6f1d70156aa2eda82e66fa18299753b', '79183983984');
INSERT INTO `users` (`id`, `firstname`, `lastname`, `email`, `password_hash`, `phone`) VALUES ('10', 'Royal', 'Turner', 'malika74@example.com', 'e5164c7eba22742c6db4b48aa4775f50efa4c88d', '79964500427');
INSERT INTO `users` (`id`, `firstname`, `lastname`, `email`, `password_hash`, `phone`) VALUES ('11', 'Ewell', 'Hintz', 'retta.mcclure@example.net', '5d694aef4bf176cef91e074b79b461a57472ed5e', '79745966428');
INSERT INTO `users` (`id`, `firstname`, `lastname`, `email`, `password_hash`, `phone`) VALUES ('12', 'Norma', 'Rodriguez', 'mitchell.anderson@example.com', 'e0ec46abb4657f412408809c49156cdd0354bc0b', '79417351516');
INSERT INTO `users` (`id`, `firstname`, `lastname`, `email`, `password_hash`, `phone`) VALUES ('13', 'Zita', 'Lebsack', 'virginie29@example.org', '74d351b8900c6b19868ba195f3cc6e2be9bf5a99', '79577122007');
INSERT INTO `users` (`id`, `firstname`, `lastname`, `email`, `password_hash`, `phone`) VALUES ('14', 'Myah', 'Bernier', 'raheem17@example.org', '7c4b5ecea54adbab43745f28f161cb73ecf79f88', '79537015435');
INSERT INTO `users` (`id`, `firstname`, `lastname`, `email`, `password_hash`, `phone`) VALUES ('15', 'Keara', 'Luettgen', 'owitting@example.org', 'ebc63103250aaa2047820cb70ebc92f1156e430d', '79233506649');
INSERT INTO `users` (`id`, `firstname`, `lastname`, `email`, `password_hash`, `phone`) VALUES ('16', 'Royal', 'Parisian', 'mireille10@example.org', '3319d675caff992040526701455c3066d5774c7e', '79316004897');
INSERT INTO `users` (`id`, `firstname`, `lastname`, `email`, `password_hash`, `phone`) VALUES ('17', 'Herbert', 'Wiza', 'bethel14@example.org', '9dfdc2e88f0c1bc08d9752c883b35b5145c6f548', '79673699719');
INSERT INTO `users` (`id`, `firstname`, `lastname`, `email`, `password_hash`, `phone`) VALUES ('18', 'Kailyn', 'McGlynn', 'weimann.aniya@example.com', '5ccb35b02a5abdbdf969b093e0be43681f6d6663', '79634745669');
INSERT INTO `users` (`id`, `firstname`, `lastname`, `email`, `password_hash`, `phone`) VALUES ('19', 'Wilton', 'Zulauf', 'uklein@example.org', '6d10ecbb542d82daa2691e2ca95f39e007ee8397', '79585695790');
INSERT INTO `users` (`id`, `firstname`, `lastname`, `email`, `password_hash`, `phone`) VALUES ('20', 'Lilyan', 'DuBuque', 'cormier.dayton@example.org', 'd65b15fca104b7c2118bafa1cf4184d6910a0edd', '79202429262');
INSERT INTO `users` (`id`, `firstname`, `lastname`, `email`, `password_hash`, `phone`) VALUES ('21', 'Shane', 'Tromp', 'torp.curtis@example.org', '392511662d0cef43b2a01e7c43b2ac29274d2031', '79239040276');
INSERT INTO `users` (`id`, `firstname`, `lastname`, `email`, `password_hash`, `phone`) VALUES ('22', 'Yesenia', 'Hoeger', 'hartmann.demario@example.net', '375514ccaf547277f4ffd18f7b5251b586d6dc9d', '79723710155');
INSERT INTO `users` (`id`, `firstname`, `lastname`, `email`, `password_hash`, `phone`) VALUES ('23', 'Arvid', 'Cormier', 'ellen.larson@example.org', '9e5c3cf4ef6f108b8ffa62b1073d87a3fefe4193', '79796407410');
INSERT INTO `users` (`id`, `firstname`, `lastname`, `email`, `password_hash`, `phone`) VALUES ('24', 'Delphia', 'Jaskolski', 'fframi@example.net', '59f4fc01b9606340c8df86d3cd13988d8f025b87', '79551047364');
INSERT INTO `users` (`id`, `firstname`, `lastname`, `email`, `password_hash`, `phone`) VALUES ('25', 'Tania', 'O\'Connell', 'murazik.tania@example.net', 'e47930a85344143e61d114c8e49356d5aa6d683f', '79862347681');
INSERT INTO `users` (`id`, `firstname`, `lastname`, `email`, `password_hash`, `phone`) VALUES ('26', 'Reyna', 'Huels', 'zoie.stoltenberg@example.net', '904ed9ffa6ec9a3cded5c2b152d7031c1a742621', '79236621723');
INSERT INTO `users` (`id`, `firstname`, `lastname`, `email`, `password_hash`, `phone`) VALUES ('27', 'Zita', 'Murphy', 'swaniawski.d\'angelo@example.com', 'ae45a441a624fa66aefb09781536bbf48d5989f4', '79762004971');
INSERT INTO `users` (`id`, `firstname`, `lastname`, `email`, `password_hash`, `phone`) VALUES ('28', 'Hilton', 'Roob', 'droob@example.org', '126daa8ad0c8dc6dc1eb91de82a91550030ceaab', '79513420699');
INSERT INTO `users` (`id`, `firstname`, `lastname`, `email`, `password_hash`, `phone`) VALUES ('29', 'Devin', 'Durgan', 'amir.beer@example.org', '0eb9634f7b114c9dfa2b354074bfe3ae867fb384', '79189002971');
INSERT INTO `users` (`id`, `firstname`, `lastname`, `email`, `password_hash`, `phone`) VALUES ('30', 'Jeanne', 'Kuvalis', 'berenice19@example.org', 'd5ca791b0d3405593ed2696eaa7c8ed62bdefc48', '79853013043');
INSERT INTO `users` (`id`, `firstname`, `lastname`, `email`, `password_hash`, `phone`) VALUES ('31', 'Catharine', 'Williamson', 'abshire.wilhelm@example.net', 'b7df42065789346ee3abc91035e131226c7cb6c6', '79109714120');
INSERT INTO `users` (`id`, `firstname`, `lastname`, `email`, `password_hash`, `phone`) VALUES ('32', 'Christy', 'Kulas', 'krajcik.jazmin@example.net', 'c88d7738718414e149acfaf5709790c95f8508b6', '79002550877');
INSERT INTO `users` (`id`, `firstname`, `lastname`, `email`, `password_hash`, `phone`) VALUES ('33', 'Ignatius', 'VonRueden', 'heaney.lon@example.net', '6eb723c2511ff2fb81f6e6afb5722aa69ebad258', '79527624172');
INSERT INTO `users` (`id`, `firstname`, `lastname`, `email`, `password_hash`, `phone`) VALUES ('34', 'Chauncey', 'Hills', 'bridie88@example.net', '2aec4fcb3b3e904f74c81096dcf5257ca2069c23', '79319612906');
INSERT INTO `users` (`id`, `firstname`, `lastname`, `email`, `password_hash`, `phone`) VALUES ('35', 'Blair', 'Johns', 'garnet.jakubowski@example.org', '8790476e2e103e07473cc66ae76128767684e922', '79143260663');
INSERT INTO `users` (`id`, `firstname`, `lastname`, `email`, `password_hash`, `phone`) VALUES ('36', 'Destin', 'Kling', 'beaulah.batz@example.org', 'fc18247030fe3dd045bb8f7c45eb6f8ea6d9c3d5', '79833091444');
INSERT INTO `users` (`id`, `firstname`, `lastname`, `email`, `password_hash`, `phone`) VALUES ('37', 'Nickolas', 'Schultz', 'hermann.maeve@example.org', '4d4882033625a1e1841b639f28ec08ae5e638f0b', '79907828205');
INSERT INTO `users` (`id`, `firstname`, `lastname`, `email`, `password_hash`, `phone`) VALUES ('38', 'Larissa', 'Braun', 'kendrick16@example.net', 'e6c6c76e1986ed984e5951711ecfa40db4a30925', '79657949897');
INSERT INTO `users` (`id`, `firstname`, `lastname`, `email`, `password_hash`, `phone`) VALUES ('39', 'Brittany', 'Dicki', 'dannie.jenkins@example.org', '7f5a2315409238bc97d2e1284c68e2ce41b68677', '79575690345');
INSERT INTO `users` (`id`, `firstname`, `lastname`, `email`, `password_hash`, `phone`) VALUES ('40', 'Zachery', 'Skiles', 'philip.hoeger@example.org', '5dc8ba5e1c593a5f8a8a7727f4219ebb2279a1d3', '79503859310');
INSERT INTO `users` (`id`, `firstname`, `lastname`, `email`, `password_hash`, `phone`) VALUES ('41', 'Adella', 'Sauer', 'daisha97@example.net', '6946b315a157ddec5333c2916b2f3efb8d3fffe0', '79589294615');
INSERT INTO `users` (`id`, `firstname`, `lastname`, `email`, `password_hash`, `phone`) VALUES ('42', 'Vallie', 'Durgan', 'dicki.coleman@example.org', '48bcef0409f113fdd90dd2c8c8988eb3b28a2d6c', '79351956035');
INSERT INTO `users` (`id`, `firstname`, `lastname`, `email`, `password_hash`, `phone`) VALUES ('43', 'Gregg', 'Hettinger', 'trantow.griffin@example.com', '3a3f9059e981844fb2b69e1dc7c354c3b7ccd91c', '79723648924');
INSERT INTO `users` (`id`, `firstname`, `lastname`, `email`, `password_hash`, `phone`) VALUES ('44', 'Rollin', 'Watsica', 'bergnaum.chris@example.org', '56bbbb6d08755304683253bc25d74d5578caa0a7', '79507374165');
INSERT INTO `users` (`id`, `firstname`, `lastname`, `email`, `password_hash`, `phone`) VALUES ('45', 'Robert', 'Wisoky', 'blaise.runolfsson@example.com', '5cc2e00b3ad3efe98cc10ebb06d57e26ef55fd37', '79527620629');
INSERT INTO `users` (`id`, `firstname`, `lastname`, `email`, `password_hash`, `phone`) VALUES ('46', 'Conor', 'Ondricka', 'oosinski@example.org', '75103095b2ddd5619106724f457492e77d3afe09', '79488073708');
INSERT INTO `users` (`id`, `firstname`, `lastname`, `email`, `password_hash`, `phone`) VALUES ('47', 'Myron', 'Bednar', 'nicholas.gleichner@example.com', 'a3017fdbde32414eea99fbfa171699e28f717252', '79867763307');
INSERT INTO `users` (`id`, `firstname`, `lastname`, `email`, `password_hash`, `phone`) VALUES ('48', 'Lilla', 'Borer', 'darien12@example.org', '339565302fe55896ce49e8bfe50385481a78850c', '79033168860');
INSERT INTO `users` (`id`, `firstname`, `lastname`, `email`, `password_hash`, `phone`) VALUES ('49', 'Delfina', 'Will', 'ebogisich@example.org', 'f3be776660ecba8d0cbd568cd2637fac623747c9', '79221939791');
INSERT INTO `users` (`id`, `firstname`, `lastname`, `email`, `password_hash`, `phone`) VALUES ('50', 'Reba', 'Raynor', 'pouros.miguel@example.com', '7213ca1df1f719582eb206cb741ba0c3ccceea1c', '79246779733');
INSERT INTO `users` (`id`, `firstname`, `lastname`, `email`, `password_hash`, `phone`) VALUES ('51', 'Vernon', 'Wiza', 'nellie28@example.net', '80106f5e94c2cd5c6e07b004325ae52354ae7d72', '79325626536');
INSERT INTO `users` (`id`, `firstname`, `lastname`, `email`, `password_hash`, `phone`) VALUES ('52', 'Myrtie', 'Watsica', 'mccullough.raegan@example.org', '1a41237540e109db98823fd36b95f9bc66eb645b', '79720560173');
INSERT INTO `users` (`id`, `firstname`, `lastname`, `email`, `password_hash`, `phone`) VALUES ('53', 'Winona', 'Tillman', 'alvah.kunze@example.org', '5b994a46c13003d7d9c6db40a3e55b69ba00d62a', '79337859406');
INSERT INTO `users` (`id`, `firstname`, `lastname`, `email`, `password_hash`, `phone`) VALUES ('54', 'Gabriella', 'Sanford', 'rick72@example.com', '5e4f9c1c472527ff9e295d11387ff4e446c1f6fe', '79075645938');
INSERT INTO `users` (`id`, `firstname`, `lastname`, `email`, `password_hash`, `phone`) VALUES ('55', 'Theron', 'Grimes', 'braden10@example.net', '226141718b92d49ad3eb54b52faed6a3cff70c78', '79977496409');
INSERT INTO `users` (`id`, `firstname`, `lastname`, `email`, `password_hash`, `phone`) VALUES ('56', 'Euna', 'Weissnat', 'schinner.jacquelyn@example.com', '8b9385cac75d828189582205613065c82c1f43e8', '79075074661');
INSERT INTO `users` (`id`, `firstname`, `lastname`, `email`, `password_hash`, `phone`) VALUES ('57', 'Eddie', 'Jacobi', 'shields.walker@example.org', '212538c576e2d91ebf51009eab390ee19ace96d2', '79034332670');
INSERT INTO `users` (`id`, `firstname`, `lastname`, `email`, `password_hash`, `phone`) VALUES ('58', 'Shyanne', 'Moen', 'ecollier@example.com', '51b64a1244744021705e5152017435ddba2d278e', '79759899598');
INSERT INTO `users` (`id`, `firstname`, `lastname`, `email`, `password_hash`, `phone`) VALUES ('59', 'Alvah', 'Schmidt', 'margarita95@example.org', '61b0210da895e752047c2340b0058f62e012f13a', '79215701223');
INSERT INTO `users` (`id`, `firstname`, `lastname`, `email`, `password_hash`, `phone`) VALUES ('60', 'Allene', 'Shanahan', 'bartoletti.alena@example.org', '509047391f3ef08a591f1c0edcd56311350e3b6d', '79029091842');
INSERT INTO `users` (`id`, `firstname`, `lastname`, `email`, `password_hash`, `phone`) VALUES ('61', 'Fausto', 'Runte', 'qdouglas@example.org', '79adb19eaec137b52d7905d53c4d07ed301c9e27', '79572832818');
INSERT INTO `users` (`id`, `firstname`, `lastname`, `email`, `password_hash`, `phone`) VALUES ('62', 'Joel', 'Kling', 'lia.tromp@example.net', '8bffd068ddd0e652a9e04c81d2f92c2217de3eeb', '79353117742');
INSERT INTO `users` (`id`, `firstname`, `lastname`, `email`, `password_hash`, `phone`) VALUES ('63', 'Dwight', 'Gleason', 'dayton.jenkins@example.org', 'ae673cded37fb906eb2d6f13158dd043bb868bd0', '79828112814');
INSERT INTO `users` (`id`, `firstname`, `lastname`, `email`, `password_hash`, `phone`) VALUES ('64', 'Dante', 'Koss', 'addison.rau@example.net', 'b8ffffef337961ebb554f2f4672caadd128b05fa', '79424881389');
INSERT INTO `users` (`id`, `firstname`, `lastname`, `email`, `password_hash`, `phone`) VALUES ('65', 'Milan', 'Rosenbaum', 'tiana48@example.org', '7bb713d05df651a65dacdb4299fd332cbd134d1f', '79115619375');
INSERT INTO `users` (`id`, `firstname`, `lastname`, `email`, `password_hash`, `phone`) VALUES ('66', 'Dora', 'Nader', 'frath@example.org', '80432b03162680357cb3e0ab8b035be3a9aaefa3', '79118978585');
INSERT INTO `users` (`id`, `firstname`, `lastname`, `email`, `password_hash`, `phone`) VALUES ('67', 'Bo', 'Green', 'nyasia.larkin@example.org', 'c9805d84ab9855eb3f6bae1ebf1c691a7aa1f4bb', '79554362729');
INSERT INTO `users` (`id`, `firstname`, `lastname`, `email`, `password_hash`, `phone`) VALUES ('68', 'Alf', 'Legros', 'eherman@example.com', 'e2567224173faf125116aa6c0f18d8abb7b5426d', '79121927552');
INSERT INTO `users` (`id`, `firstname`, `lastname`, `email`, `password_hash`, `phone`) VALUES ('69', 'Jazlyn', 'Dibbert', 'goldner.althea@example.org', '15fdb20108113fd6c04ab4c5a9d3b3bbbed553c2', '79561064966');
INSERT INTO `users` (`id`, `firstname`, `lastname`, `email`, `password_hash`, `phone`) VALUES ('70', 'Rocky', 'Hahn', 'dhauck@example.net', '85503534cfa7b0c8d42e1e6dcaa5c0751a32c26e', '79961055232');
INSERT INTO `users` (`id`, `firstname`, `lastname`, `email`, `password_hash`, `phone`) VALUES ('71', 'Celia', 'Lowe', 'aufderhar.earnestine@example.com', 'f7ac0167a3edcc7994257119c18dff75ae163835', '79465982966');
INSERT INTO `users` (`id`, `firstname`, `lastname`, `email`, `password_hash`, `phone`) VALUES ('72', 'Una', 'Kassulke', 'ukirlin@example.net', '0cc6b83e9acad8689c401d8275f902f9b32875d5', '79171135508');
INSERT INTO `users` (`id`, `firstname`, `lastname`, `email`, `password_hash`, `phone`) VALUES ('73', 'Elena', 'Stracke', 'annie.prosacco@example.com', 'dd318f960366c1d8534aac52920089c3442381de', '79237867491');
INSERT INTO `users` (`id`, `firstname`, `lastname`, `email`, `password_hash`, `phone`) VALUES ('74', 'Danny', 'Klocko', 'vkohler@example.org', '25bd98f64097198afe4778429ff790db418babce', '79820196527');
INSERT INTO `users` (`id`, `firstname`, `lastname`, `email`, `password_hash`, `phone`) VALUES ('75', 'Sabina', 'Upton', 'guido.huels@example.net', '3f52989fc1a2c447673eee398ee56b76c5d5c305', '79708086405');
INSERT INTO `users` (`id`, `firstname`, `lastname`, `email`, `password_hash`, `phone`) VALUES ('76', 'Chet', 'Gislason', 'brown.yazmin@example.net', 'cb2a815557bfabe26dfb2f04902ad21ca8602ac9', '79154146630');
INSERT INTO `users` (`id`, `firstname`, `lastname`, `email`, `password_hash`, `phone`) VALUES ('77', 'Brando', 'Oberbrunner', 'alanna25@example.com', 'ea771c49c441a997e4be958519a5457c0d749248', '79073800444');
INSERT INTO `users` (`id`, `firstname`, `lastname`, `email`, `password_hash`, `phone`) VALUES ('78', 'Jovanny', 'Rippin', 'tianna50@example.org', '7951ed0517f3b6df023fee976e27c94d2269a1f5', '79190168098');
INSERT INTO `users` (`id`, `firstname`, `lastname`, `email`, `password_hash`, `phone`) VALUES ('79', 'Brandy', 'Hane', 'rbernier@example.net', '780bdffe9f197adfe7c5a14889cb6c4e374dada9', '79162129129');
INSERT INTO `users` (`id`, `firstname`, `lastname`, `email`, `password_hash`, `phone`) VALUES ('80', 'Bud', 'Paucek', 'easton.rohan@example.com', 'df12a0d92e3ef2c69c23950b26b836298cd8fbe0', '79115346000');
INSERT INTO `users` (`id`, `firstname`, `lastname`, `email`, `password_hash`, `phone`) VALUES ('81', 'Johnny', 'Rohan', 'hackett.tiana@example.org', 'fae77eb9ce313942f8a00db1c0da4c75f836ecb9', '79208064578');
INSERT INTO `users` (`id`, `firstname`, `lastname`, `email`, `password_hash`, `phone`) VALUES ('82', 'Brendan', 'Hickle', 'lottie.prosacco@example.org', '4c439ea00c331ccfb4eb278519fddfd56066c52e', '79368956794');
INSERT INTO `users` (`id`, `firstname`, `lastname`, `email`, `password_hash`, `phone`) VALUES ('83', 'Juwan', 'Bosco', 'cgottlieb@example.org', '872153ea74cc5d1a6846639c06dcc47ed81be27b', '79494948897');
INSERT INTO `users` (`id`, `firstname`, `lastname`, `email`, `password_hash`, `phone`) VALUES ('84', 'Brooklyn', 'Bergnaum', 'metz.camren@example.com', 'e446f937f29760ea05e994514b0d9a3a55ed20f6', '79696994663');
INSERT INTO `users` (`id`, `firstname`, `lastname`, `email`, `password_hash`, `phone`) VALUES ('85', 'Maci', 'Dibbert', 'fleta10@example.com', 'beb9dbb806198946cf09cc944a2aedbd3f5f0f60', '79655433802');
INSERT INTO `users` (`id`, `firstname`, `lastname`, `email`, `password_hash`, `phone`) VALUES ('86', 'Chet', 'Daniel', 'stanford.o\'conner@example.org', '5cdec3f8af915c1b5541f616795cdec2f224ed4f', '79132912133');
INSERT INTO `users` (`id`, `firstname`, `lastname`, `email`, `password_hash`, `phone`) VALUES ('87', 'Beverly', 'Oberbrunner', 'donnell.rohan@example.org', '26cde8684849ab60a5b812565111cd7d10d79b36', '79463698258');
INSERT INTO `users` (`id`, `firstname`, `lastname`, `email`, `password_hash`, `phone`) VALUES ('88', 'Sammy', 'McGlynn', 'denesik.camille@example.com', 'adf946de45b4f0d4c83f09f10c3f816eeae25596', '79631387327');
INSERT INTO `users` (`id`, `firstname`, `lastname`, `email`, `password_hash`, `phone`) VALUES ('89', 'Bernadette', 'Stoltenberg', 'jovanny70@example.com', '16b8a3babf0bc702d06494737aedaba7a1e6eae1', '79063577329');
INSERT INTO `users` (`id`, `firstname`, `lastname`, `email`, `password_hash`, `phone`) VALUES ('90', 'Shania', 'Flatley', 'ugorczany@example.com', '7f5fc1b20f13eb19189a6ddf7acb09010a458e34', '79464432864');
INSERT INTO `users` (`id`, `firstname`, `lastname`, `email`, `password_hash`, `phone`) VALUES ('91', 'Nicolette', 'Thiel', 'uschroeder@example.net', '32e4ea31dbddabfd40525fd70390d736071fb005', '79050291256');
INSERT INTO `users` (`id`, `firstname`, `lastname`, `email`, `password_hash`, `phone`) VALUES ('92', 'Margarette', 'Ebert', 'jamarcus07@example.com', '3984b4a9d167aac9bf580eed301db1bc0845a010', '79732113682');
INSERT INTO `users` (`id`, `firstname`, `lastname`, `email`, `password_hash`, `phone`) VALUES ('93', 'Ansel', 'O\'Keefe', 'koelpin.june@example.org', 'c4a2730a182c3b51fbcadfdb683c275655f64ef4', '79390219723');
INSERT INTO `users` (`id`, `firstname`, `lastname`, `email`, `password_hash`, `phone`) VALUES ('94', 'Evelyn', 'Bins', 'io\'kon@example.com', 'e69272154b2714e4b7ab4dc7a8e2fce6c4cd27a6', '79618139225');
INSERT INTO `users` (`id`, `firstname`, `lastname`, `email`, `password_hash`, `phone`) VALUES ('95', 'Queenie', 'Erdman', 'felicia.sanford@example.net', '7637122b611a9786678679d90265bf0d81395971', '79029095405');
INSERT INTO `users` (`id`, `firstname`, `lastname`, `email`, `password_hash`, `phone`) VALUES ('96', 'Luna', 'Zemlak', 'cory.ferry@example.net', '8ec3eb8eb569d7a4292998129d607225e028599e', '79610082379');
INSERT INTO `users` (`id`, `firstname`, `lastname`, `email`, `password_hash`, `phone`) VALUES ('97', 'Margarette', 'Lehner', 'stamm.dora@example.com', '997bb8066bb1abb5fc39bab0db175bc32fca67d7', '79572497461');
INSERT INTO `users` (`id`, `firstname`, `lastname`, `email`, `password_hash`, `phone`) VALUES ('98', 'Hayden', 'Weber', 'arden96@example.net', 'e24cf158f722b347c6a4cfe67881368dcc22e2cc', '79411041778');
INSERT INTO `users` (`id`, `firstname`, `lastname`, `email`, `password_hash`, `phone`) VALUES ('99', 'Rozella', 'Christiansen', 'lindgren.citlalli@example.org', 'd076146744ce1cbfa30dfb92bcce5a56206bd291', '79259069998');
INSERT INTO `users` (`id`, `firstname`, `lastname`, `email`, `password_hash`, `phone`) VALUES ('100', 'Wiley', 'Sanford', 'femmerich@example.org', '024427988fe78433a6d66569a28b6f95f6ec05e6', '79773571290');
INSERT INTO `users` (`id`, `firstname`, `lastname`, `email`, `password_hash`, `phone`) VALUES ('101', 'Alvena', 'Sipes', 'vmills@example.net', '7649d86ec4cc34a33d8aaf8f5f8b2b4489c02a8c', '79846625869');
INSERT INTO `users` (`id`, `firstname`, `lastname`, `email`, `password_hash`, `phone`) VALUES ('102', 'Josh', 'West', 'feeney.lucious@example.org', '9e2ec95f75c285dadaba18a1336d99f9a98d7b85', '79815448365');
INSERT INTO `users` (`id`, `firstname`, `lastname`, `email`, `password_hash`, `phone`) VALUES ('103', 'Miguel', 'King', 'lcrona@example.org', '6ddebc2192904eb9787722815aee30f00d6b03e9', '79788109677');
INSERT INTO `users` (`id`, `firstname`, `lastname`, `email`, `password_hash`, `phone`) VALUES ('104', 'Noe', 'Rempel', 'hconnelly@example.org', '1249491720e829de3314c312d12565a805f3d06f', '79734119009');
INSERT INTO `users` (`id`, `firstname`, `lastname`, `email`, `password_hash`, `phone`) VALUES ('105', 'Maida', 'Ullrich', 'flatley.lee@example.net', '03b0bc1c76bd478e2fb11a69ccc4f94bff0fc380', '79218523836');
INSERT INTO `users` (`id`, `firstname`, `lastname`, `email`, `password_hash`, `phone`) VALUES ('106', 'Velda', 'Gislason', 'kgrady@example.com', '09cf92408ae44a5982d127716de052dd86df1d8f', '79466063284');
INSERT INTO `users` (`id`, `firstname`, `lastname`, `email`, `password_hash`, `phone`) VALUES ('107', 'Herman', 'Reilly', 'loyce.harvey@example.net', '711e560be41db017b75224430bca70cffae0bb2a', '79417754847');
INSERT INTO `users` (`id`, `firstname`, `lastname`, `email`, `password_hash`, `phone`) VALUES ('108', 'Watson', 'Murphy', 'donnelly.ike@example.com', 'd767538c52a1a159a3a9bd263f8b699bc15485d5', '79309506203');
INSERT INTO `users` (`id`, `firstname`, `lastname`, `email`, `password_hash`, `phone`) VALUES ('109', 'Assunta', 'Dooley', 'maritza.kertzmann@example.net', '42b0d3c04bc52897c55feca32c38aac41443ede8', '79809960918');
INSERT INTO `users` (`id`, `firstname`, `lastname`, `email`, `password_hash`, `phone`) VALUES ('110', 'Lolita', 'Weimann', 'zruecker@example.com', 'feb26aa7cbe93584a81112a25abe41ee75b98367', '79074431574');
INSERT INTO `users` (`id`, `firstname`, `lastname`, `email`, `password_hash`, `phone`) VALUES ('111', 'Fanny', 'Kunze', 'amaya.dickens@example.org', '8f95032529d6cfbec34eac6f6a0617625bce75d2', '79651534854');
INSERT INTO `users` (`id`, `firstname`, `lastname`, `email`, `password_hash`, `phone`) VALUES ('112', 'Sienna', 'Schultz', 'efrain01@example.org', 'd891454828d84355a99d3581685f79f7296e9002', '79449655296');
INSERT INTO `users` (`id`, `firstname`, `lastname`, `email`, `password_hash`, `phone`) VALUES ('113', 'Eveline', 'Jones', 'vernie.kertzmann@example.org', '18ad602efc6d833b1f094b72d31df4eb1cbe863f', '79403213166');
INSERT INTO `users` (`id`, `firstname`, `lastname`, `email`, `password_hash`, `phone`) VALUES ('114', 'Barbara', 'Lind', 'kschimmel@example.com', '8517a83384ed7060a90ebd3936356052ca30ff3f', '79945777558');
INSERT INTO `users` (`id`, `firstname`, `lastname`, `email`, `password_hash`, `phone`) VALUES ('115', 'Jaquan', 'Leannon', 'kaylin84@example.org', 'f2a1fdf21ce02099d97c7e61820dc840f2c43f19', '79073965813');
INSERT INTO `users` (`id`, `firstname`, `lastname`, `email`, `password_hash`, `phone`) VALUES ('116', 'Rowland', 'Jacobi', 'stamm.dashawn@example.org', '58d2d0302a5f78a138bb20f191c77e9cbb0a43e6', '79949458456');
INSERT INTO `users` (`id`, `firstname`, `lastname`, `email`, `password_hash`, `phone`) VALUES ('117', 'Alene', 'Hodkiewicz', 'lhaag@example.net', 'be173172ae8cda1ddfcd76aad78fa8f263bbaaeb', '79187286718');
INSERT INTO `users` (`id`, `firstname`, `lastname`, `email`, `password_hash`, `phone`) VALUES ('118', 'Emily', 'McLaughlin', 'blair.grady@example.com', '326394fdd9201c8cc995bbfed361e934c03a5579', '79700244931');
INSERT INTO `users` (`id`, `firstname`, `lastname`, `email`, `password_hash`, `phone`) VALUES ('119', 'Isabel', 'Corwin', 'scorwin@example.net', 'f19fa723a681af318e6575640dc671146b320cf6', '79743338370');
INSERT INTO `users` (`id`, `firstname`, `lastname`, `email`, `password_hash`, `phone`) VALUES ('120', 'Brody', 'Zieme', 'laura.shields@example.net', '68e4575c385e5361034c0fe57562f5f4a2f8507c', '79267898650');
INSERT INTO `users` (`id`, `firstname`, `lastname`, `email`, `password_hash`, `phone`) VALUES ('121', 'Margarete', 'Kessler', 'bwalsh@example.net', '6cc1f0d95fefb3d801b5904d85d86c57468be729', '79931954731');
INSERT INTO `users` (`id`, `firstname`, `lastname`, `email`, `password_hash`, `phone`) VALUES ('122', 'Mireille', 'West', 'xconsidine@example.com', '3f33b6276bac904cdb2ffbd9832d4f2af3cee085', '79426562908');
INSERT INTO `users` (`id`, `firstname`, `lastname`, `email`, `password_hash`, `phone`) VALUES ('123', 'Nakia', 'Kassulke', 'kevon.green@example.org', '6bdf73570e69c4152aee636af2d745f8180e008f', '79703781608');
INSERT INTO `users` (`id`, `firstname`, `lastname`, `email`, `password_hash`, `phone`) VALUES ('124', 'Tanner', 'Kling', 'neha.feest@example.net', 'b9d301e2c1e23c018bed6a8b8e973f89fd880324', '79579154464');
INSERT INTO `users` (`id`, `firstname`, `lastname`, `email`, `password_hash`, `phone`) VALUES ('125', 'Kale', 'Schulist', 'trevor.lockman@example.net', '08d70d4b8b84653dd855ebba9641f802ea236d89', '79572287658');
INSERT INTO `users` (`id`, `firstname`, `lastname`, `email`, `password_hash`, `phone`) VALUES ('126', 'Benjamin', 'Oberbrunner', 'streich.dangelo@example.net', 'bbb4ffeb971dfa75f2d45efb5a90b21f08acd471', '79674689403');
INSERT INTO `users` (`id`, `firstname`, `lastname`, `email`, `password_hash`, `phone`) VALUES ('127', 'Lucinda', 'Runolfsdottir', 'johns.maryjane@example.net', '0ba204a32243ef86b902125f95c6eb5e14d387d9', '79715146168');
INSERT INTO `users` (`id`, `firstname`, `lastname`, `email`, `password_hash`, `phone`) VALUES ('128', 'Clark', 'Boyle', 'lisette.dare@example.net', '51ca7b434c6f6f73e0551c9e81bc0fecf89f4498', '79231597268');
INSERT INTO `users` (`id`, `firstname`, `lastname`, `email`, `password_hash`, `phone`) VALUES ('129', 'Maritza', 'Larkin', 'ashly49@example.com', 'a6024f82b8f3c21292ddcf69bb6e7b36c0f4e2e9', '79626776616');
INSERT INTO `users` (`id`, `firstname`, `lastname`, `email`, `password_hash`, `phone`) VALUES ('130', 'Desiree', 'Schoen', 'leuschke.mitchell@example.org', '4072894ab9856fe2084e84be70e778a1d194bc68', '79228781049');
INSERT INTO `users` (`id`, `firstname`, `lastname`, `email`, `password_hash`, `phone`) VALUES ('131', 'Rae', 'Johnston', 'stacey64@example.com', '68142aa8ab5d44667096bebe694423978d77e74a', '79084194838');
INSERT INTO `users` (`id`, `firstname`, `lastname`, `email`, `password_hash`, `phone`) VALUES ('132', 'Elza', 'Kreiger', 'jada21@example.net', '1293d4aa5ca4db6e753432c04bdedffee9b500fa', '79607025763');
INSERT INTO `users` (`id`, `firstname`, `lastname`, `email`, `password_hash`, `phone`) VALUES ('133', 'Rubie', 'Wisozk', 'luciano20@example.com', '02358de074b00a88132fb88a4c827266e7e846d2', '79072120890');
INSERT INTO `users` (`id`, `firstname`, `lastname`, `email`, `password_hash`, `phone`) VALUES ('134', 'Chauncey', 'Koch', 'makenna.hegmann@example.net', '3b41d88407a5e23e1b2649926e084477688c753f', '79817867863');
INSERT INTO `users` (`id`, `firstname`, `lastname`, `email`, `password_hash`, `phone`) VALUES ('135', 'Isaias', 'Boehm', 'vaughn.blick@example.com', '1244c3e1acfe7f28aff85e398e4f948f69f8be3d', '79234569903');
INSERT INTO `users` (`id`, `firstname`, `lastname`, `email`, `password_hash`, `phone`) VALUES ('136', 'Kristian', 'Veum', 'noble.schmeler@example.com', '5fd9cd1782a5c00cb72caaf7cb13aff52714cda2', '79284280579');
INSERT INTO `users` (`id`, `firstname`, `lastname`, `email`, `password_hash`, `phone`) VALUES ('137', 'Marcus', 'Moore', 'shanahan.soledad@example.org', 'aad2a2fdde4f51b96f147211fcc37819b00d0b49', '79527585843');
INSERT INTO `users` (`id`, `firstname`, `lastname`, `email`, `password_hash`, `phone`) VALUES ('138', 'Theo', 'Crooks', 'emitchell@example.org', '831b857f22bceec8ad02336ee31173d519626e3e', '79854565435');
INSERT INTO `users` (`id`, `firstname`, `lastname`, `email`, `password_hash`, `phone`) VALUES ('139', 'Luther', 'Waelchi', 'wilderman.clemens@example.com', '692c599d77fdcc739250e98ebd06b30cac93437c', '79067475371');
INSERT INTO `users` (`id`, `firstname`, `lastname`, `email`, `password_hash`, `phone`) VALUES ('140', 'Devonte', 'Runte', 'magdalen60@example.org', 'e100522992bd3004698b83c2e2e956975fa3c063', '79553360329');
INSERT INTO `users` (`id`, `firstname`, `lastname`, `email`, `password_hash`, `phone`) VALUES ('141', 'Kale', 'Stiedemann', 'alycia.feeney@example.org', 'de60ab5ada7b4a4bbea1a26e9784e26f8224fba0', '79682217617');
INSERT INTO `users` (`id`, `firstname`, `lastname`, `email`, `password_hash`, `phone`) VALUES ('142', 'Delores', 'Stracke', 'dell.o\'keefe@example.com', '64d50453be43965f4d1a8ed3304241a043d7de20', '79014626681');
INSERT INTO `users` (`id`, `firstname`, `lastname`, `email`, `password_hash`, `phone`) VALUES ('143', 'Cheyanne', 'Wisozk', 'newell.frami@example.com', '50f556a40cccdda87956b05c651f82677ff0a2c1', '79179120470');
INSERT INTO `users` (`id`, `firstname`, `lastname`, `email`, `password_hash`, `phone`) VALUES ('144', 'Margarete', 'Krajcik', 'plittel@example.net', '97f6ee83428ff699c5d804014cb97d865b66e3fe', '79606644933');
INSERT INTO `users` (`id`, `firstname`, `lastname`, `email`, `password_hash`, `phone`) VALUES ('145', 'Lisandro', 'Stiedemann', 'tom12@example.net', 'c309176571c55fe68b6e907338deb267d5ac7857', '79869789858');
INSERT INTO `users` (`id`, `firstname`, `lastname`, `email`, `password_hash`, `phone`) VALUES ('146', 'Elwin', 'Sipes', 'ywolf@example.org', 'c24795af36ed7d64fed5b6f209a27083df4d9289', '79419794876');
INSERT INTO `users` (`id`, `firstname`, `lastname`, `email`, `password_hash`, `phone`) VALUES ('147', 'Davin', 'Kautzer', 'hkemmer@example.org', 'c3854b2acd5be6eae3525630efbd4396bc838ec4', '79739509345');
INSERT INTO `users` (`id`, `firstname`, `lastname`, `email`, `password_hash`, `phone`) VALUES ('148', 'Helena', 'Goldner', 'noelia.skiles@example.com', '54bd5b4b01fe95b0c925b754f068845409c5d73d', '79890891325');
INSERT INTO `users` (`id`, `firstname`, `lastname`, `email`, `password_hash`, `phone`) VALUES ('149', 'Elmore', 'Feeney', 'concepcion.balistreri@example.org', 'a54001733d320360ddbc9a9b3df6bda70f7dc3f4', '79383980169');
INSERT INTO `users` (`id`, `firstname`, `lastname`, `email`, `password_hash`, `phone`) VALUES ('150', 'Chanelle', 'Considine', 'moen.orpha@example.org', '4257c906b8e484d165948b26ab7204380f0e6f01', '79417978873');


#
# TABLE STRUCTURE FOR: users_communities
#

DROP TABLE IF EXISTS `users_communities`;

CREATE TABLE `users_communities` (
  `user_id` bigint(20) unsigned NOT NULL,
  `community_id` bigint(20) unsigned NOT NULL,
  PRIMARY KEY (`user_id`,`community_id`),
  KEY `community_id` (`community_id`),
  CONSTRAINT `users_communities_ibfk_1` FOREIGN KEY (`user_id`) REFERENCES `users` (`id`),
  CONSTRAINT `users_communities_ibfk_2` FOREIGN KEY (`community_id`) REFERENCES `communities` (`id`)
) ENGINE=InnoDB DEFAULT CHARSET=utf8mb4 COLLATE=utf8mb4_unicode_ci;

INSERT INTO `users_communities` (`user_id`, `community_id`) VALUES ('1', '1');
INSERT INTO `users_communities` (`user_id`, `community_id`) VALUES ('2', '2');
INSERT INTO `users_communities` (`user_id`, `community_id`) VALUES ('3', '3');
INSERT INTO `users_communities` (`user_id`, `community_id`) VALUES ('4', '4');
INSERT INTO `users_communities` (`user_id`, `community_id`) VALUES ('5', '5');
INSERT INTO `users_communities` (`user_id`, `community_id`) VALUES ('6', '6');
INSERT INTO `users_communities` (`user_id`, `community_id`) VALUES ('7', '7');
INSERT INTO `users_communities` (`user_id`, `community_id`) VALUES ('8', '8');
INSERT INTO `users_communities` (`user_id`, `community_id`) VALUES ('9', '9');
INSERT INTO `users_communities` (`user_id`, `community_id`) VALUES ('10', '10');
INSERT INTO `users_communities` (`user_id`, `community_id`) VALUES ('11', '11');
INSERT INTO `users_communities` (`user_id`, `community_id`) VALUES ('12', '12');
INSERT INTO `users_communities` (`user_id`, `community_id`) VALUES ('13', '13');
INSERT INTO `users_communities` (`user_id`, `community_id`) VALUES ('14', '14');
INSERT INTO `users_communities` (`user_id`, `community_id`) VALUES ('15', '15');
INSERT INTO `users_communities` (`user_id`, `community_id`) VALUES ('16', '16');
INSERT INTO `users_communities` (`user_id`, `community_id`) VALUES ('17', '17');
INSERT INTO `users_communities` (`user_id`, `community_id`) VALUES ('18', '18');
INSERT INTO `users_communities` (`user_id`, `community_id`) VALUES ('19', '19');
INSERT INTO `users_communities` (`user_id`, `community_id`) VALUES ('20', '20');
INSERT INTO `users_communities` (`user_id`, `community_id`) VALUES ('21', '1');
INSERT INTO `users_communities` (`user_id`, `community_id`) VALUES ('22', '2');
INSERT INTO `users_communities` (`user_id`, `community_id`) VALUES ('23', '3');
INSERT INTO `users_communities` (`user_id`, `community_id`) VALUES ('24', '4');
INSERT INTO `users_communities` (`user_id`, `community_id`) VALUES ('25', '5');
INSERT INTO `users_communities` (`user_id`, `community_id`) VALUES ('26', '6');
INSERT INTO `users_communities` (`user_id`, `community_id`) VALUES ('27', '7');
INSERT INTO `users_communities` (`user_id`, `community_id`) VALUES ('28', '8');
INSERT INTO `users_communities` (`user_id`, `community_id`) VALUES ('29', '9');
INSERT INTO `users_communities` (`user_id`, `community_id`) VALUES ('30', '10');
INSERT INTO `users_communities` (`user_id`, `community_id`) VALUES ('31', '11');
INSERT INTO `users_communities` (`user_id`, `community_id`) VALUES ('32', '12');
INSERT INTO `users_communities` (`user_id`, `community_id`) VALUES ('33', '13');
INSERT INTO `users_communities` (`user_id`, `community_id`) VALUES ('34', '14');
INSERT INTO `users_communities` (`user_id`, `community_id`) VALUES ('35', '15');
INSERT INTO `users_communities` (`user_id`, `community_id`) VALUES ('36', '16');
INSERT INTO `users_communities` (`user_id`, `community_id`) VALUES ('37', '17');
INSERT INTO `users_communities` (`user_id`, `community_id`) VALUES ('38', '18');
INSERT INTO `users_communities` (`user_id`, `community_id`) VALUES ('39', '19');
INSERT INTO `users_communities` (`user_id`, `community_id`) VALUES ('40', '20');
INSERT INTO `users_communities` (`user_id`, `community_id`) VALUES ('41', '1');
INSERT INTO `users_communities` (`user_id`, `community_id`) VALUES ('42', '2');
INSERT INTO `users_communities` (`user_id`, `community_id`) VALUES ('43', '3');
INSERT INTO `users_communities` (`user_id`, `community_id`) VALUES ('44', '4');
INSERT INTO `users_communities` (`user_id`, `community_id`) VALUES ('45', '5');
INSERT INTO `users_communities` (`user_id`, `community_id`) VALUES ('46', '6');
INSERT INTO `users_communities` (`user_id`, `community_id`) VALUES ('47', '7');
INSERT INTO `users_communities` (`user_id`, `community_id`) VALUES ('48', '8');
INSERT INTO `users_communities` (`user_id`, `community_id`) VALUES ('49', '9');
INSERT INTO `users_communities` (`user_id`, `community_id`) VALUES ('50', '10');
INSERT INTO `users_communities` (`user_id`, `community_id`) VALUES ('51', '11');
INSERT INTO `users_communities` (`user_id`, `community_id`) VALUES ('52', '12');
INSERT INTO `users_communities` (`user_id`, `community_id`) VALUES ('53', '13');
INSERT INTO `users_communities` (`user_id`, `community_id`) VALUES ('54', '14');
INSERT INTO `users_communities` (`user_id`, `community_id`) VALUES ('55', '15');
INSERT INTO `users_communities` (`user_id`, `community_id`) VALUES ('56', '16');
INSERT INTO `users_communities` (`user_id`, `community_id`) VALUES ('57', '17');
INSERT INTO `users_communities` (`user_id`, `community_id`) VALUES ('58', '18');
INSERT INTO `users_communities` (`user_id`, `community_id`) VALUES ('59', '19');
INSERT INTO `users_communities` (`user_id`, `community_id`) VALUES ('60', '20');
INSERT INTO `users_communities` (`user_id`, `community_id`) VALUES ('61', '1');
INSERT INTO `users_communities` (`user_id`, `community_id`) VALUES ('62', '2');
INSERT INTO `users_communities` (`user_id`, `community_id`) VALUES ('63', '3');
INSERT INTO `users_communities` (`user_id`, `community_id`) VALUES ('64', '4');
INSERT INTO `users_communities` (`user_id`, `community_id`) VALUES ('65', '5');
INSERT INTO `users_communities` (`user_id`, `community_id`) VALUES ('66', '6');
INSERT INTO `users_communities` (`user_id`, `community_id`) VALUES ('67', '7');
INSERT INTO `users_communities` (`user_id`, `community_id`) VALUES ('68', '8');
INSERT INTO `users_communities` (`user_id`, `community_id`) VALUES ('69', '9');
INSERT INTO `users_communities` (`user_id`, `community_id`) VALUES ('70', '10');
INSERT INTO `users_communities` (`user_id`, `community_id`) VALUES ('71', '11');
INSERT INTO `users_communities` (`user_id`, `community_id`) VALUES ('72', '12');
INSERT INTO `users_communities` (`user_id`, `community_id`) VALUES ('73', '13');
INSERT INTO `users_communities` (`user_id`, `community_id`) VALUES ('74', '14');
INSERT INTO `users_communities` (`user_id`, `community_id`) VALUES ('75', '15');
INSERT INTO `users_communities` (`user_id`, `community_id`) VALUES ('76', '16');
INSERT INTO `users_communities` (`user_id`, `community_id`) VALUES ('77', '17');
INSERT INTO `users_communities` (`user_id`, `community_id`) VALUES ('78', '18');
INSERT INTO `users_communities` (`user_id`, `community_id`) VALUES ('79', '19');
INSERT INTO `users_communities` (`user_id`, `community_id`) VALUES ('80', '20');
INSERT INTO `users_communities` (`user_id`, `community_id`) VALUES ('81', '1');
INSERT INTO `users_communities` (`user_id`, `community_id`) VALUES ('82', '2');
INSERT INTO `users_communities` (`user_id`, `community_id`) VALUES ('83', '3');
INSERT INTO `users_communities` (`user_id`, `community_id`) VALUES ('84', '4');
INSERT INTO `users_communities` (`user_id`, `community_id`) VALUES ('85', '5');
INSERT INTO `users_communities` (`user_id`, `community_id`) VALUES ('86', '6');
INSERT INTO `users_communities` (`user_id`, `community_id`) VALUES ('87', '7');
INSERT INTO `users_communities` (`user_id`, `community_id`) VALUES ('88', '8');
INSERT INTO `users_communities` (`user_id`, `community_id`) VALUES ('89', '9');
INSERT INTO `users_communities` (`user_id`, `community_id`) VALUES ('90', '10');
INSERT INTO `users_communities` (`user_id`, `community_id`) VALUES ('91', '11');
INSERT INTO `users_communities` (`user_id`, `community_id`) VALUES ('92', '12');
INSERT INTO `users_communities` (`user_id`, `community_id`) VALUES ('93', '13');
INSERT INTO `users_communities` (`user_id`, `community_id`) VALUES ('94', '14');
INSERT INTO `users_communities` (`user_id`, `community_id`) VALUES ('95', '15');
INSERT INTO `users_communities` (`user_id`, `community_id`) VALUES ('96', '16');
INSERT INTO `users_communities` (`user_id`, `community_id`) VALUES ('97', '17');
INSERT INTO `users_communities` (`user_id`, `community_id`) VALUES ('98', '18');
INSERT INTO `users_communities` (`user_id`, `community_id`) VALUES ('99', '19');
INSERT INTO `users_communities` (`user_id`, `community_id`) VALUES ('100', '20');
INSERT INTO `users_communities` (`user_id`, `community_id`) VALUES ('101', '1');
INSERT INTO `users_communities` (`user_id`, `community_id`) VALUES ('102', '2');
INSERT INTO `users_communities` (`user_id`, `community_id`) VALUES ('103', '3');
INSERT INTO `users_communities` (`user_id`, `community_id`) VALUES ('104', '4');
INSERT INTO `users_communities` (`user_id`, `community_id`) VALUES ('105', '5');
INSERT INTO `users_communities` (`user_id`, `community_id`) VALUES ('106', '6');
INSERT INTO `users_communities` (`user_id`, `community_id`) VALUES ('107', '7');
INSERT INTO `users_communities` (`user_id`, `community_id`) VALUES ('108', '8');
INSERT INTO `users_communities` (`user_id`, `community_id`) VALUES ('109', '9');
INSERT INTO `users_communities` (`user_id`, `community_id`) VALUES ('110', '10');
INSERT INTO `users_communities` (`user_id`, `community_id`) VALUES ('111', '11');
INSERT INTO `users_communities` (`user_id`, `community_id`) VALUES ('112', '12');
INSERT INTO `users_communities` (`user_id`, `community_id`) VALUES ('113', '13');
INSERT INTO `users_communities` (`user_id`, `community_id`) VALUES ('114', '14');
INSERT INTO `users_communities` (`user_id`, `community_id`) VALUES ('115', '15');
INSERT INTO `users_communities` (`user_id`, `community_id`) VALUES ('116', '16');
INSERT INTO `users_communities` (`user_id`, `community_id`) VALUES ('117', '17');
INSERT INTO `users_communities` (`user_id`, `community_id`) VALUES ('118', '18');
INSERT INTO `users_communities` (`user_id`, `community_id`) VALUES ('119', '19');
INSERT INTO `users_communities` (`user_id`, `community_id`) VALUES ('120', '20');
INSERT INTO `users_communities` (`user_id`, `community_id`) VALUES ('121', '1');
INSERT INTO `users_communities` (`user_id`, `community_id`) VALUES ('122', '2');
INSERT INTO `users_communities` (`user_id`, `community_id`) VALUES ('123', '3');
INSERT INTO `users_communities` (`user_id`, `community_id`) VALUES ('124', '4');
INSERT INTO `users_communities` (`user_id`, `community_id`) VALUES ('125', '5');
INSERT INTO `users_communities` (`user_id`, `community_id`) VALUES ('126', '6');
INSERT INTO `users_communities` (`user_id`, `community_id`) VALUES ('127', '7');
INSERT INTO `users_communities` (`user_id`, `community_id`) VALUES ('128', '8');
INSERT INTO `users_communities` (`user_id`, `community_id`) VALUES ('129', '9');
INSERT INTO `users_communities` (`user_id`, `community_id`) VALUES ('130', '10');


