-- MariaDB dump 10.17  Distrib 10.4.15-MariaDB, for Linux (x86_64)
--
-- Host: mysql.hostinger.ro    Database: u574849695_20
-- ------------------------------------------------------
-- Server version	10.4.15-MariaDB-cll-lve

/*!40101 SET @OLD_CHARACTER_SET_CLIENT=@@CHARACTER_SET_CLIENT */;
/*!40101 SET @OLD_CHARACTER_SET_RESULTS=@@CHARACTER_SET_RESULTS */;
/*!40101 SET @OLD_COLLATION_CONNECTION=@@COLLATION_CONNECTION */;
/*!40101 SET NAMES utf8mb4 */;
/*!40103 SET @OLD_TIME_ZONE=@@TIME_ZONE */;
/*!40103 SET TIME_ZONE='+00:00' */;
/*!40014 SET @OLD_UNIQUE_CHECKS=@@UNIQUE_CHECKS, UNIQUE_CHECKS=0 */;
/*!40014 SET @OLD_FOREIGN_KEY_CHECKS=@@FOREIGN_KEY_CHECKS, FOREIGN_KEY_CHECKS=0 */;
/*!40101 SET @OLD_SQL_MODE=@@SQL_MODE, SQL_MODE='NO_AUTO_VALUE_ON_ZERO' */;
/*!40111 SET @OLD_SQL_NOTES=@@SQL_NOTES, SQL_NOTES=0 */;

--
-- Table structure for table `communities`
--

DROP TABLE IF EXISTS `communities`;
/*!40101 SET @saved_cs_client     = @@character_set_client */;
/*!40101 SET character_set_client = utf8 */;
CREATE TABLE `communities` (
  `id` bigint(20) unsigned NOT NULL AUTO_INCREMENT,
  `name` varchar(150) COLLATE utf8mb4_unicode_ci DEFAULT NULL,
  `admin_user_id` bigint(20) unsigned NOT NULL,
  UNIQUE KEY `id` (`id`),
  KEY `communities_name_idx` (`name`),
  KEY `admin_user_id` (`admin_user_id`),
  CONSTRAINT `communities_ibfk_1` FOREIGN KEY (`admin_user_id`) REFERENCES `users` (`id`)
) ENGINE=InnoDB AUTO_INCREMENT=21 DEFAULT CHARSET=utf8mb4 COLLATE=utf8mb4_unicode_ci;
/*!40101 SET character_set_client = @saved_cs_client */;

--
-- Dumping data for table `communities`
--

LOCK TABLES `communities` WRITE;
/*!40000 ALTER TABLE `communities` DISABLE KEYS */;
INSERT INTO `communities` VALUES (1,'quia',1),(2,'ut',2),(3,'consequatur',3),(4,'alias',4),(5,'ut',5),(6,'aspernatur',6),(7,'aspernatur',7),(8,'eligendi',8),(9,'qui',9),(10,'mollitia',10),(11,'quod',11),(12,'eligendi',12),(13,'veritatis',13),(14,'perferendis',14),(15,'debitis',15),(16,'laudantium',16),(17,'accusamus',17),(18,'et',18),(19,'et',19),(20,'vel',20);
/*!40000 ALTER TABLE `communities` ENABLE KEYS */;
UNLOCK TABLES;

--
-- Table structure for table `friend_requests`
--

DROP TABLE IF EXISTS `friend_requests`;
/*!40101 SET @saved_cs_client     = @@character_set_client */;
/*!40101 SET character_set_client = utf8 */;
CREATE TABLE `friend_requests` (
  `initiator_user_id` bigint(20) unsigned NOT NULL,
  `target_user_id` bigint(20) unsigned NOT NULL,
  `status` enum('requested','approved','declined','unfriended') COLLATE utf8mb4_unicode_ci DEFAULT NULL,
  `requested_at` datetime DEFAULT current_timestamp(),
  `updated_at` datetime DEFAULT NULL ON UPDATE current_timestamp(),
  PRIMARY KEY (`initiator_user_id`,`target_user_id`),
  KEY `target_user_id` (`target_user_id`),
  CONSTRAINT `friend_requests_ibfk_1` FOREIGN KEY (`initiator_user_id`) REFERENCES `users` (`id`),
  CONSTRAINT `friend_requests_ibfk_2` FOREIGN KEY (`target_user_id`) REFERENCES `users` (`id`)
) ENGINE=InnoDB DEFAULT CHARSET=utf8mb4 COLLATE=utf8mb4_unicode_ci;
/*!40101 SET character_set_client = @saved_cs_client */;

--
-- Dumping data for table `friend_requests`
--

LOCK TABLES `friend_requests` WRITE;
/*!40000 ALTER TABLE `friend_requests` DISABLE KEYS */;
INSERT INTO `friend_requests` VALUES (1,1,'declined','2011-03-06 15:31:01','2011-12-25 07:18:27'),(2,2,'requested','2016-05-25 03:17:26','2015-12-08 19:58:26'),(3,3,'approved','2008-10-13 07:53:59','1981-09-11 23:38:24'),(4,4,'declined','1999-02-12 06:29:11','2008-01-15 10:14:52'),(5,5,'approved','1996-06-25 04:10:48','1994-03-30 08:15:24'),(6,6,'requested','2009-11-30 22:21:35','1990-02-01 23:01:20'),(7,7,'declined','2002-09-26 19:21:14','1974-10-29 07:23:41'),(8,8,'declined','1984-08-18 01:41:48','1983-08-26 14:08:33'),(9,9,'unfriended','1970-03-29 03:43:27','1979-05-01 00:19:32'),(10,10,'unfriended','2011-01-20 10:53:38','1983-08-24 04:27:37'),(11,11,'requested','2021-05-23 17:26:09','2006-09-25 02:13:59'),(12,12,'unfriended','1993-05-04 21:43:13','1977-04-26 12:20:23'),(13,13,'requested','1985-07-06 12:02:15','1973-05-23 19:37:24'),(14,14,'approved','1998-12-20 08:02:35','1975-05-21 07:11:35'),(15,15,'unfriended','1987-10-05 15:38:21','1994-04-18 14:59:06'),(16,16,'unfriended','1974-06-29 06:52:17','1978-01-25 15:53:41'),(17,17,'unfriended','1980-02-29 15:50:00','2010-01-14 20:13:57'),(18,18,'approved','2001-12-11 01:50:03','2020-05-29 12:36:52'),(19,19,'declined','2003-07-02 03:55:05','1984-07-14 17:11:33'),(20,20,'requested','1979-01-28 12:24:18','1973-12-09 21:45:59'),(21,21,'requested','1983-04-30 21:38:04','1987-03-12 20:55:32'),(22,22,'requested','1979-08-20 21:12:34','2018-01-13 00:17:52'),(23,23,'unfriended','1979-08-03 06:53:04','1978-03-11 00:38:37'),(24,24,'declined','2000-07-16 14:38:29','1976-09-25 08:55:45'),(25,25,'requested','1970-08-14 10:54:07','1988-05-26 02:43:59'),(26,26,'requested','2016-12-31 04:56:06','1987-07-01 00:43:56'),(27,27,'unfriended','1972-02-01 12:28:00','1970-03-01 03:54:12'),(28,28,'unfriended','1998-01-27 10:16:11','2003-04-30 08:35:02'),(29,29,'approved','1995-12-15 07:18:04','1984-01-13 08:48:16'),(30,30,'requested','2000-03-02 18:28:08','2021-06-17 03:05:34'),(31,31,'unfriended','1999-06-07 07:48:41','1975-09-26 17:22:41'),(32,32,'unfriended','2006-04-10 14:01:05','1971-10-26 10:18:21'),(33,33,'unfriended','1974-12-25 10:34:30','1991-06-21 09:07:54'),(34,34,'approved','1992-12-13 07:17:36','1978-03-16 02:38:09'),(35,35,'requested','2014-07-17 19:56:45','1973-12-26 00:34:56'),(36,36,'approved','1985-12-25 05:05:22','1989-09-09 03:38:38'),(37,37,'unfriended','1971-05-09 14:11:34','2005-08-23 12:02:51'),(38,38,'approved','2020-02-19 12:34:29','2010-02-15 13:36:15'),(39,39,'declined','2003-04-02 11:55:43','2016-12-06 06:57:35'),(40,40,'declined','2010-09-12 23:53:24','2017-03-01 08:37:45'),(41,41,'approved','1989-11-25 19:31:35','2013-07-04 06:33:45'),(42,42,'approved','1987-07-06 15:42:26','2017-09-26 01:42:44'),(43,43,'unfriended','2007-05-03 05:16:44','1975-05-15 12:59:30'),(44,44,'approved','1977-07-28 03:15:00','2020-12-05 07:01:53'),(45,45,'requested','2018-05-10 18:53:06','2007-02-15 19:20:38'),(46,46,'unfriended','1986-07-28 18:20:13','1974-09-10 09:05:45'),(47,47,'approved','2003-12-26 05:10:54','1988-07-10 02:19:45'),(48,48,'approved','1981-02-28 18:42:08','1983-10-24 20:03:49'),(49,49,'declined','1983-07-16 04:18:16','1998-08-10 12:47:51'),(50,50,'declined','2002-10-12 17:01:48','2000-01-12 15:16:38'),(51,51,'approved','1981-12-01 23:10:10','1997-12-12 13:00:39'),(52,52,'approved','2004-07-04 08:01:46','1981-06-04 11:22:19'),(53,53,'unfriended','2017-11-06 11:11:21','1990-07-15 04:33:58'),(54,54,'declined','2010-06-03 09:39:06','1979-06-26 02:39:24'),(55,55,'unfriended','1985-05-02 00:12:01','2018-10-09 09:55:39'),(56,56,'requested','1998-09-13 02:43:15','1981-10-15 12:23:21'),(57,57,'approved','2003-01-13 17:26:46','1975-10-16 23:07:45'),(58,58,'approved','2003-12-14 06:03:40','1991-12-30 14:49:51'),(59,59,'declined','2009-10-23 08:31:29','1989-06-05 22:13:36'),(60,60,'approved','1987-09-20 04:55:13','1976-06-26 15:36:43'),(61,61,'declined','1983-08-13 04:59:58','1983-05-17 13:40:54'),(62,62,'requested','2003-06-25 11:20:31','1976-02-25 23:19:37'),(63,63,'requested','1972-10-14 13:57:38','1999-04-01 05:49:04'),(64,64,'unfriended','2012-05-17 02:27:46','2010-07-21 09:02:05'),(65,65,'requested','1981-02-13 03:18:59','1990-04-17 06:17:02'),(66,66,'declined','2011-01-21 04:48:28','1979-09-27 18:47:12'),(67,67,'unfriended','1975-04-14 14:12:16','2014-05-23 13:31:26'),(68,68,'approved','1991-11-08 12:59:09','1996-07-08 17:52:46'),(69,69,'approved','1984-07-24 05:34:56','1983-11-20 00:39:58'),(70,70,'declined','1994-09-22 05:49:44','2016-11-10 19:07:29'),(71,71,'declined','1986-01-07 03:09:19','1997-12-13 21:54:45'),(72,72,'unfriended','2012-05-27 04:25:34','2017-07-08 15:31:46'),(73,73,'unfriended','1997-01-01 12:44:06','1985-09-08 05:43:47'),(74,74,'declined','1985-03-07 08:15:59','1970-02-23 16:41:45'),(75,75,'unfriended','2006-05-24 22:46:39','1998-03-15 01:55:31'),(76,76,'unfriended','2008-06-13 01:54:08','1996-09-13 10:29:34'),(77,77,'requested','1982-04-20 19:58:57','2019-01-27 00:32:42'),(78,78,'declined','1984-05-23 13:03:08','2002-09-08 07:14:13'),(79,79,'approved','1982-07-05 16:25:22','1992-11-01 17:47:08'),(80,80,'unfriended','1978-04-26 14:33:54','1984-10-05 18:19:13'),(81,81,'unfriended','2000-11-22 07:50:26','2014-04-21 14:26:21'),(82,82,'unfriended','1975-09-06 22:02:56','2000-01-09 14:57:41'),(83,83,'requested','1988-12-27 02:19:05','2016-12-30 02:25:14'),(84,84,'declined','1978-09-20 12:18:31','2021-01-01 07:56:04'),(85,85,'declined','1994-09-29 08:39:34','1979-04-01 17:24:07'),(86,86,'declined','2011-09-28 22:47:18','1974-11-26 01:34:13'),(87,87,'requested','2001-10-18 22:08:51','1994-10-18 23:35:57'),(88,88,'declined','1997-03-05 11:35:49','2006-11-06 01:05:29'),(89,89,'unfriended','2001-10-20 05:00:13','2013-01-11 02:36:01'),(90,90,'requested','1985-12-21 16:25:21','1984-05-27 18:44:55'),(91,91,'requested','2008-01-22 14:25:58','2005-09-07 13:07:49'),(92,92,'requested','1976-12-04 02:40:11','1999-09-28 03:19:38'),(93,93,'requested','1971-03-06 10:21:15','1984-04-07 10:53:52'),(94,94,'unfriended','1981-03-28 23:28:53','1998-12-09 13:48:50'),(95,95,'approved','1997-04-19 19:13:54','2015-10-06 16:12:59'),(96,96,'approved','1984-01-15 22:17:39','1976-11-26 12:36:32'),(97,97,'approved','1980-05-24 22:52:19','1975-01-04 09:43:14'),(98,98,'approved','1989-08-14 04:51:24','2017-02-20 13:36:40'),(99,99,'requested','2002-02-22 11:32:26','1976-02-12 15:44:01'),(100,100,'declined','1975-11-24 14:08:38','2019-12-03 16:48:39');
/*!40000 ALTER TABLE `friend_requests` ENABLE KEYS */;
UNLOCK TABLES;

--
-- Table structure for table `likes`
--

DROP TABLE IF EXISTS `likes`;
/*!40101 SET @saved_cs_client     = @@character_set_client */;
/*!40101 SET character_set_client = utf8 */;
CREATE TABLE `likes` (
  `id` bigint(20) unsigned NOT NULL AUTO_INCREMENT,
  `user_id` bigint(20) unsigned NOT NULL,
  `media_id` bigint(20) unsigned NOT NULL,
  `created_at` datetime DEFAULT current_timestamp(),
  UNIQUE KEY `id` (`id`)
) ENGINE=InnoDB AUTO_INCREMENT=401 DEFAULT CHARSET=utf8mb4 COLLATE=utf8mb4_unicode_ci;
/*!40101 SET character_set_client = @saved_cs_client */;

--
-- Dumping data for table `likes`
--

LOCK TABLES `likes` WRITE;
/*!40000 ALTER TABLE `likes` DISABLE KEYS */;
INSERT INTO `likes` VALUES (1,1,1,'1984-07-21 06:24:18'),(2,2,2,'1982-03-17 07:31:25'),(3,3,3,'1993-10-06 10:04:48'),(4,4,4,'2020-07-10 18:05:14'),(5,5,5,'1975-05-04 13:13:39'),(6,6,6,'1982-05-22 20:48:03'),(7,7,7,'1983-11-17 08:12:17'),(8,8,8,'1980-01-18 18:31:13'),(9,9,9,'2003-11-27 19:51:48'),(10,10,10,'1974-04-03 07:05:49'),(11,11,11,'2000-10-11 21:59:20'),(12,12,12,'1997-01-02 01:10:16'),(13,13,13,'1991-08-05 02:36:30'),(14,14,14,'2006-05-31 20:35:56'),(15,15,15,'1992-12-28 13:03:09'),(16,16,16,'1973-07-13 04:39:17'),(17,17,17,'2007-06-29 02:40:04'),(18,18,18,'1995-09-25 18:39:35'),(19,19,19,'1990-02-02 14:35:04'),(20,20,20,'2009-02-22 06:49:28'),(21,21,21,'1986-07-12 18:03:55'),(22,22,22,'1973-08-10 00:16:51'),(23,23,23,'1997-07-09 17:25:09'),(24,24,24,'2011-04-21 07:14:00'),(25,25,25,'2013-04-25 20:21:37'),(26,26,26,'2008-08-19 11:58:39'),(27,27,27,'1991-11-15 06:39:31'),(28,28,28,'1989-08-18 07:46:48'),(29,29,29,'2003-06-03 04:04:08'),(30,30,30,'1994-12-30 04:54:07'),(31,31,31,'1979-01-21 01:28:08'),(32,32,32,'1995-07-02 22:30:09'),(33,33,33,'2007-08-06 22:33:16'),(34,34,34,'1981-03-02 14:28:40'),(35,35,35,'2018-09-29 19:11:25'),(36,36,36,'1989-08-23 01:23:08'),(37,37,37,'1972-11-14 21:46:57'),(38,38,38,'1989-04-03 05:25:38'),(39,39,39,'2007-02-14 12:14:54'),(40,40,40,'1970-03-15 20:51:09'),(41,41,41,'1975-07-08 18:26:37'),(42,42,42,'1998-06-24 05:05:44'),(43,43,43,'2012-08-08 07:31:03'),(44,44,44,'2005-03-10 12:28:31'),(45,45,45,'1999-06-04 11:19:08'),(46,46,46,'2001-11-29 10:59:45'),(47,47,47,'2005-03-20 10:05:34'),(48,48,48,'1990-03-01 15:28:32'),(49,49,49,'1978-07-27 20:49:38'),(50,50,50,'1980-03-05 21:54:59'),(51,51,51,'2004-02-15 09:30:22'),(52,52,52,'1997-02-23 21:45:15'),(53,53,53,'1990-09-16 09:06:12'),(54,54,54,'2014-02-09 23:49:44'),(55,55,55,'1976-10-22 08:33:29'),(56,56,56,'1986-11-27 14:01:23'),(57,57,57,'1976-03-31 15:47:52'),(58,58,58,'2005-03-27 17:06:38'),(59,59,59,'2011-11-03 10:34:03'),(60,60,60,'1979-06-20 16:41:21'),(61,61,61,'2019-09-04 15:22:21'),(62,62,62,'2001-12-04 13:12:06'),(63,63,63,'2000-11-30 09:49:50'),(64,64,64,'2000-03-04 15:01:07'),(65,65,65,'1984-06-10 09:44:01'),(66,66,66,'1982-03-24 23:20:01'),(67,67,67,'2011-06-05 08:23:05'),(68,68,68,'1992-04-08 19:21:32'),(69,69,69,'1993-07-14 03:06:42'),(70,70,70,'1976-09-05 05:37:53'),(71,71,71,'1994-03-15 02:19:10'),(72,72,72,'1985-11-11 01:10:53'),(73,73,73,'2013-05-16 10:58:53'),(74,74,74,'1973-09-02 13:38:55'),(75,75,75,'1979-10-06 19:40:12'),(76,76,76,'1978-08-14 10:45:35'),(77,77,77,'1998-08-08 14:12:32'),(78,78,78,'1974-09-30 02:02:56'),(79,79,79,'1988-01-20 12:00:00'),(80,80,80,'2004-10-08 23:47:55'),(81,81,81,'1991-04-20 05:08:33'),(82,82,82,'1980-02-28 19:37:45'),(83,83,83,'2005-03-07 21:13:00'),(84,84,84,'2015-02-22 20:51:11'),(85,85,85,'1991-03-25 01:34:20'),(86,86,86,'1972-04-06 15:33:04'),(87,87,87,'1975-05-08 22:25:47'),(88,88,88,'2011-06-09 03:41:26'),(89,89,89,'1970-01-22 19:29:25'),(90,90,90,'1992-12-15 14:40:46'),(91,91,91,'2004-08-17 18:05:29'),(92,92,92,'2016-06-05 19:28:05'),(93,93,93,'1979-06-30 14:48:40'),(94,94,94,'1987-04-11 13:58:12'),(95,95,95,'2015-05-01 11:44:41'),(96,96,96,'2014-03-16 01:24:59'),(97,97,97,'1999-10-31 04:04:11'),(98,98,98,'1993-02-01 14:40:47'),(99,99,99,'1975-05-26 00:22:33'),(100,100,100,'1971-08-01 04:58:05'),(101,1,101,'1977-08-05 12:02:11'),(102,2,102,'2014-02-18 00:36:27'),(103,3,103,'2002-08-08 05:32:22'),(104,4,104,'2007-10-06 19:30:01'),(105,5,105,'2005-02-09 06:58:58'),(106,6,106,'1983-12-25 12:06:59'),(107,7,107,'1987-02-08 04:10:08'),(108,8,108,'1973-05-17 16:06:59'),(109,9,109,'1978-09-24 09:30:40'),(110,10,110,'1971-06-18 02:17:42'),(111,11,111,'2018-10-06 17:27:13'),(112,12,112,'1977-06-19 00:25:47'),(113,13,113,'2006-12-04 13:08:12'),(114,14,114,'2008-11-06 05:43:43'),(115,15,115,'1997-04-03 07:43:16'),(116,16,116,'1995-02-11 02:06:36'),(117,17,117,'1981-03-12 22:24:01'),(118,18,118,'1995-06-19 11:13:51'),(119,19,119,'2002-08-27 23:08:27'),(120,20,120,'2013-12-19 23:14:47'),(121,21,121,'1984-01-25 15:17:18'),(122,22,122,'1980-12-11 16:29:13'),(123,23,123,'2019-10-11 10:44:53'),(124,24,124,'2014-11-14 05:05:26'),(125,25,125,'2006-11-01 15:55:45'),(126,26,126,'2002-12-11 12:12:15'),(127,27,127,'2012-04-10 17:20:06'),(128,28,128,'1975-10-11 22:12:17'),(129,29,129,'2013-11-28 07:43:14'),(130,30,130,'2021-03-17 01:00:00'),(131,31,131,'1996-05-29 05:46:31'),(132,32,132,'2004-11-13 04:43:32'),(133,33,133,'1994-06-21 08:25:05'),(134,34,134,'2015-10-01 22:05:20'),(135,35,135,'1996-09-10 13:09:51'),(136,36,136,'1994-10-06 01:20:57'),(137,37,137,'1974-03-18 01:28:40'),(138,38,138,'2001-02-25 02:01:34'),(139,39,139,'1996-01-13 06:35:42'),(140,40,140,'2011-09-27 04:02:39'),(141,41,141,'1971-07-13 10:43:46'),(142,42,142,'1996-06-11 05:28:06'),(143,43,143,'2010-01-12 13:23:55'),(144,44,144,'2009-06-06 01:14:52'),(145,45,145,'1991-06-03 21:39:30'),(146,46,146,'1975-08-05 05:12:58'),(147,47,147,'2006-02-27 06:30:37'),(148,48,148,'1971-05-20 06:17:54'),(149,49,149,'1995-07-09 01:37:49'),(150,50,150,'1970-11-08 04:47:47'),(151,51,151,'1987-02-19 10:06:10'),(152,52,152,'2014-05-18 00:37:00'),(153,53,153,'1988-01-02 20:33:47'),(154,54,154,'1982-02-05 13:40:16'),(155,55,155,'2017-10-23 21:51:02'),(156,56,156,'1981-01-19 05:57:41'),(157,57,157,'1989-11-13 04:24:14'),(158,58,158,'2013-05-04 08:46:06'),(159,59,159,'2012-12-05 05:04:04'),(160,60,160,'2018-05-01 07:59:22'),(161,61,161,'1975-12-13 16:50:36'),(162,62,162,'1982-06-20 15:33:34'),(163,63,163,'1979-04-12 20:13:35'),(164,64,164,'2021-01-06 15:11:30'),(165,65,165,'1975-04-11 09:14:18'),(166,66,166,'1976-11-29 06:02:43'),(167,67,167,'1978-09-12 16:48:06'),(168,68,168,'1973-09-12 02:30:00'),(169,69,169,'1991-08-25 17:26:35'),(170,70,170,'1979-08-23 23:40:53'),(171,71,171,'2012-06-22 22:06:18'),(172,72,172,'1984-03-26 03:33:18'),(173,73,173,'1977-11-08 11:54:18'),(174,74,174,'1976-02-29 12:28:53'),(175,75,175,'2004-03-30 20:52:12'),(176,76,176,'1998-12-13 01:37:06'),(177,77,177,'2015-04-25 00:38:54'),(178,78,178,'1994-12-09 02:03:10'),(179,79,179,'1979-11-23 03:09:21'),(180,80,180,'1977-04-15 12:34:52'),(181,81,181,'2015-09-25 16:39:05'),(182,82,182,'1975-09-07 05:17:25'),(183,83,183,'1990-06-20 14:09:20'),(184,84,184,'1975-12-12 18:25:33'),(185,85,185,'2005-08-20 07:09:04'),(186,86,186,'2018-05-08 19:30:05'),(187,87,187,'2005-12-26 18:34:03'),(188,88,188,'1970-10-01 13:02:05'),(189,89,189,'1998-01-22 10:57:46'),(190,90,190,'1978-03-03 04:03:29'),(191,91,191,'1988-12-13 14:59:25'),(192,92,192,'2012-02-09 04:59:52'),(193,93,193,'2020-01-03 17:14:17'),(194,94,194,'2000-07-08 01:56:44'),(195,95,195,'2001-10-20 14:04:24'),(196,96,196,'1998-05-23 10:59:23'),(197,97,197,'1999-07-27 23:54:11'),(198,98,198,'2005-11-23 04:54:48'),(199,99,199,'1980-09-08 10:40:27'),(200,100,200,'2005-02-23 07:19:33'),(201,1,201,'1991-12-27 11:37:15'),(202,2,202,'1998-11-19 15:49:18'),(203,3,203,'1997-03-15 00:09:58'),(204,4,204,'2018-10-18 20:32:30'),(205,5,205,'1983-12-21 14:59:24'),(206,6,206,'2019-07-31 08:15:01'),(207,7,207,'2001-12-16 02:32:28'),(208,8,208,'1987-08-15 17:34:57'),(209,9,209,'1977-02-19 14:20:53'),(210,10,210,'1995-10-19 09:40:56'),(211,11,211,'1979-10-18 04:05:15'),(212,12,212,'2001-05-24 18:02:46'),(213,13,213,'1972-08-18 11:01:13'),(214,14,214,'2018-11-18 01:32:23'),(215,15,215,'1977-01-27 11:25:05'),(216,16,216,'1979-10-10 13:24:01'),(217,17,217,'1971-04-23 11:20:28'),(218,18,218,'2010-03-28 09:54:40'),(219,19,219,'1970-05-23 02:57:55'),(220,20,220,'1998-10-09 03:11:56'),(221,21,221,'2000-09-20 12:03:08'),(222,22,222,'2018-04-25 03:22:54'),(223,23,223,'1986-10-08 21:59:41'),(224,24,224,'2011-10-30 11:13:42'),(225,25,225,'2012-06-21 11:07:45'),(226,26,226,'2017-03-08 11:26:11'),(227,27,227,'2011-11-08 13:04:33'),(228,28,228,'2020-10-29 06:02:35'),(229,29,229,'1991-09-07 14:39:19'),(230,30,230,'2018-01-01 06:02:34'),(231,31,231,'2012-09-22 08:56:02'),(232,32,232,'1973-05-31 15:43:19'),(233,33,233,'2014-06-05 18:36:48'),(234,34,234,'1977-11-21 15:23:28'),(235,35,235,'1970-01-13 03:06:01'),(236,36,236,'1995-04-25 16:14:59'),(237,37,237,'1997-07-01 03:59:18'),(238,38,238,'1982-02-28 03:12:41'),(239,39,239,'2005-11-24 22:56:57'),(240,40,240,'2011-08-01 21:10:10'),(241,41,241,'1982-01-29 10:02:50'),(242,42,242,'2021-06-23 18:24:21'),(243,43,243,'1987-04-29 13:45:37'),(244,44,244,'2019-06-09 08:11:01'),(245,45,245,'1992-08-26 16:36:04'),(246,46,246,'1975-04-22 13:13:42'),(247,47,247,'2013-05-06 12:07:16'),(248,48,248,'1970-02-22 17:46:25'),(249,49,249,'2006-12-07 23:33:09'),(250,50,250,'1971-04-12 04:58:21'),(251,51,1,'2000-03-13 18:52:47'),(252,52,2,'2013-02-26 03:02:13'),(253,53,3,'2018-04-07 09:23:28'),(254,54,4,'1972-10-27 18:07:30'),(255,55,5,'2018-07-05 00:09:31'),(256,56,6,'2013-12-21 14:42:52'),(257,57,7,'2015-08-30 06:13:25'),(258,58,8,'1986-08-29 00:26:11'),(259,59,9,'1995-01-28 18:08:53'),(260,60,10,'2007-02-04 07:41:52'),(261,61,11,'1978-03-24 18:26:00'),(262,62,12,'1984-12-18 13:25:23'),(263,63,13,'2015-01-07 21:14:36'),(264,64,14,'2020-05-09 01:57:40'),(265,65,15,'2017-05-20 21:08:40'),(266,66,16,'2011-02-27 20:47:18'),(267,67,17,'2000-07-20 12:50:26'),(268,68,18,'1994-09-04 06:27:57'),(269,69,19,'1994-11-20 01:52:34'),(270,70,20,'2007-09-15 18:06:05'),(271,71,21,'1979-03-25 18:21:55'),(272,72,22,'2013-10-17 05:26:23'),(273,73,23,'1970-03-17 06:11:43'),(274,74,24,'1995-07-14 08:01:11'),(275,75,25,'1999-11-16 21:21:12'),(276,76,26,'2021-07-24 23:04:55'),(277,77,27,'2003-04-14 02:12:41'),(278,78,28,'1992-09-01 23:36:46'),(279,79,29,'2020-07-10 16:33:09'),(280,80,30,'2012-12-11 02:41:38'),(281,81,31,'2020-04-26 19:12:16'),(282,82,32,'1980-11-20 11:29:20'),(283,83,33,'1986-09-07 20:33:41'),(284,84,34,'1986-04-01 08:40:49'),(285,85,35,'1999-06-20 13:20:32'),(286,86,36,'1970-04-24 06:54:52'),(287,87,37,'1976-01-06 17:36:03'),(288,88,38,'1993-02-06 04:43:35'),(289,89,39,'2011-01-02 21:27:27'),(290,90,40,'1998-04-24 06:04:43'),(291,91,41,'1989-08-02 21:11:23'),(292,92,42,'1998-07-03 07:52:32'),(293,93,43,'1996-05-04 01:55:31'),(294,94,44,'1981-08-17 05:22:37'),(295,95,45,'1995-06-13 00:58:55'),(296,96,46,'1990-08-13 22:25:31'),(297,97,47,'1983-08-18 16:16:49'),(298,98,48,'2013-05-02 00:58:55'),(299,99,49,'1997-04-03 11:12:56'),(300,100,50,'1976-12-03 14:40:12'),(301,1,51,'2019-03-15 20:03:31'),(302,2,52,'1974-10-10 14:22:55'),(303,3,53,'1991-01-15 13:59:40'),(304,4,54,'1991-10-14 05:00:57'),(305,5,55,'2020-07-02 05:23:59'),(306,6,56,'2006-11-15 21:03:41'),(307,7,57,'2012-06-19 20:18:18'),(308,8,58,'1987-01-29 20:01:39'),(309,9,59,'2008-06-10 18:48:42'),(310,10,60,'1996-10-21 22:32:54'),(311,11,61,'1990-07-09 00:50:18'),(312,12,62,'2020-01-17 13:30:54'),(313,13,63,'1989-12-22 21:58:20'),(314,14,64,'1989-02-27 16:52:47'),(315,15,65,'1982-08-18 06:52:58'),(316,16,66,'2017-12-15 22:16:49'),(317,17,67,'2018-05-31 07:51:24'),(318,18,68,'1987-06-08 07:02:30'),(319,19,69,'1985-07-27 20:07:13'),(320,20,70,'2011-07-28 21:03:06'),(321,21,71,'2006-12-28 09:09:34'),(322,22,72,'2006-03-22 19:11:23'),(323,23,73,'1982-12-29 12:36:06'),(324,24,74,'1995-05-23 00:39:29'),(325,25,75,'1978-11-13 07:52:23'),(326,26,76,'2017-02-15 11:12:00'),(327,27,77,'2003-10-13 13:39:38'),(328,28,78,'2009-08-28 07:03:28'),(329,29,79,'1985-09-30 16:30:16'),(330,30,80,'1979-07-06 23:21:26'),(331,31,81,'2018-02-06 09:31:02'),(332,32,82,'2005-10-24 13:46:40'),(333,33,83,'2013-05-04 21:19:22'),(334,34,84,'1986-08-01 14:22:37'),(335,35,85,'2004-05-27 00:02:26'),(336,36,86,'2019-04-10 15:01:12'),(337,37,87,'1972-10-06 23:04:28'),(338,38,88,'2008-02-19 18:57:44'),(339,39,89,'2016-10-17 01:50:38'),(340,40,90,'1975-02-25 22:04:00'),(341,41,91,'1970-04-26 14:55:52'),(342,42,92,'1998-10-18 13:18:14'),(343,43,93,'2019-05-28 13:28:40'),(344,44,94,'1976-02-13 12:02:06'),(345,45,95,'2010-03-06 09:19:11'),(346,46,96,'2016-07-16 16:43:54'),(347,47,97,'2013-02-24 02:17:07'),(348,48,98,'1993-10-13 05:12:26'),(349,49,99,'2000-12-07 02:57:20'),(350,50,100,'1977-02-22 16:45:55'),(351,51,101,'1994-08-24 21:34:27'),(352,52,102,'1975-09-21 16:59:19'),(353,53,103,'1993-08-29 12:57:01'),(354,54,104,'2003-04-13 02:20:55'),(355,55,105,'2020-11-02 03:16:22'),(356,56,106,'1971-07-06 09:07:17'),(357,57,107,'1977-08-15 21:56:16'),(358,58,108,'2005-04-01 06:02:26'),(359,59,109,'2010-07-17 03:55:46'),(360,60,110,'2002-11-24 06:46:51'),(361,61,111,'1973-08-26 07:12:13'),(362,62,112,'2008-09-13 03:30:43'),(363,63,113,'1980-08-06 23:55:58'),(364,64,114,'1992-07-25 03:29:29'),(365,65,115,'1986-12-21 03:33:52'),(366,66,116,'1971-04-17 06:51:42'),(367,67,117,'1986-09-16 00:14:42'),(368,68,118,'2019-12-18 18:23:05'),(369,69,119,'2004-05-19 16:03:11'),(370,70,120,'1993-06-13 21:14:12'),(371,71,121,'1991-05-22 01:54:05'),(372,72,122,'1974-10-27 07:43:34'),(373,73,123,'2005-01-03 03:31:21'),(374,74,124,'2016-06-19 02:05:54'),(375,75,125,'2009-12-21 12:31:48'),(376,76,126,'1984-10-03 05:10:48'),(377,77,127,'2005-06-17 20:51:47'),(378,78,128,'1993-06-14 07:23:28'),(379,79,129,'2019-08-13 12:25:37'),(380,80,130,'2014-08-04 20:58:00'),(381,81,131,'2005-04-18 21:22:10'),(382,82,132,'1995-11-30 04:42:48'),(383,83,133,'1973-08-18 05:25:30'),(384,84,134,'2014-02-13 09:01:41'),(385,85,135,'1977-09-29 12:17:30'),(386,86,136,'2017-11-18 04:44:14'),(387,87,137,'1999-08-10 02:32:26'),(388,88,138,'1989-12-02 19:42:29'),(389,89,139,'1976-06-16 23:17:09'),(390,90,140,'1970-11-18 00:56:09'),(391,91,141,'1977-01-31 03:59:23'),(392,92,142,'2015-12-05 19:34:18'),(393,93,143,'1993-08-02 20:52:35'),(394,94,144,'1989-04-09 17:10:46'),(395,95,145,'1988-09-06 21:57:09'),(396,96,146,'1991-02-12 13:47:35'),(397,97,147,'2004-08-13 17:20:32'),(398,98,148,'2021-04-01 01:42:01'),(399,99,149,'1984-01-10 19:05:15'),(400,100,150,'2007-07-06 00:04:15');
/*!40000 ALTER TABLE `likes` ENABLE KEYS */;
UNLOCK TABLES;

--
-- Table structure for table `media`
--

DROP TABLE IF EXISTS `media`;
/*!40101 SET @saved_cs_client     = @@character_set_client */;
/*!40101 SET character_set_client = utf8 */;
CREATE TABLE `media` (
  `id` bigint(20) unsigned NOT NULL AUTO_INCREMENT,
  `media_type_id` bigint(20) unsigned NOT NULL,
  `user_id` bigint(20) unsigned NOT NULL,
  `body` text COLLATE utf8mb4_unicode_ci DEFAULT NULL,
  `filename` varchar(255) COLLATE utf8mb4_unicode_ci DEFAULT NULL,
  `size` int(11) DEFAULT NULL,
  `metadata` longtext CHARACTER SET utf8mb4 COLLATE utf8mb4_bin DEFAULT NULL CHECK (json_valid(`metadata`)),
  `created_at` datetime DEFAULT current_timestamp(),
  `updated_at` datetime DEFAULT NULL ON UPDATE current_timestamp(),
  UNIQUE KEY `id` (`id`),
  KEY `user_id` (`user_id`),
  KEY `media_type_id` (`media_type_id`),
  CONSTRAINT `media_ibfk_1` FOREIGN KEY (`user_id`) REFERENCES `users` (`id`),
  CONSTRAINT `media_ibfk_2` FOREIGN KEY (`media_type_id`) REFERENCES `media_types` (`id`)
) ENGINE=InnoDB AUTO_INCREMENT=251 DEFAULT CHARSET=utf8mb4 COLLATE=utf8mb4_unicode_ci;
/*!40101 SET character_set_client = @saved_cs_client */;

--
-- Dumping data for table `media`
--

LOCK TABLES `media` WRITE;
/*!40000 ALTER TABLE `media` DISABLE KEYS */;
INSERT INTO `media` VALUES (1,1,1,'Officia modi minus saepe quasi sed. Odit nihil sed iste officia earum quis. Dolores praesentium et quae ut.','et',6983913,NULL,'1990-01-31 03:11:26','2016-06-24 09:27:02'),(2,2,2,'Commodi laboriosam rerum repellendus perspiciatis. Amet dolore ex consequatur et voluptas omnis. Quasi aut sit eius aspernatur est dolore sapiente.','enim',61262,NULL,'1977-08-07 21:14:17','2004-06-16 06:34:07'),(3,3,3,'Nihil eveniet consectetur qui ea exercitationem libero. Impedit consequatur aut porro commodi est fuga. Dolor consequatur molestiae cumque necessitatibus qui. In a rerum est minus.','sed',63700097,NULL,'2007-12-25 19:08:27','2017-12-01 12:22:31'),(4,4,4,'Sit iusto sint consequatur. Ut reiciendis hic et et voluptatem. Sed et dignissimos beatae et totam tempora rerum necessitatibus.','dicta',58,NULL,'1970-02-17 02:21:15','1972-03-27 19:48:46'),(5,5,5,'Voluptatem maiores voluptas corrupti eos aut numquam ullam unde. Dolores suscipit consequatur sequi quibusdam tempora. Esse eum maxime vero quibusdam cupiditate dolorem. Voluptates voluptate est at soluta nostrum dolore. Velit ea placeat aspernatur harum et mollitia.','unde',262623,NULL,'2013-03-12 05:39:24','1996-05-22 09:02:56'),(6,6,6,'Sit aut et voluptatem facilis aut quibusdam. Omnis odio quo culpa nesciunt. Et sit et quidem. Enim sed ducimus expedita suscipit sint et ut.','suscipit',1967831,NULL,'1971-11-07 13:53:04','1987-07-25 08:58:40'),(7,7,7,'Qui quia quod consequatur quo. Aut accusantium dolore illum quod et ut. Ipsum nobis iusto repellendus delectus.','rem',24806452,NULL,'2021-07-31 17:18:46','1980-05-12 19:55:45'),(8,8,8,'Quis sequi omnis voluptas deserunt quia. Incidunt numquam magnam veritatis ullam veniam est. Dolorum veniam repudiandae quibusdam quas et molestiae ducimus.','quae',8,NULL,'1994-09-19 23:49:39','2007-10-09 05:00:02'),(9,9,9,'Explicabo voluptatibus qui facere dolorum voluptatibus error. Facilis dicta dolorem minima iure officiis ipsa perspiciatis ut. Dolore omnis dignissimos eos aut eum aut dolores praesentium. Quo qui natus quis ea vero.','et',8,NULL,'2004-05-03 23:02:20','1985-10-09 20:12:37'),(10,10,10,'Alias sint sed nobis fuga quasi omnis provident. Amet quos incidunt ut quis quia qui nemo. Voluptatibus et et fuga est fugiat et. Corrupti non eius qui sunt ea quam omnis qui.','dolore',0,NULL,'2016-06-26 20:16:09','2010-12-08 22:51:17'),(11,1,11,'Eos dolorem ullam ut eum eligendi nobis. Quae facere molestiae voluptas nihil atque. Culpa libero ut optio molestias fugit. Voluptatibus possimus atque animi sint aut sint quis.','odit',3,NULL,'2001-07-22 06:01:26','1981-07-12 10:09:54'),(12,2,12,'Necessitatibus accusantium debitis molestiae autem tempora ut ipsam. Reiciendis non quia dicta nam. Aliquam nostrum qui unde architecto sapiente.','dicta',1,NULL,'1970-04-20 21:02:48','1988-03-29 18:52:08'),(13,3,13,'Possimus saepe laudantium dicta et sit. Illum enim ut ut ipsum aut. Laudantium in eos maiores ducimus voluptatem provident et distinctio. Vel illum aut beatae explicabo sint vitae tempora.','eius',6707769,NULL,'2009-10-07 21:08:34','1975-04-18 23:34:06'),(14,4,14,'Sapiente placeat et adipisci. Explicabo illum consectetur et ad doloremque iure autem. Impedit illum quos vel et et tenetur iusto. Quia molestiae quos et molestiae consequatur et error.','qui',4,NULL,'2010-12-19 11:15:50','1997-12-03 22:03:31'),(15,5,15,'Dolore et sit sed magnam enim consectetur. Dolorum recusandae officiis dicta consequatur atque corporis nam. Vel delectus enim sint esse. Omnis id sunt dicta hic at dolor. Quo voluptas dolores asperiores nemo quo quibusdam.','dolores',5,NULL,'2011-09-12 01:16:18','1984-07-29 06:40:54'),(16,6,16,'Fugit incidunt quia omnis dolorum. Explicabo qui dolor animi. Delectus excepturi ipsum maiores. Voluptatum veniam mollitia quo reprehenderit placeat.','facilis',55694,NULL,'1997-07-04 01:07:06','2004-10-31 06:39:46'),(17,7,17,'Eum aliquid non optio voluptates ea veniam. Esse voluptatum quibusdam maxime repudiandae. Aspernatur aut quam in rerum dolores.','hic',247949912,NULL,'2020-04-08 14:09:27','1991-06-30 08:32:03'),(18,8,18,'Quidem est rerum excepturi sed debitis quo non. Laborum debitis quis in quidem inventore. Et nam a voluptatum et dolores aspernatur voluptates.','architecto',96622,NULL,'1984-09-11 10:10:29','1981-05-10 00:30:25'),(19,9,19,'Expedita quidem ut perspiciatis rerum nulla ducimus. Dolorem aut non quisquam et omnis non voluptatem. Atque sed cupiditate libero. Numquam et alias id neque.','molestias',576177223,NULL,'1996-12-13 18:28:37','1974-05-18 12:27:30'),(20,10,20,'Officia quam illum id. Quam officia a molestiae adipisci. Possimus qui doloremque nisi assumenda ut tempora. Provident nobis aut et qui facere autem.','qui',543,NULL,'1990-06-07 21:07:28','2003-11-05 17:27:46'),(21,1,21,'Minus natus repellat culpa minus. Ea quibusdam nihil et. Officia et quidem dolores necessitatibus ex. Nihil aut itaque facere non sint vero vel. Nemo eligendi excepturi deserunt voluptatibus.','occaecati',216712758,NULL,'1974-02-24 16:25:20','2009-02-20 00:30:25'),(22,2,22,'Sit voluptates perferendis veritatis ea nihil. Natus voluptas neque sint voluptas. Iure et beatae perspiciatis iure similique. Voluptas expedita dolor omnis magnam.','officia',0,NULL,'2001-03-18 23:49:03','1995-03-25 21:20:59'),(23,3,23,'Sit consectetur in pariatur provident. Ut velit id et quo et ducimus et.','quia',51,NULL,'1974-10-27 03:18:48','1977-05-04 11:05:14'),(24,4,24,'Corporis voluptatem accusantium sit nostrum accusantium nisi modi veritatis. Ipsa modi et error tempora fugiat numquam. Nihil quia et saepe laborum. Sunt iure vero sed modi.','numquam',442167,NULL,'2016-01-27 23:32:01','2017-03-18 02:25:21'),(25,5,25,'Aperiam corporis et tempore voluptates doloremque. Laboriosam occaecati non consequatur accusamus alias laboriosam unde. Rerum error quisquam minima error et.','nemo',67,NULL,'1994-09-19 03:22:48','2013-05-05 01:33:36'),(26,6,26,'Sapiente dolorem illo facilis deleniti non. Magni dolores fugit minima repellat aut. Qui debitis iure omnis rerum.','veniam',89,NULL,'1987-12-17 09:52:22','1995-04-17 21:17:31'),(27,7,27,'Reiciendis quidem est suscipit quas facere. Quia accusamus accusamus ipsam ipsum vel eveniet natus. Eveniet est dicta quasi ratione. Praesentium dignissimos nostrum sed molestias.','fugit',413796,NULL,'1995-05-06 15:08:45','1998-02-05 12:02:06'),(28,8,28,'Est cumque a ea dolor. Quo voluptatum expedita voluptatem alias magnam unde. Laboriosam quod fugiat et et vero.','saepe',8471,NULL,'2000-12-22 07:09:44','2005-05-14 11:35:10'),(29,9,29,'Delectus repellat similique perspiciatis dolor. Iusto quis enim consectetur qui quas. Libero velit aliquid vel dolores tenetur debitis voluptatum.','quia',37026622,NULL,'1976-10-23 04:11:57','1986-01-07 21:48:15'),(30,10,30,'Hic quasi sunt et temporibus est est fugit. Sapiente perspiciatis dolore enim culpa sit minima. Animi ducimus quas et et ut. Et cum magnam cumque assumenda quae officia.','quia',707735,NULL,'1996-11-28 16:36:51','2010-04-14 11:43:49'),(31,1,31,'Dicta voluptates animi ullam ut eum aut facere. Enim ipsum et sit magni facere natus est. Architecto aut aliquam sed occaecati dignissimos adipisci consequuntur quis. Est delectus ut et repudiandae.','et',38093258,NULL,'1992-06-27 16:08:46','1996-04-26 20:46:14'),(32,2,32,'Distinctio unde ab id tempore. Consequatur soluta unde quo numquam quidem. Molestiae et fugiat odio dignissimos provident perspiciatis.','sed',231,NULL,'2009-01-25 17:41:53','1978-01-29 23:09:07'),(33,3,33,'Velit fuga minima et occaecati inventore. Quis id consequatur velit qui fugiat velit in. Mollitia ut ducimus modi enim.','delectus',4,NULL,'1986-09-15 02:48:18','2013-11-01 01:46:54'),(34,4,34,'Qui eos fugiat iure omnis provident mollitia qui. Nobis aut nihil et possimus dolor accusantium. Quidem neque itaque dolores expedita cum optio.','omnis',9868,NULL,'1998-03-16 13:08:10','2008-01-29 15:38:53'),(35,5,35,'Delectus distinctio iusto quo tempora voluptatibus voluptas. Perferendis itaque quibusdam veritatis voluptatem ad officiis. Aperiam magnam laudantium debitis nesciunt.','nihil',42,NULL,'1975-06-15 02:24:14','1991-11-23 10:57:28'),(36,6,36,'In id corrupti illo qui ea accusantium. Nihil rerum quia sequi omnis est. Reiciendis illum molestiae dolorum praesentium perspiciatis consectetur dolorem. Explicabo nisi id vero natus nostrum corporis et. Delectus quasi fugit labore earum minus autem.','sint',320,NULL,'1976-06-04 05:48:29','2004-05-19 15:12:34'),(37,7,37,'Id fugiat quisquam quae non ipsam veniam et. Consectetur eveniet nihil enim cumque dolor expedita voluptates.','vel',8170222,NULL,'1998-08-30 23:48:03','1976-04-29 06:24:33'),(38,8,38,'Voluptatem animi eaque impedit numquam. Consequatur sit molestias quidem sed ea nulla aliquam. Fugit sit et illo ratione ut molestias.','modi',44038752,NULL,'1989-09-03 00:59:56','2018-02-22 11:45:19'),(39,9,39,'Impedit sit reprehenderit eius illum. Saepe officiis amet rerum maxime molestiae sit. Ut repudiandae deserunt ratione.','aut',5566565,NULL,'1973-01-26 16:08:30','2019-04-20 02:52:54'),(40,10,40,'Repellat commodi dicta eveniet vel. Itaque officiis magni dolorem deleniti possimus voluptate et quasi. Sed sint architecto id in. Fugit doloremque tempora sint maxime aspernatur laudantium et.','quaerat',7422,NULL,'2002-09-04 15:36:55','2006-05-21 16:19:22'),(41,1,41,'Quasi laudantium reprehenderit et. Veritatis neque blanditiis voluptatem quidem. Molestiae est quidem sed rerum quae quos esse.','sint',0,NULL,'2000-08-04 15:58:27','1979-05-31 16:41:49'),(42,2,42,'Ut ut quos odit animi provident enim sit. Perspiciatis et omnis ratione ea saepe saepe voluptatem commodi. Facilis consequatur repudiandae magnam. Quo modi cumque eum est qui voluptas non. Voluptatum dolores ducimus nulla eos.','ad',412872,NULL,'2005-09-30 14:19:41','2015-07-17 22:57:49'),(43,3,43,'Nemo dolorem fugiat cumque quia. Vero omnis dolor necessitatibus ratione architecto dignissimos sunt. Assumenda voluptatem id eos.','nobis',843,NULL,'2008-10-29 18:50:02','2000-12-16 07:17:54'),(44,4,44,'Rem vel consequatur vitae. Consequatur exercitationem nostrum dolorem quia. Magni et explicabo earum aspernatur deserunt. Eos assumenda quae non maxime qui.','officiis',2691,NULL,'1982-07-09 20:49:20','2007-02-14 00:59:10'),(45,5,45,'Ut nihil quam at sed. Officia eum et vel ut. Quidem rerum nostrum dolore necessitatibus molestiae voluptas. Libero nam reiciendis neque dolor quos. Quisquam eos non error est ut molestiae.','ea',573,NULL,'1999-12-09 15:32:30','1983-10-22 17:47:12'),(46,6,46,'Minus expedita voluptas occaecati voluptatem. Et est quod possimus veniam quibusdam omnis. Atque porro asperiores ut fuga nisi et. Aut minus inventore qui. Aut sit qui nobis recusandae.','officiis',2,NULL,'1993-12-08 05:03:55','1994-06-25 23:30:51'),(47,7,47,'Mollitia deserunt recusandae temporibus tempore. Voluptatem et natus architecto perferendis ex necessitatibus aut. Eum occaecati voluptate id expedita. Rem quia accusantium et.','asperiores',25825028,NULL,'2009-05-25 03:40:01','1986-06-08 15:44:49'),(48,8,48,'In quam aliquid eum molestiae. Iusto minima labore exercitationem.','molestiae',85752721,NULL,'1983-11-15 12:10:04','1987-04-25 01:33:33'),(49,9,49,'Reprehenderit accusamus iusto harum. Est porro in qui quia molestiae nostrum voluptatem sequi. Iste ratione aut alias necessitatibus. Laudantium et pariatur voluptatem nobis a a aspernatur.','occaecati',3463,NULL,'1992-08-18 21:08:23','1979-06-09 02:55:26'),(50,10,50,'Accusamus necessitatibus quis tempora. Quasi cumque ratione eos amet sint.','qui',8,NULL,'2013-10-29 20:08:53','1976-07-11 06:32:40'),(51,1,51,'Et reprehenderit ut error et voluptatum similique voluptates. Maiores nisi et voluptas dolorem.','veniam',8,NULL,'1973-09-26 15:05:49','1976-07-17 23:50:58'),(52,2,52,'Ex aut saepe modi ex. Officia vitae facere deserunt eius. Eum cumque quidem nisi sapiente et inventore. Ex doloremque ut ipsa ut atque.','similique',19536232,NULL,'2016-03-05 21:22:09','1973-12-17 08:04:51'),(53,3,53,'Error architecto quis sapiente hic necessitatibus. Itaque est rerum sit dolores.','iusto',76,NULL,'2007-01-04 22:06:34','1984-11-20 01:22:36'),(54,4,54,'Quis ea quibusdam ipsam ut unde. Ipsa iusto quo in eaque. Quas officia explicabo ea vel est.','nihil',0,NULL,'2002-10-31 23:40:43','1971-03-19 08:12:47'),(55,5,55,'Quas quia qui minus pariatur ex et sed. In voluptates nostrum sit maxime velit molestias qui. Et alias eligendi dolores sed.','provident',277229,NULL,'1985-09-06 00:09:17','2005-01-15 10:57:44'),(56,6,56,'Nam qui quibusdam fugiat repudiandae qui sed ea. Voluptas magni qui distinctio omnis iure dolorem consequuntur. Enim suscipit occaecati sint corporis.','ut',1273,NULL,'1985-09-14 02:29:16','2016-03-30 13:05:09'),(57,7,57,'Cum nobis voluptatem non et. Consequuntur aut perferendis quia cumque quia autem. Sunt quos molestiae nostrum quisquam ipsam repellat.','repellat',397927,NULL,'1999-11-03 14:54:18','2006-01-11 16:33:18'),(58,8,58,'Assumenda excepturi aut aliquid. Sint magni libero sapiente et nihil dolorem. Nostrum quis dolore repellat odit dolore sint. Tempore est dignissimos aut cum quas deleniti tenetur.','sunt',4,NULL,'1979-05-23 14:10:56','1992-11-06 20:26:00'),(59,9,59,'Asperiores tempore similique voluptatum. Quod ut adipisci fuga architecto perferendis et dolor. Esse dolor voluptatem quasi assumenda deserunt sed labore qui. Sit iste debitis sit quo voluptatem.','explicabo',524994469,NULL,'1995-01-10 07:03:17','2021-04-01 07:10:22'),(60,10,60,'Voluptates sit aliquid et quo quos quia perferendis. Corrupti accusantium culpa reprehenderit soluta totam. Mollitia dignissimos facere quasi quidem vel quibusdam eaque.','consectetur',9034,NULL,'1979-03-24 06:40:43','1995-03-26 07:24:52'),(61,1,61,'Laborum aliquam rem dicta eaque. A aut magni consequatur dolorem molestias alias.','cumque',47,NULL,'1997-05-27 23:02:37','2013-05-10 12:59:56'),(62,2,62,'Aliquam incidunt a blanditiis culpa. Ipsum velit expedita optio. Aliquam vel dolor voluptatem dolores alias iste. Cupiditate velit aperiam voluptates.','esse',407635,NULL,'1974-10-25 22:24:49','2010-10-22 22:13:36'),(63,3,63,'Ut consectetur est ratione aspernatur. Ut facere vel ullam quam ea et. Sint omnis sit aut ut non.','totam',9983450,NULL,'2014-08-25 06:16:24','1983-06-10 08:16:00'),(64,4,64,'Velit magni sunt ut dicta ipsam eos at ducimus. Voluptatem praesentium praesentium maxime voluptas. Omnis dolorum iste sed possimus eos omnis.','id',293814454,NULL,'2005-10-31 09:55:03','1987-12-29 02:52:10'),(65,5,65,'Et harum dicta voluptas qui dolore pariatur debitis. Deleniti aperiam illum voluptates quos earum dolorem asperiores. Aut voluptatem beatae magni quae accusamus et nemo velit.','eum',568,NULL,'2005-06-07 16:32:48','1995-04-29 03:55:06'),(66,6,66,'Quo et commodi est error aspernatur ea. Omnis iste omnis a et eligendi. Dolores a dolor dicta et optio.','nesciunt',28792281,NULL,'1979-05-26 17:54:34','1977-02-08 14:18:45'),(67,7,67,'Voluptatem quis quia perferendis quis sunt est. Et saepe similique perspiciatis exercitationem a quia possimus. Sint ipsum ea mollitia consequatur ut ullam. Omnis molestias qui quia laudantium et dignissimos quia aut.','voluptatum',39,NULL,'2012-12-21 12:42:44','2002-09-02 17:53:09'),(68,8,68,'Itaque tenetur reiciendis saepe. Vel quia tenetur et ipsam. Vel consequatur consequatur voluptate.','sapiente',90,NULL,'1984-12-05 09:57:01','1992-02-06 16:02:37'),(69,9,69,'Qui reiciendis est cumque. Totam veritatis libero veniam. Accusantium sit qui eum. Officiis odit voluptatem itaque qui saepe eaque atque.','earum',907,NULL,'1982-04-24 12:05:31','1995-01-07 04:08:46'),(70,10,70,'Ut et voluptatem ea. Architecto odio exercitationem voluptatibus iste. Doloribus omnis eos assumenda explicabo eum beatae. Aut unde et saepe et.','dolor',2,NULL,'1988-12-17 12:21:44','1987-03-13 18:37:12'),(71,1,71,'Ducimus ipsam temporibus occaecati explicabo in ut. Iusto magni soluta animi explicabo. Rerum voluptates in sint maxime consequatur veniam qui. Est quia qui autem ut est magni.','et',0,NULL,'1980-05-13 18:10:09','1971-06-14 23:18:56'),(72,2,72,'Voluptas esse impedit a repellat. Aut et quas aspernatur aspernatur dolores dolores. Et quia asperiores odit perspiciatis at. Eum corporis quisquam ipsum sed velit perspiciatis iste. Iste eveniet velit sed.','sit',0,NULL,'1989-05-15 03:44:03','2020-05-05 17:46:31'),(73,3,73,'Qui dolore et a est ullam non consectetur. Voluptatem voluptas omnis necessitatibus ducimus qui eum ut. Pariatur est exercitationem repudiandae aut quis non officiis voluptatem. Ratione placeat earum dolore vel facere et.','eveniet',2815871,NULL,'2020-01-25 22:35:58','2005-01-06 21:56:23'),(74,4,74,'Cum sint ad mollitia non veritatis. Eius quae eos laboriosam dignissimos ut et consequatur corporis. Et est ad eius officia debitis.','aliquid',868702913,NULL,'1991-05-31 22:03:32','2006-11-04 10:41:18'),(75,5,75,'Repudiandae sit praesentium quod adipisci. Aliquam libero debitis aut et dolor aliquid.','omnis',7366943,NULL,'1991-10-26 23:56:35','1998-06-20 20:01:39'),(76,6,76,'Aut optio enim voluptas quos qui aut quo. Odit quis et non adipisci dolores sit provident. Voluptas officiis voluptas molestias cupiditate quis natus. Assumenda dolor et molestiae consequatur et vel.','dolores',27,NULL,'2020-05-23 04:12:43','1979-12-23 08:56:00'),(77,7,77,'Aut explicabo placeat consequatur nesciunt. Necessitatibus eum aspernatur doloremque quia consequatur. Assumenda et impedit qui.','illum',6339081,NULL,'2010-06-20 09:56:40','1978-01-09 14:45:05'),(78,8,78,'Nihil tenetur et soluta tenetur. Ut perspiciatis consequuntur laboriosam. Ut qui quo consequatur quis. Eligendi quisquam nihil ut ut in.','aut',984,NULL,'2010-09-25 23:40:31','2014-11-25 15:10:23'),(79,9,79,'Impedit quia labore quo nobis. Doloremque iure nam aliquid aut laboriosam ipsa. Sint sint modi sint asperiores rerum reprehenderit natus. Repellendus officiis impedit vero non molestiae nisi.','distinctio',348,NULL,'1971-08-23 21:18:08','1973-02-23 03:56:46'),(80,10,80,'Et aut qui eveniet commodi ipsa. Accusantium rerum voluptatem vel nobis ut dolor. Veniam eius a est velit.','ratione',76,NULL,'1983-09-25 00:49:45','1996-09-16 23:48:07'),(81,1,81,'Aperiam omnis corrupti dolores a et occaecati. Accusantium ut enim ut.','fugiat',663,NULL,'1987-09-05 23:28:13','1971-11-30 13:47:22'),(82,2,82,'Minus eum sit quod doloremque sint. Qui soluta aut quia similique est temporibus provident.','id',0,NULL,'2012-01-02 02:19:26','2008-08-28 03:01:37'),(83,3,83,'Nobis sed tenetur et et sunt nulla similique illum. Quos qui nam mollitia. Deserunt minima voluptas molestiae aspernatur et.','qui',0,NULL,'1999-12-21 01:11:41','1983-02-14 12:49:04'),(84,4,84,'Voluptatem voluptas laudantium pariatur et hic in eligendi. Non nobis ut quam et hic. Deserunt officiis reiciendis rem et nihil. Temporibus sit illo molestias ea at repellat. Doloremque nesciunt culpa neque non.','quae',170509321,NULL,'2020-02-19 11:31:04','2020-12-08 12:40:11'),(85,5,85,'Labore qui recusandae consectetur qui. Velit sit quas in dicta.','recusandae',0,NULL,'2014-09-26 02:22:33','2015-05-25 02:03:25'),(86,6,86,'Eligendi tenetur deleniti maxime modi. Quo eum eos soluta. Sapiente dolore repudiandae reprehenderit rem.','qui',322922,NULL,'1974-12-17 23:08:05','1978-03-14 14:37:15'),(87,7,87,'Quia a debitis praesentium alias deleniti suscipit quo. Provident excepturi praesentium labore vel. Dolorum dolorem et cumque voluptates minima temporibus. Dolor ut quia quasi architecto dolore adipisci repellendus. Laboriosam quis aut nulla architecto maxime eum.','recusandae',556299997,NULL,'2004-05-07 13:58:52','1999-11-26 09:07:26'),(88,8,88,'Ut deleniti quaerat in aut. Necessitatibus et voluptatum at minus molestiae.','sint',0,NULL,'1984-02-13 14:59:58','1972-02-21 21:51:49'),(89,9,89,'Molestiae sit culpa architecto omnis quaerat voluptates inventore. Officia aut esse maiores tempore. Alias aut est laboriosam consequatur. Dolorem odio suscipit tempore sed qui ab. Odio in a eaque nobis voluptatem.','itaque',7996,NULL,'2014-08-18 11:04:00','1988-02-08 17:09:52'),(90,10,90,'Necessitatibus perspiciatis veniam sit distinctio. Vero facere libero eum voluptas ut. Ut tempora sed omnis omnis ullam optio impedit ea.','harum',97269421,NULL,'1979-03-27 14:51:16','1978-02-24 15:15:13'),(91,1,91,'Pariatur dolores aut veritatis aliquam ipsum adipisci ipsum. Nostrum vel magnam dolorem vero laborum rem reprehenderit dicta. Dolorum et dignissimos quas facere dignissimos itaque. Aliquid in facilis occaecati eius tempore.','mollitia',4,NULL,'1979-06-26 01:12:24','1974-11-26 09:35:11'),(92,2,92,'Est aliquid ducimus est aspernatur dolore quasi. Eum deserunt omnis sed molestiae.','dolor',1,NULL,'1978-09-28 21:08:40','2003-11-14 04:33:32'),(93,3,93,'Amet qui aspernatur blanditiis illum recusandae quibusdam tenetur. Autem necessitatibus qui qui explicabo magnam et necessitatibus. Voluptas autem ad et eum. Ut magni quos non modi aliquam. A occaecati voluptates laboriosam maiores est ratione.','laborum',535,NULL,'1999-01-17 22:36:36','1981-03-17 15:49:08'),(94,4,94,'Aspernatur quisquam et sunt perspiciatis molestias fugit dolore ipsa. Consequatur officia aliquam accusamus et eius in. Quaerat nisi voluptate sit tempora.','tempore',6527058,NULL,'2018-10-20 13:52:26','2015-11-01 07:33:01'),(95,5,95,'Voluptatem in et molestiae. Qui saepe debitis eaque provident sed occaecati. Eveniet impedit aperiam est est omnis asperiores.','nam',599,NULL,'1984-01-23 01:19:23','2008-11-29 22:59:19'),(96,6,96,'Officia accusantium ut odio placeat. Hic reprehenderit nihil ratione accusamus est ipsa et. Consequatur odio doloribus et et quia et. Quis autem rerum ex fuga molestiae accusamus.','nulla',245724948,NULL,'1972-07-02 20:33:52','1981-08-30 04:14:59'),(97,7,97,'Veniam neque tempora vel sunt. Consequatur velit cumque et exercitationem aspernatur vitae laudantium. Ut expedita nobis velit nemo expedita dolorem. Nulla et tempora cum aut dignissimos.','dolores',79809676,NULL,'1976-05-19 03:28:08','1982-03-29 16:25:44'),(98,8,98,'Minus reprehenderit culpa eum assumenda perferendis. Explicabo voluptas alias tempore quia velit. Nisi nemo sed laboriosam culpa facere non. Saepe itaque maxime aut. Ex tenetur voluptate odit quos.','officiis',196,NULL,'2011-03-07 01:33:30','1981-10-14 15:06:40'),(99,9,99,'Vero ut aut odit dolores. Rem quae blanditiis aperiam quos ut earum mollitia. Expedita fugit delectus et ea ut et qui et.','nihil',1,NULL,'2000-06-24 07:37:00','1976-08-22 10:15:45'),(100,10,100,'Qui adipisci et nesciunt deserunt. Cupiditate dolorem repellendus quia fugit explicabo. Dolorem dolore est tempora adipisci.','ab',859342,NULL,'2006-10-11 07:35:07','2004-11-01 18:09:40'),(101,1,1,'Consectetur quaerat culpa quidem aliquid. Nemo amet quibusdam id ut sit. Beatae et odit et autem ad atque repudiandae. Autem exercitationem consequatur aspernatur eligendi et qui vel impedit.','dolores',0,NULL,'1993-01-05 09:42:39','1997-09-24 02:10:45'),(102,2,2,'Molestias sit sint incidunt rem a aut voluptatem voluptatum. Autem unde provident sequi voluptas. Consequuntur totam enim rerum dolore unde. Atque illum soluta accusantium quia. Repudiandae voluptatem perspiciatis voluptates quisquam sit et et.','velit',7288818,NULL,'1980-12-22 19:27:59','1973-01-15 23:37:17'),(103,3,3,'Sed cupiditate qui explicabo nostrum. Odio eligendi suscipit nihil alias occaecati nostrum. Explicabo est quis vel nihil.','quidem',1256,NULL,'1997-09-13 12:07:45','2000-08-29 15:33:02'),(104,4,4,'Totam dignissimos minus excepturi nemo officiis accusamus impedit autem. Nesciunt eveniet sed magnam omnis. Harum sint id quia iste quod consectetur.','quibusdam',4258889,NULL,'1981-07-29 00:39:13','1992-04-12 04:49:39'),(105,5,5,'Est similique beatae quis corrupti ut. Quo odio et dicta sapiente iure corporis sed autem. Quis accusantium nostrum delectus veritatis inventore.','autem',2,NULL,'1987-12-30 03:24:38','1980-08-24 00:03:13'),(106,6,6,'Optio cupiditate magnam debitis. Tempore autem odio praesentium neque et laudantium. Rerum inventore consequuntur eius vel reiciendis voluptas et.','architecto',9,NULL,'2013-04-05 01:25:04','1984-05-15 22:59:33'),(107,7,7,'Molestias quis nam quisquam praesentium. Dolorem minima eius magni maxime quia voluptates. Sed alias commodi doloremque temporibus quod ut. Ducimus eos sed atque non provident velit eos.','rerum',0,NULL,'2018-12-31 19:04:52','1981-12-12 03:22:04'),(108,8,8,'Reprehenderit nisi quibusdam omnis porro nihil autem. Nobis quibusdam recusandae nostrum porro. Reiciendis libero tempora ratione exercitationem. Autem commodi id quas quasi. Commodi beatae ipsam minima rerum exercitationem.','temporibus',259,NULL,'2001-11-08 20:23:24','1976-01-09 11:57:41'),(109,9,9,'Eveniet eum quia ut. Culpa ut vero perspiciatis quis sequi. Reiciendis ducimus nihil dolore cupiditate laborum.','magni',16,NULL,'2015-12-05 21:34:18','2000-01-31 11:50:32'),(110,10,10,'Occaecati quia officia voluptatem fuga sint. Enim ratione ipsum eum id qui omnis qui. Dolor sed blanditiis mollitia nam ipsum. Aut corrupti fugiat corporis saepe eos occaecati repudiandae.','debitis',1415,NULL,'1974-02-03 11:15:38','1984-06-22 18:45:32'),(111,1,11,'Dolore consequatur hic cumque porro numquam qui. Omnis magnam beatae architecto autem vero. Omnis distinctio consequuntur et laborum rerum. Quasi molestiae tempora tempore occaecati et cumque enim quis.','mollitia',9406,NULL,'1971-03-22 11:20:18','2017-03-26 02:02:14'),(112,2,12,'Recusandae voluptate quia excepturi quia inventore ea. Ullam accusamus dolor sed molestias esse sed rerum. Quod harum est reiciendis debitis. Sed sint est et fugit earum.','odio',2748783,NULL,'1996-01-20 02:52:56','2005-06-12 22:35:19'),(113,3,13,'Ullam odio quia modi aut molestiae. Voluptates asperiores veritatis aliquid sint est tenetur tempora. Eius et voluptatem aperiam molestiae cum.','facere',57153530,NULL,'1985-05-12 13:25:25','2013-01-27 21:31:45'),(114,4,14,'Libero non provident quo ratione et quos tempore magni. Et maxime consequuntur perspiciatis dolor. Quod consequatur distinctio provident. Qui sit dolor atque voluptate hic quia.','at',9845,NULL,'2006-07-12 06:39:11','1985-12-07 15:30:48'),(115,5,15,'Non alias cumque non magni iste. Nesciunt vitae libero eius. Necessitatibus repellat velit asperiores optio autem voluptas. Est nulla sequi quidem ab.','reprehenderit',0,NULL,'1974-04-03 11:56:31','2015-03-13 00:16:17'),(116,6,16,'Aut praesentium ab atque. Ut ducimus dolor animi ut aut. Voluptatum voluptas dolorem corporis et aut. Natus molestias soluta eos quo laborum similique veritatis similique.','necessitatibus',569956554,NULL,'1989-04-10 10:12:13','2016-08-23 21:00:28'),(117,7,17,'Quia nihil recusandae a rerum quia magni. Voluptate vel quis aut molestiae eius dolor sed. Nihil recusandae commodi voluptatibus omnis est assumenda eos. Reiciendis ut similique alias minima dicta quisquam nobis.','nostrum',7,NULL,'2004-11-10 02:44:09','2007-07-13 15:53:47'),(118,8,18,'Quia qui eum ullam sed. Saepe in dolore inventore. Similique est tempore eum sequi.','consequuntur',78076244,NULL,'2000-04-24 03:31:32','2006-02-25 00:20:26'),(119,9,19,'Sunt voluptatem quo incidunt ab. Ratione omnis molestiae aliquid deleniti illo suscipit qui. Illo corrupti quia facere consectetur aut natus. Neque molestiae repudiandae quo temporibus omnis et magnam.','cum',9,NULL,'1982-02-23 22:08:27','2005-01-31 09:56:40'),(120,10,20,'Sint rerum alias qui cum veritatis vel temporibus. Omnis numquam maiores voluptas dolores vitae et asperiores. Magni explicabo explicabo accusamus quis.','consectetur',46,NULL,'1986-08-16 02:47:45','1984-08-10 13:53:07'),(121,1,21,'Voluptatem expedita omnis atque sit incidunt ut quam. Modi assumenda eveniet ullam. Pariatur asperiores sint est consequatur architecto. Perspiciatis voluptates ab est explicabo veniam. Mollitia vero repellat voluptas officiis tempore distinctio dignissimos eum.','atque',13640415,NULL,'1994-07-29 19:48:14','1983-04-22 00:39:45'),(122,2,22,'Aut et iure ab. Et ut eum tempora esse earum libero. Autem quae vel repudiandae soluta reiciendis. Tempora cum quia eum quae et.','facilis',3427449,NULL,'2007-03-28 17:57:28','2005-09-03 22:59:47'),(123,3,23,'Incidunt cumque commodi quae ut rerum quaerat. Odio accusamus debitis porro. Omnis dolorum nam et et. Quod quaerat neque tempore corporis.','minima',155430504,NULL,'1989-12-31 12:54:26','1981-08-10 20:55:39'),(124,4,24,'At repudiandae commodi ab corrupti quo provident itaque. Sed consectetur sint atque laudantium et qui nulla.','reiciendis',81114876,NULL,'2004-03-27 16:58:06','1979-07-19 13:49:10'),(125,5,25,'Nobis itaque cupiditate sunt eos odio a. Nisi accusantium et quia sit dolores. Aspernatur rerum blanditiis iusto consequatur molestiae.','optio',44724,NULL,'1973-04-03 16:21:35','2012-06-20 16:42:23'),(126,6,26,'Consequatur facilis aperiam ratione veniam. Iusto perspiciatis dolor voluptatem cum a. Nam autem voluptatem nobis distinctio dignissimos sapiente. Accusantium pariatur quaerat aut quis sit.','maiores',6064673,NULL,'1983-06-08 01:05:42','1981-09-23 03:55:47'),(127,7,27,'Est dolores nulla hic. Culpa dignissimos eos odio odit. Omnis iusto iste quaerat iusto. Et eos asperiores expedita maxime. Tenetur libero magnam et dicta eius.','hic',398,NULL,'2005-01-07 20:44:06','1999-08-18 11:58:07'),(128,8,28,'Perferendis debitis praesentium aut sed. Sint est est et doloremque. Cupiditate ea earum rerum.','sit',3019306,NULL,'2004-10-07 14:29:26','2019-05-28 18:05:01'),(129,9,29,'Nesciunt dolore cumque est quo vero ipsum. Excepturi adipisci natus labore eum. Ut quasi cum in illo.','in',0,NULL,'2007-04-09 11:00:58','1977-08-28 18:03:33'),(130,10,30,'Vitae voluptatum assumenda consequuntur sint modi ullam. Qui doloremque suscipit eius. Eos velit voluptatem deserunt quis. Ea qui aspernatur ducimus possimus consequatur sint.','facere',4167556,NULL,'2011-01-15 00:35:50','2002-11-28 22:02:05'),(131,1,31,'Cum neque totam tenetur illo quo. Nulla voluptatem ut iusto est distinctio reprehenderit. Rerum et aut nihil dolor repellat officia. Aut harum asperiores eos et architecto ut ut temporibus.','nesciunt',38961538,NULL,'1980-06-02 23:28:49','2014-06-06 13:48:49'),(132,2,32,'Dolorum voluptatem esse consequatur nihil. Non iusto quia magnam vel et amet totam. Qui eos omnis reiciendis asperiores dolor id rerum. Aut omnis repellat soluta deserunt dolores. Nobis laboriosam et dolore rerum culpa sed eligendi.','et',61282,NULL,'1971-10-31 20:18:31','2018-08-14 08:42:13'),(133,3,33,'Quam cupiditate et et ut nisi minus. Deserunt mollitia ad ut qui asperiores rerum laborum. Similique mollitia est et. A voluptatibus dolore modi voluptatem in enim.','temporibus',0,NULL,'2003-10-12 05:47:10','1993-04-17 09:07:31'),(134,4,34,'Reprehenderit et ut alias qui ut. Dolorem nisi nihil expedita architecto fugiat omnis in illum. Consequuntur iste nesciunt vero. Excepturi quia fugiat ratione et saepe porro.','quo',250542,NULL,'1981-03-18 15:01:11','2001-11-04 20:04:56'),(135,5,35,'Debitis ullam saepe delectus veniam non perspiciatis. Repudiandae sunt ut a quia dolores voluptatem. Non excepturi delectus adipisci eaque.','soluta',4903,NULL,'1972-05-04 02:16:44','2016-06-20 03:26:56'),(136,6,36,'Aliquam similique asperiores et et ut labore. Exercitationem autem quis provident libero non sunt.','et',247074,NULL,'1971-04-05 09:48:47','2003-05-21 14:36:40'),(137,7,37,'Vel sapiente vel nostrum aliquam. Et aspernatur aut amet. Explicabo porro quibusdam error et cumque ut fugit. Sunt aspernatur deleniti ex repudiandae amet consequatur perferendis. Voluptate nisi eos repellendus ea voluptatem consequuntur.','perferendis',31595295,NULL,'1994-07-08 09:02:38','2010-11-12 14:11:33'),(138,8,38,'Omnis debitis odio aut nihil porro fugiat iure. Quo voluptas quia totam vel earum eius. Ex dolorem ullam amet qui vel dolor.','aut',1561,NULL,'1971-09-09 17:09:11','1995-10-02 21:54:38'),(139,9,39,'Dolor laboriosam molestiae et aperiam voluptatum. Minima repellat eum impedit dignissimos. Voluptas aut in doloribus optio labore voluptatem. Numquam et ducimus qui porro odio possimus nostrum fuga.','id',21,NULL,'2005-07-18 21:21:03','1986-06-06 19:22:39'),(140,10,40,'Autem reprehenderit officia quisquam quis. Maxime adipisci dolores dignissimos a. Dicta hic quidem et eos commodi.','culpa',959775,NULL,'1987-01-22 12:46:21','1995-12-05 09:30:41'),(141,1,41,'Omnis qui in rerum iste accusantium rem. Asperiores reiciendis aliquid qui architecto magnam eius corrupti rerum. Eos totam voluptatem dicta rem est.','ullam',84512,NULL,'1994-12-25 14:41:53','1974-10-01 00:12:40'),(142,2,42,'Aperiam nesciunt illum odit tenetur officia. Fuga ipsam non consequatur tenetur ut numquam est. Amet aut recusandae quae ducimus saepe eveniet. Doloremque non error quo mollitia voluptatem ut dolor. Ut qui laborum voluptatem eaque nisi ipsum.','perspiciatis',97,NULL,'2001-12-18 21:38:54','1995-04-13 14:35:50'),(143,3,43,'Dignissimos deleniti sit iure suscipit sapiente dolorum. Dolores mollitia assumenda necessitatibus enim eum commodi nihil. Quia commodi sapiente et ad architecto. Qui doloremque temporibus velit id. Sed a recusandae distinctio iure aut.','animi',71842,NULL,'2012-03-18 21:56:11','2012-12-23 01:25:39'),(144,4,44,'Nobis fuga soluta dolores sint nihil qui nam explicabo. Enim qui ullam iste exercitationem eum pariatur. Eius ipsam deleniti aperiam mollitia temporibus iure commodi.','sit',890870,NULL,'1992-05-12 23:51:44','1983-10-07 08:52:50'),(145,5,45,'Sit incidunt perspiciatis nostrum deserunt ut eveniet. Adipisci eius harum nam ea. Molestiae qui eveniet repellendus.','nobis',240,NULL,'2018-12-08 04:42:32','1995-04-28 08:55:46'),(146,6,46,'Molestias explicabo inventore amet voluptatem. Aliquid dolor assumenda asperiores tempora sit enim.','autem',810141606,NULL,'1976-08-29 16:13:35','2021-04-04 15:55:16'),(147,7,47,'Eius aspernatur odio mollitia omnis. Dolore ex sit aut ab. Qui beatae et est facilis explicabo. Sunt ratione voluptas quis nemo.','inventore',0,NULL,'1972-12-14 13:06:36','1973-07-19 07:17:56'),(148,8,48,'Est laudantium quos reiciendis sit quas architecto veritatis. Velit distinctio est dolores repellat. Animi id est omnis fugit laboriosam. Qui laborum consequuntur voluptatem recusandae ea.','vero',236789918,NULL,'1973-11-04 07:34:51','1992-08-31 05:54:46'),(149,9,49,'Enim qui doloremque consectetur molestiae modi dignissimos et aut. Autem adipisci inventore corporis aut quam ut. Pariatur sunt animi qui voluptatem ipsa.','sunt',77575162,NULL,'1991-06-10 10:32:26','1986-08-18 16:48:29'),(150,10,50,'Voluptatem praesentium voluptatem cumque assumenda expedita adipisci. Sequi alias qui earum quas dolores enim quae adipisci. Tenetur iure vero rerum cupiditate.','soluta',667,NULL,'2007-09-15 15:53:07','1971-08-12 05:58:56'),(151,1,51,'Odio ipsa animi voluptas beatae iste pariatur qui. Architecto rerum sit numquam et sunt.','ab',68441,NULL,'1996-11-03 07:26:31','2018-05-19 21:40:32'),(152,2,52,'Laborum nihil reprehenderit nisi inventore culpa neque. Earum aut vero minus rerum at delectus. Ut officia excepturi est eius aliquam debitis soluta eum.','maiores',712252,NULL,'1974-04-17 13:22:06','1994-10-23 00:07:48'),(153,3,53,'Soluta doloremque qui quod sed repellendus id. Sint repellendus facilis vero eligendi quis. Quam rerum illo dicta asperiores neque.','consequatur',99342,NULL,'2000-07-01 06:23:57','1995-05-26 21:07:43'),(154,4,54,'Aut ut omnis aut sit sint sed ullam. Aut soluta qui dicta ex et. Laboriosam velit non quo.','incidunt',875,NULL,'1975-11-08 20:18:20','2017-02-03 23:39:41'),(155,5,55,'Dolor sequi eum ab nulla similique. Non excepturi aut et laboriosam. Vero autem labore adipisci vero numquam itaque. Perferendis porro ipsum reiciendis accusantium.','esse',15308859,NULL,'1976-03-27 03:35:05','1999-07-25 22:40:53'),(156,6,56,'Quia qui adipisci eum ut qui perspiciatis id cumque. Consequuntur nostrum sit voluptatibus sapiente laborum. Assumenda fugiat ut sunt et.','earum',52620495,NULL,'1990-11-30 18:39:31','1992-12-01 13:27:21'),(157,7,57,'Maiores dolorem consequuntur est. Fugiat odio quia error perspiciatis voluptatum et. Eaque occaecati amet quam ipsam doloribus odio. Quis ipsum occaecati animi et.','suscipit',79212805,NULL,'2001-02-04 04:21:01','1987-08-01 05:21:01'),(158,8,58,'Est quisquam quod aut rerum voluptatem hic. Fugit aperiam eius sequi sit necessitatibus ex. Culpa itaque magni sed dignissimos earum id.','consequatur',71312,NULL,'2017-02-02 01:29:24','1972-01-29 13:33:52'),(159,9,59,'Quidem nesciunt molestias quia consequatur adipisci inventore. Totam alias voluptate doloremque id ut necessitatibus deserunt. Magni reiciendis repudiandae fugit. Non qui velit animi autem voluptatibus.','mollitia',83987,NULL,'2007-01-15 10:16:35','2006-07-22 00:43:57'),(160,10,60,'Sit aut consectetur cupiditate sapiente maiores neque. Veritatis eligendi at tempora sunt officiis. Fugit et rerum consequatur dolor asperiores earum consectetur.','et',63536914,NULL,'2003-02-10 01:22:11','2003-07-10 17:45:37'),(161,1,61,'Qui in nemo qui dolorum fugit ducimus nemo illum. Deleniti quis tempore ipsam nihil. Perspiciatis aut perferendis facilis aut sed facere.','qui',29,NULL,'2013-10-29 08:46:16','2008-06-13 17:33:51'),(162,2,62,'Nemo maxime laborum assumenda. Praesentium placeat asperiores repellendus explicabo. Exercitationem hic tempore mollitia non. Minus non nam delectus nemo explicabo.','quis',75,NULL,'1990-05-16 08:51:23','2021-07-04 06:22:28'),(163,3,63,'Ut eos consequuntur dolore ut aut repudiandae a. Sed impedit quia molestiae quos optio. Autem alias a qui enim nemo.','placeat',6172,NULL,'2001-05-13 05:28:36','1981-09-04 14:09:01'),(164,4,64,'Ut rerum modi facere aperiam totam est aspernatur. Omnis et consequatur itaque numquam ad repellendus. Laborum soluta magnam voluptas ut quo ut animi. Numquam est iure illum qui quo.','repellat',854,NULL,'2008-11-27 15:05:02','1983-09-29 06:49:01'),(165,5,65,'Ratione blanditiis dignissimos quo et atque aut. Dolores quibusdam laudantium nihil vero rerum necessitatibus. Blanditiis sit exercitationem in et.','et',92,NULL,'1986-08-03 18:05:34','1988-05-12 02:56:06'),(166,6,66,'Nulla dolorem eaque nam magnam ad hic. Earum esse a quisquam cum ullam. Reprehenderit maiores voluptatem quae sint asperiores deserunt dolorum.','at',7,NULL,'2000-12-23 04:59:16','1987-03-18 01:35:34'),(167,7,67,'Omnis ullam quo numquam rerum labore. Sed expedita at sed est et. Excepturi tempora odit cumque deserunt blanditiis ea autem voluptas. Veritatis veniam doloremque non sapiente ullam nobis.','aspernatur',693808557,NULL,'2017-06-16 12:20:53','1994-08-06 09:23:26'),(168,8,68,'Qui velit error consequatur velit voluptatem architecto voluptatem. Laudantium eum aliquam autem molestiae totam voluptas hic. Perferendis delectus necessitatibus accusantium rerum commodi.','unde',0,NULL,'1979-10-28 13:14:09','1999-01-24 15:03:37'),(169,9,69,'Excepturi soluta eos iure ea deserunt iusto. Dolore rem ex sapiente voluptates commodi ducimus. Illo velit dolores delectus sit.','est',5,NULL,'2018-10-09 17:36:13','2016-07-11 04:36:39'),(170,10,70,'Rerum qui voluptatem repudiandae quia sunt laborum. Laudantium rerum nihil odit et iste maxime ea exercitationem. Illo et qui ut necessitatibus maiores ea odit. Inventore officiis facere consequatur et.','repellat',89450,NULL,'2020-10-04 18:01:28','2018-08-08 08:44:20'),(171,1,71,'Eveniet fugiat animi blanditiis sint consequatur qui eum. Repellendus hic fuga rerum voluptas accusantium harum odio. In velit et quis ea.','sapiente',577,NULL,'1998-11-15 12:41:37','1991-01-29 10:09:37'),(172,2,72,'Provident esse blanditiis placeat. Facilis ipsa sapiente ipsa quisquam dolores quae ea quaerat. Est aut et quam voluptatem et. Est voluptatem labore temporibus earum omnis.','a',0,NULL,'2010-03-17 06:20:05','1975-11-07 09:19:23'),(173,3,73,'Distinctio saepe sapiente molestias nihil totam ab. Qui voluptate enim error quae distinctio. Soluta illum saepe quibusdam expedita corporis quas.','et',8490,NULL,'2020-01-05 15:50:37','2004-06-09 01:21:40'),(174,4,74,'Incidunt sint laudantium alias quaerat repudiandae. Eveniet vero facere officiis aperiam. Et exercitationem sed soluta in debitis consequatur qui. Ullam aliquid et dignissimos.','eum',72,NULL,'1991-02-05 13:44:06','1996-05-26 01:53:01'),(175,5,75,'Non veritatis est velit et sunt omnis. Qui nobis debitis voluptatem veritatis. Ut atque ratione fugiat amet pariatur earum est est.','quia',804,NULL,'1974-02-08 22:40:06','2020-09-17 10:12:32'),(176,6,76,'Exercitationem temporibus et enim vel. Assumenda ut explicabo molestias beatae ipsam nulla. Eius quaerat ab quo ea nostrum ratione voluptatem.','soluta',7,NULL,'1974-01-29 15:35:54','1989-06-16 18:07:24'),(177,7,77,'Eius delectus corrupti consequatur delectus maiores est. Maiores iste eos odit eum. Deleniti consequatur temporibus facilis non sunt hic. At ex qui harum itaque sunt harum.','veritatis',8455555,NULL,'2017-05-13 15:29:36','1995-07-20 08:24:06'),(178,8,78,'Ullam aut est quis et. Veritatis voluptas voluptas nihil animi dolorem amet nihil. Architecto iusto dolor possimus excepturi mollitia velit quod. Reprehenderit perferendis sed molestiae tempora ipsa aperiam. In nulla numquam magni qui et incidunt officia.','voluptatem',0,NULL,'1978-08-25 06:52:39','1986-03-26 03:02:15'),(179,9,79,'Consequatur cum maxime et. Qui ut doloremque perferendis occaecati possimus nostrum alias quod.','illum',6266237,NULL,'2008-12-09 18:31:10','2009-05-29 22:47:43'),(180,10,80,'Et et aliquid quia natus. Sit quaerat ut quia cupiditate voluptas labore. Eum voluptas laborum non laborum corporis sit dolore.','facere',2,NULL,'2013-10-06 05:11:36','1997-09-30 01:53:53'),(181,1,81,'Sunt voluptatum aut officiis explicabo repudiandae asperiores. Unde nulla quis rerum maiores architecto. Quod reiciendis sed occaecati delectus.','vel',892,NULL,'1973-05-13 04:01:26','1996-03-08 13:43:00'),(182,2,82,'Dolorem inventore quaerat aut aut in ad mollitia deserunt. Molestias et alias voluptas ut adipisci. Eos aut quam et delectus cupiditate at dolor. Doloremque cum architecto non quis nobis quaerat et.','ducimus',12919,NULL,'1996-07-05 05:39:36','1996-10-17 18:23:03'),(183,3,83,'Accusamus sunt enim magnam quas in. At aut sint vel dolorem fuga. Possimus ab dolores architecto amet eveniet dolor.','et',857584585,NULL,'2017-03-07 14:07:49','1975-04-10 07:10:27'),(184,4,84,'Est amet facere sequi minus qui. Aperiam culpa ut libero neque. Molestias aspernatur magnam at itaque vel temporibus aut delectus. Placeat libero ipsum dolorem praesentium velit tempore nam. Deleniti qui voluptate quis aut.','iure',91239,NULL,'2002-04-05 09:34:57','1987-07-03 06:32:20'),(185,5,85,'Et laborum rerum pariatur omnis sit. Reiciendis harum enim qui sed iure dolor sapiente. Recusandae hic aliquam ut cumque. Assumenda alias tenetur quidem rerum aut mollitia. Occaecati hic voluptates accusamus nisi ducimus.','deleniti',74470,NULL,'1993-12-10 10:37:41','2003-01-21 05:29:48'),(186,6,86,'Corporis velit vitae eaque autem tempora quae ullam. Accusamus esse consequatur et et. Velit aut temporibus dolorem ut aut voluptatem.','dignissimos',442342347,NULL,'1970-10-13 22:54:16','2017-09-24 22:43:49'),(187,7,87,'Minus voluptatum sint commodi repellendus consequatur ea repudiandae quo. Ut voluptates est voluptatem adipisci cupiditate atque. Voluptas nihil et iste. Quo magni laboriosam voluptatem sunt laborum. Id dolorem error veritatis maiores dolor eius.','quis',91379546,NULL,'1996-07-31 09:01:29','1982-06-24 04:57:42'),(188,8,88,'Dolorem minima esse molestiae doloremque minima necessitatibus ad. Eius veritatis delectus labore quisquam. Quis quis est quo soluta. Sunt temporibus aut inventore ab maiores libero animi.','laboriosam',0,NULL,'2013-02-01 16:13:34','1972-08-17 06:00:41'),(189,9,89,'Et officiis sed veniam magni repellat omnis officia facilis. Eveniet veritatis omnis esse ducimus. Voluptas eius nostrum alias omnis.','quaerat',140379,NULL,'1984-07-26 23:37:01','1989-11-06 02:25:06'),(190,10,90,'Soluta hic eius excepturi ut expedita iusto. Aliquam eaque et tenetur eos nihil earum natus. Iure vel et cupiditate ipsam aliquam. Eligendi totam magni delectus totam rerum accusamus quo.','illum',0,NULL,'2005-05-17 08:01:29','1985-01-19 12:01:01'),(191,1,91,'Dolorem iusto aliquam quas odio voluptatem dolor et. Qui iusto quis neque. Fugiat rerum qui molestiae velit aut rerum. Explicabo nihil quas voluptas. Distinctio exercitationem alias ea dignissimos voluptas.','non',6094844,NULL,'1998-03-16 23:44:06','2016-09-11 02:46:28'),(192,2,92,'Non nihil doloremque eos earum id accusantium facilis. Earum possimus ut occaecati repellat. Quisquam voluptas rerum blanditiis voluptatem.','illo',2376,NULL,'2011-01-27 11:16:45','1977-11-02 20:08:03'),(193,3,93,'Consectetur sunt aut ipsum iure qui quod quae minima. Necessitatibus adipisci aliquid et velit earum. Eveniet quaerat eius rerum quia aut nihil. Eaque omnis explicabo maxime deleniti.','mollitia',0,NULL,'2005-10-20 08:24:29','1981-09-13 09:16:08'),(194,4,94,'Inventore rem maiores cum. Accusamus error molestias beatae perspiciatis labore ut ipsam corrupti. Cumque enim dolorum aut fugit occaecati tempore doloribus. Ipsa velit aliquid nulla sed.','dolorem',0,NULL,'2002-04-05 14:19:34','2016-03-15 18:06:37'),(195,5,95,'Quae id perspiciatis ea quo ullam. Non sed debitis nihil est tempore rerum veritatis. Dolor voluptatem expedita vel ut asperiores exercitationem. Tempora est asperiores doloribus aliquid provident.','voluptas',16,NULL,'1992-07-27 06:57:14','1979-08-29 05:08:09'),(196,6,96,'In facere odit eveniet. Perspiciatis et occaecati quia quisquam. Quibusdam occaecati ipsum aspernatur optio. Tempora incidunt explicabo consequatur ut repellat laudantium et. Et temporibus fugiat id et ad.','error',0,NULL,'1997-08-13 03:26:11','2007-04-22 14:38:16'),(197,7,97,'Aut et et sit eos sed hic. Saepe earum explicabo sint ut aut voluptatem.','ut',85662,NULL,'2012-08-27 06:32:59','1988-12-02 17:47:53'),(198,8,98,'Recusandae et non voluptas. Totam occaecati eveniet odit. Aliquid minus aliquid itaque et occaecati cupiditate sequi. Dolores sunt id ut ad totam.','amet',7,NULL,'1972-08-23 07:28:45','1978-04-25 08:38:24'),(199,9,99,'Maiores repudiandae rerum tenetur architecto alias dolor voluptatem veritatis. Natus consectetur sunt officiis occaecati odit quasi asperiores. Culpa commodi aut similique aut sunt unde excepturi.','quia',0,NULL,'2000-09-26 10:07:24','2015-10-18 12:12:26'),(200,10,100,'Et quia placeat sit recusandae voluptatem molestias. Et optio cumque maxime pariatur in dolorem quia. Vero tempore molestias esse impedit qui labore omnis accusantium. Suscipit suscipit quas commodi ea. Et cumque laborum maxime quis blanditiis dignissimos excepturi.','deserunt',3,NULL,'1998-12-26 12:59:45','2008-12-11 13:08:12'),(201,1,1,'Nemo recusandae placeat quaerat et ut ut. Facere animi aut doloremque distinctio facilis. Qui et deserunt debitis qui magnam.','rerum',3,NULL,'1978-08-24 12:23:40','1974-06-30 11:02:01'),(202,2,2,'Deserunt earum recusandae dolorem tempora sunt ut. Id et eum ex dicta aut. Inventore totam placeat quaerat.','excepturi',8208,NULL,'1997-03-01 10:56:11','2002-07-06 04:55:22'),(203,3,3,'Explicabo quis nostrum nulla ut. Omnis aut similique est et esse at et. Doloribus quod in explicabo sit. Nesciunt libero consequuntur omnis unde et. Illum voluptas nam quia aut impedit aut.','minus',424109,NULL,'2016-02-11 03:20:54','2009-01-22 15:31:26'),(204,4,4,'Delectus mollitia quia rerum numquam quisquam quisquam maiores corporis. Aliquid sit aperiam veniam asperiores. Sed voluptate quod sed pariatur ut totam asperiores.','aperiam',98410,NULL,'2019-03-11 11:21:58','2019-11-07 05:00:58'),(205,5,5,'Dolores debitis debitis magni repudiandae voluptate. Eos vitae est vel. Et omnis incidunt dolores dolores voluptatem et earum.','vel',53,NULL,'1994-06-23 22:04:03','1999-04-19 21:23:42'),(206,6,6,'Saepe aliquam eum nisi non est necessitatibus ut. Laudantium aut quod quis et nulla ullam qui. Quis et corrupti omnis et reprehenderit. Qui repellat sed voluptates accusamus debitis quis.','alias',948173,NULL,'2010-10-18 09:33:56','1975-03-22 02:09:32'),(207,7,7,'Rem rerum minima non voluptates. Sapiente omnis eius quo qui. Velit impedit praesentium dolor voluptatem quo corporis.','nulla',8592,NULL,'2014-02-16 05:17:18','1989-01-31 20:50:40'),(208,8,8,'Doloribus aut doloribus placeat quo ipsa quis. Vel vel quo non odio nostrum illo. Non alias pariatur quae doloremque ut. Beatae id tempore asperiores perspiciatis voluptas. Ut corrupti earum dignissimos consectetur est esse tempore tempore.','et',681826,NULL,'2016-11-18 09:37:09','2005-07-19 01:58:37'),(209,9,9,'Aut deleniti ut iure sit quae sunt fugiat rerum. Rerum tempora voluptatem unde est sed mollitia eum sit. Ea distinctio modi illum.','voluptas',24679,NULL,'2014-08-08 14:54:45','1992-01-19 19:21:41'),(210,10,10,'In quod dignissimos porro aut soluta. Consequatur quibusdam tenetur voluptas consequatur officia dolore alias. Ducimus alias sunt a exercitationem ut.','reprehenderit',911731,NULL,'2020-09-17 00:43:29','2014-11-05 01:16:08'),(211,1,11,'Sint officiis ipsum culpa delectus illo dolor non. Omnis sunt qui rerum assumenda sequi et vel. Excepturi similique consequuntur ut magni.','id',80731935,NULL,'1990-01-11 16:27:05','1975-09-16 19:46:45'),(212,2,12,'Dolore maxime et quia ut assumenda tempora. Fuga est sit hic sed nam. Hic voluptatem qui dolor qui neque voluptates laborum.','deleniti',78451217,NULL,'1982-09-30 14:09:37','1985-10-16 11:56:37'),(213,3,13,'Pariatur voluptatem eaque ut debitis. Quam et et consequatur similique ut reprehenderit sit. Occaecati quae harum quas pariatur rem qui velit. Dignissimos nihil nemo fugiat adipisci provident amet natus.','quis',438188673,NULL,'1995-10-18 01:16:26','1970-07-23 20:46:18'),(214,4,14,'Amet omnis aperiam in magni. Recusandae eius officiis odio optio natus quaerat id eligendi. A quod dolore libero error. Non corporis et est aspernatur voluptatibus reprehenderit.','nesciunt',978106188,NULL,'1971-04-22 16:19:47','2018-08-15 10:21:36'),(215,5,15,'Dignissimos eveniet consequatur quis fugit delectus. Et sit ab quidem omnis eum. Et est totam et provident quia sit totam eveniet.','autem',2,NULL,'2020-08-25 16:11:58','1994-12-13 23:12:36'),(216,6,16,'Provident tempora ut quas unde nesciunt hic. Dolorum debitis perferendis esse et nihil. Ut laudantium soluta numquam ea. Illum rerum autem tenetur temporibus praesentium saepe.','deleniti',150377,NULL,'2005-01-03 01:50:57','1979-05-22 08:36:59'),(217,7,17,'Animi aut aut iure cumque voluptatem. Accusamus perspiciatis aut cupiditate ut molestias dolore molestiae. Iure qui totam beatae dolores tempora consectetur eum. Commodi asperiores qui veritatis ad quis facere.','quidem',1103911,NULL,'1986-06-23 08:00:22','1975-07-09 19:45:09'),(218,8,18,'Error deleniti nisi dolorem soluta soluta. Vitae quidem in dicta autem.','omnis',40142070,NULL,'2015-10-01 22:49:04','1986-04-15 18:06:26'),(219,9,19,'Nemo sed maxime repudiandae incidunt ut sed non. Voluptas et assumenda nihil fugit ipsam amet voluptate. Et earum recusandae commodi temporibus ipsa. Odit suscipit aut id dolorem quae id velit.','sint',916692,NULL,'2021-07-01 12:32:26','2004-09-18 21:04:48'),(220,10,20,'Assumenda aut odio et. Nulla aliquam reprehenderit veniam qui. Quasi velit dolorem earum est. Maxime maxime maiores voluptate libero perspiciatis optio animi expedita.','expedita',63,NULL,'2009-03-11 12:19:08','1979-02-09 18:49:09'),(221,1,21,'Delectus in laborum sit. Numquam in illo numquam enim non laboriosam sit. Enim error ipsam perferendis molestiae. Qui consequatur alias qui a eum.','perspiciatis',96,NULL,'1975-11-17 06:04:16','2012-11-08 00:02:18'),(222,2,22,'Dolor modi laboriosam non officiis voluptatum magni. Et sit vero blanditiis qui sequi aliquid. Repellendus dolorem voluptatem accusantium quam cupiditate id. Et molestiae voluptates dolor nihil.','sunt',1,NULL,'2006-07-21 07:22:45','1974-02-17 09:01:37'),(223,3,23,'Repudiandae rerum enim ad doloribus incidunt consectetur. Non nisi molestiae tempore omnis delectus nulla. Qui consequuntur dolorum nisi.','rerum',4,NULL,'1986-11-14 22:23:56','1984-10-04 17:15:58'),(224,4,24,'Qui et qui maiores eos vero dolorem provident. Dignissimos adipisci dolor laudantium minima id aspernatur quis dolorum. Architecto fugit dignissimos quas totam. Qui reiciendis perspiciatis minima velit quia sit qui.','libero',44223247,NULL,'1981-06-25 13:54:51','1974-07-13 03:41:35'),(225,5,25,'Quas eaque incidunt pariatur totam. Ex et esse sit. Architecto harum velit consequatur impedit reprehenderit.','nesciunt',4825810,NULL,'1978-10-09 15:34:53','1993-11-20 07:31:23'),(226,6,26,'Dolorem doloremque beatae autem enim et. Amet itaque qui aut. Ut id est id non voluptatum maxime aspernatur. Voluptates qui quibusdam eum et et consequuntur eos est.','tempore',64967,NULL,'1983-09-09 17:33:30','1991-03-08 02:56:09'),(227,7,27,'Atque ut rerum unde ducimus sint. Vel totam sed libero ea a quibusdam laborum. Impedit et error alias qui corporis sapiente provident. Praesentium dolore voluptatem rerum aperiam.','magnam',0,NULL,'2019-11-14 16:35:12','2018-03-04 18:23:33'),(228,8,28,'Quia ipsa sed beatae ut harum nam. Nulla autem debitis repellendus. Autem beatae aliquid tempora fugit iusto. Hic fugiat sed inventore explicabo.','iusto',10699,NULL,'2018-12-06 06:59:45','2006-07-11 20:49:44'),(229,9,29,'Omnis harum ipsa nostrum cupiditate deserunt et animi ducimus. Et et aliquam ex cumque aut. Aperiam sit qui vel neque corporis.','temporibus',20,NULL,'2014-02-24 08:29:36','2001-09-12 11:42:08'),(230,10,30,'Aut nihil vero reiciendis aut molestiae cumque porro quasi. Placeat reiciendis quo esse corrupti eos earum. Saepe aut veniam eaque architecto in ullam blanditiis repellendus.','odit',54,NULL,'2011-10-13 23:24:52','1975-04-04 00:14:55'),(231,1,31,'Aut nam ut quia consequatur suscipit qui. Explicabo non ipsum debitis consectetur dolor quia. Amet dolorum et expedita nisi quasi vitae. Rerum laudantium eaque ullam officiis.','natus',17021,NULL,'1977-08-28 17:23:12','1985-10-17 18:20:09'),(232,2,32,'Suscipit sed adipisci inventore officia aliquid voluptatem sapiente earum. Eos sit itaque in molestiae. Sed sunt nobis a quia fugit odio voluptate. Inventore sint cum ut repudiandae at fuga ipsa non.','quia',56,NULL,'1977-09-16 02:57:58','2006-08-12 03:34:36'),(233,3,33,'Saepe et mollitia sed tempore. Enim non architecto repellat maiores. Ad pariatur ab eveniet nihil illum. Animi perspiciatis aut quaerat rerum.','illum',65781608,NULL,'2000-03-17 12:59:40','1973-09-02 15:14:56'),(234,4,34,'Et cupiditate repellat accusamus vel. Quaerat tenetur ut odit nisi officia sit. Nisi esse et nam praesentium reprehenderit qui odio praesentium.','blanditiis',89108,NULL,'1980-04-22 06:11:26','2017-07-29 03:26:04'),(235,5,35,'Porro veritatis est sit sint facilis voluptate. Atque numquam nihil consequuntur sed minus corporis. Nulla hic dolorum ipsam et iusto.','voluptatum',9250047,NULL,'1973-02-24 02:01:27','1982-07-01 15:10:01'),(236,6,36,'Optio suscipit accusantium ipsam corporis omnis. Officiis voluptatum quia quis ratione provident. Ut et placeat dolorem sit ratione culpa.','magnam',0,NULL,'2016-03-12 18:35:33','2016-12-29 19:08:30'),(237,7,37,'Et dolores deserunt non. Distinctio commodi incidunt laudantium dolores. Consequatur incidunt nulla dolorem veniam doloremque eveniet necessitatibus autem.','enim',1564,NULL,'1994-07-05 16:24:50','2015-11-29 09:11:27'),(238,8,38,'Sed omnis sint vitae dolorem ut esse. Quibusdam dolore quaerat nemo consectetur est ea. Dolorem aperiam ducimus qui eum molestias quasi distinctio.','provident',686016463,NULL,'2010-01-08 10:18:34','2019-08-16 09:52:59'),(239,9,39,'Et accusantium deleniti asperiores consequuntur sint. Sunt assumenda rerum libero temporibus totam exercitationem eaque. Quo nemo rerum velit quo vel. Sit aut et sunt repudiandae rerum eligendi.','architecto',0,NULL,'1983-06-02 05:57:07','1993-10-01 04:48:04'),(240,10,40,'Voluptatem eius ut et laborum ratione omnis consequatur. Ipsam accusantium consequatur laborum facilis mollitia. Doloremque error distinctio repellendus dolorum explicabo sed et similique. Dolor veniam aliquid nulla.','iusto',3843,NULL,'2020-03-04 01:25:27','2004-04-06 03:04:43'),(241,1,41,'Neque labore molestiae et. Quis temporibus odit explicabo voluptas aut unde facilis. Aliquid sed et est qui repellat sit. Illo nesciunt qui qui aut aliquid.','possimus',4530,NULL,'2012-04-06 18:46:16','2001-01-06 00:15:30'),(242,2,42,'Accusantium omnis quam eum asperiores dolorum. Cumque nihil voluptas est. Tempore blanditiis dignissimos laboriosam hic.','quo',4,NULL,'1984-11-13 13:58:56','1992-11-03 00:43:35'),(243,3,43,'Sunt omnis omnis id officia. Accusamus temporibus eius quaerat consequatur quod illo praesentium. Numquam aliquid consequuntur eum occaecati nostrum.','saepe',8390558,NULL,'1997-03-20 20:25:38','2002-01-15 15:59:01'),(244,4,44,'Est ea dolores aut. Illo at quidem fugit voluptatem. Ea et adipisci qui quisquam aut.','labore',5,NULL,'2008-08-03 10:24:55','2005-11-22 08:27:54'),(245,5,45,'Ut magni blanditiis consequatur. Vel omnis totam odit nam. Velit dolor qui ex id sunt ea deserunt.','beatae',92730037,NULL,'1987-03-22 23:11:42','2009-01-23 16:21:12'),(246,6,46,'Odio adipisci velit iure quod repellat quisquam. Adipisci qui molestiae fuga et fuga quos consequatur. Ea voluptas possimus nisi autem. Fugiat quisquam sequi reprehenderit non sequi est et.','sit',96836610,NULL,'2020-07-30 03:56:20','1999-03-06 08:59:00'),(247,7,47,'Cumque provident est accusamus eligendi. Inventore dolor et quam sed. Sapiente quia earum labore quos.','expedita',13,NULL,'1996-08-17 15:30:49','1996-06-19 18:28:28'),(248,8,48,'Voluptatum dolorem facere ducimus ea voluptate. Distinctio laudantium fuga eos aut dolor nobis. Dignissimos dolorem ea laboriosam rem excepturi non dolor. Quibusdam praesentium sapiente vitae et cumque.','nam',75,NULL,'1976-10-17 05:29:10','2005-07-04 20:24:25'),(249,9,49,'Nostrum numquam quibusdam est est eum. Recusandae magni fugit qui recusandae. Sed ad corporis provident autem. Nam blanditiis at quidem non.','et',4930701,NULL,'1988-12-14 12:56:58','1987-02-21 16:13:34'),(250,10,50,'Velit est aspernatur ipsum necessitatibus delectus velit. Dolor similique accusamus eos. Quaerat velit quis nemo corrupti dolore illum exercitationem.','atque',6,NULL,'1999-05-03 07:31:35','2000-06-08 22:15:03');
/*!40000 ALTER TABLE `media` ENABLE KEYS */;
UNLOCK TABLES;

--
-- Table structure for table `media_types`
--

DROP TABLE IF EXISTS `media_types`;
/*!40101 SET @saved_cs_client     = @@character_set_client */;
/*!40101 SET character_set_client = utf8 */;
CREATE TABLE `media_types` (
  `id` bigint(20) unsigned NOT NULL AUTO_INCREMENT,
  `name` varchar(255) COLLATE utf8mb4_unicode_ci DEFAULT NULL,
  `created_at` datetime DEFAULT current_timestamp(),
  `updated_at` datetime DEFAULT NULL ON UPDATE current_timestamp(),
  UNIQUE KEY `id` (`id`)
) ENGINE=InnoDB AUTO_INCREMENT=11 DEFAULT CHARSET=utf8mb4 COLLATE=utf8mb4_unicode_ci;
/*!40101 SET character_set_client = @saved_cs_client */;

--
-- Dumping data for table `media_types`
--

LOCK TABLES `media_types` WRITE;
/*!40000 ALTER TABLE `media_types` DISABLE KEYS */;
INSERT INTO `media_types` VALUES (1,'assumenda','1981-11-06 13:38:30','1976-01-30 03:44:32'),(2,'quas','1985-12-16 03:25:20','1994-07-25 13:55:14'),(3,'quidem','2009-06-15 01:50:45','2016-11-02 23:22:17'),(4,'consequatur','1996-09-18 13:13:38','2017-06-17 12:43:31'),(5,'aperiam','2016-04-08 13:48:17','2017-03-24 20:46:45'),(6,'numquam','1989-10-25 11:52:26','2000-01-07 14:39:28'),(7,'vitae','2004-08-28 00:11:29','1980-05-24 13:05:25'),(8,'tempore','2001-05-27 04:12:30','2015-07-30 00:55:56'),(9,'modi','1982-02-21 04:26:59','2018-01-22 18:27:41'),(10,'itaque','1975-11-16 02:18:12','1970-05-07 13:06:36');
/*!40000 ALTER TABLE `media_types` ENABLE KEYS */;
UNLOCK TABLES;

--
-- Table structure for table `messages`
--

DROP TABLE IF EXISTS `messages`;
/*!40101 SET @saved_cs_client     = @@character_set_client */;
/*!40101 SET character_set_client = utf8 */;
CREATE TABLE `messages` (
  `id` bigint(20) unsigned NOT NULL AUTO_INCREMENT,
  `from_user_id` bigint(20) unsigned NOT NULL,
  `to_user_id` bigint(20) unsigned NOT NULL,
  `body` text COLLATE utf8mb4_unicode_ci DEFAULT NULL,
  `created_at` datetime DEFAULT current_timestamp(),
  UNIQUE KEY `id` (`id`),
  KEY `from_user_id` (`from_user_id`),
  KEY `to_user_id` (`to_user_id`),
  CONSTRAINT `messages_ibfk_1` FOREIGN KEY (`from_user_id`) REFERENCES `users` (`id`),
  CONSTRAINT `messages_ibfk_2` FOREIGN KEY (`to_user_id`) REFERENCES `users` (`id`)
) ENGINE=InnoDB AUTO_INCREMENT=301 DEFAULT CHARSET=utf8mb4 COLLATE=utf8mb4_unicode_ci;
/*!40101 SET character_set_client = @saved_cs_client */;

--
-- Dumping data for table `messages`
--

LOCK TABLES `messages` WRITE;
/*!40000 ALTER TABLE `messages` DISABLE KEYS */;
INSERT INTO `messages` VALUES (1,1,1,'Nemo amet soluta eaque non voluptas at. Voluptatem voluptatem officia quas ex reprehenderit nesciunt provident. Maxime quod suscipit quaerat eligendi.','2008-12-23 03:24:06'),(2,2,2,'Quaerat totam animi optio nihil illum illum consequatur et. Et quis in rerum blanditiis molestiae atque. Et quibusdam officiis nesciunt laborum inventore nulla. Laboriosam ipsa odio nihil reiciendis iusto.','1981-07-15 21:52:23'),(3,3,3,'Enim ipsa blanditiis dolorem cumque illo. Rerum non aspernatur et eum natus. Aut dolorem alias numquam distinctio rem hic aut ad. Et quaerat dolorum consequuntur deleniti occaecati eos. Itaque distinctio vero tempore soluta aut.','1984-11-18 06:58:12'),(4,4,4,'Sit nesciunt soluta voluptatem vel. Non perferendis ipsa at eaque praesentium similique quasi. Quia ipsam sed repellendus enim dolores repellat exercitationem. Aut dicta maxime deserunt aliquid.','2011-11-22 20:58:00'),(5,5,5,'Voluptas reiciendis non consequatur praesentium sint dolor ea quo. Aut odio quo sit voluptatem iste. Consequatur sint vero et omnis at. Quia soluta aut quis iure et quod.','2008-01-18 17:53:20'),(6,6,6,'Velit sunt ab repudiandae dolores laboriosam commodi et. Et doloribus ratione facere molestiae nobis rerum. Et sit ab vel sunt. Tenetur non voluptas commodi ab assumenda perspiciatis.','2007-02-12 05:16:23'),(7,7,7,'Odit repudiandae qui autem consequatur. Vero sunt voluptas maiores ex. Quasi sed voluptatem quam est enim. Et dolorum minima officiis tempore et.','2010-12-14 17:22:15'),(8,8,8,'Dolores modi quia quasi omnis enim qui est. Sint eum voluptatum eveniet non quibusdam. Est ullam accusantium voluptate doloremque qui eveniet porro. Animi excepturi sunt itaque non illo enim cumque.','1984-11-27 21:43:39'),(9,9,9,'Fuga in occaecati dolores debitis et maiores eos. Rerum necessitatibus sunt blanditiis officia nulla. Eligendi odit labore eius odit mollitia aut minus. Vitae dignissimos recusandae quis quidem ad est.','1993-05-09 14:28:39'),(10,10,10,'Vel delectus et harum vel. Sequi dolorem rerum ratione voluptatem. Blanditiis consectetur id impedit libero itaque necessitatibus. Quia ea dolorem non quisquam enim.','2016-08-15 16:20:38'),(11,11,11,'Beatae consequatur error optio quos. Excepturi maiores voluptatem quia. Eveniet error ut alias sit. Officiis velit quia itaque et voluptas eum qui a.','1990-07-27 15:45:02'),(12,12,12,'Expedita debitis sapiente molestias aut. Ut tenetur vitae molestiae enim assumenda. Delectus quis ut sapiente corporis quae officia ut ad. Temporibus et corrupti tempora dolor.','1983-05-24 15:57:08'),(13,13,13,'Alias culpa ratione quis odio voluptatum recusandae fugiat. Excepturi ut error repellendus laborum reprehenderit. Dolor ipsum at aperiam ea voluptatum aperiam omnis. Ut exercitationem aspernatur laudantium eaque et laborum et.','2003-04-21 11:36:35'),(14,14,14,'Rem in earum maiores doloribus qui. Omnis optio repudiandae et et. Soluta animi autem eos.','2006-08-01 00:51:42'),(15,15,15,'Laudantium nemo sint non deleniti. Eum neque non vel illo ut enim sunt. Voluptate quisquam quia quidem dolores eaque architecto. Modi nesciunt esse quia molestiae provident et et.','2010-07-12 04:01:07'),(16,16,16,'Ex eligendi consequatur iure autem ut rerum. Quaerat ipsa error impedit fuga at incidunt molestiae. Eos blanditiis deserunt voluptas mollitia. Cupiditate quibusdam voluptate sapiente et optio.','2003-02-16 08:38:28'),(17,17,17,'Ipsum qui sint qui assumenda quam suscipit. Autem labore occaecati molestias. Officia sint dolore eligendi velit non. Quis tempore laboriosam dolorem aperiam sit error voluptate. Eaque quia soluta natus.','1993-01-23 04:08:32'),(18,18,18,'Voluptas quos cupiditate quia ratione. Ut dolore fuga sint quaerat ad consequatur. Perspiciatis voluptatem voluptatem perferendis dolores autem qui facere. Debitis provident facere reprehenderit iusto tempora.','1996-11-12 19:04:49'),(19,19,19,'Dolores reprehenderit error iste molestiae error. Quibusdam perferendis cum non qui esse assumenda. Voluptatem aspernatur corporis aperiam vel ex.','1973-07-27 19:26:14'),(20,20,20,'Accusamus rerum maiores aliquam veritatis id. Adipisci et quibusdam veniam maiores sapiente. Ex sequi dicta et quae ratione voluptatibus eum. Quod aperiam quaerat enim unde. Maiores tenetur officiis ipsam.','1987-04-09 13:26:34'),(21,21,21,'Quis non optio quo. Optio et nam dolor suscipit deleniti voluptas animi. Quo velit placeat fugit.','2008-10-09 13:03:49'),(22,22,22,'Debitis eligendi beatae voluptates asperiores voluptatem. Odit nihil impedit minus harum ab at facere. Suscipit quia consequatur consequatur.','2005-01-29 20:01:15'),(23,23,23,'Repudiandae voluptas aut animi vero soluta in. Doloremque facere maxime dicta accusantium unde vero. Veniam eaque voluptatem delectus qui et enim vero. Accusantium iure autem consequatur quas omnis aliquid soluta. Tenetur illum beatae dignissimos nisi nobis aut natus esse.','2006-11-17 04:45:08'),(24,24,24,'Ut distinctio libero occaecati nesciunt. Saepe consequuntur sed quia quibusdam corrupti ut. Rem vel consequatur quasi officia deserunt. Corrupti sunt impedit et.','2017-07-18 21:18:00'),(25,25,25,'Dolore repellat voluptas sequi et sint. Maxime architecto qui nesciunt rerum. Voluptas nulla nihil accusantium veniam. Necessitatibus quo quasi nisi id voluptatem rerum blanditiis.','1993-10-19 16:13:46'),(26,26,26,'Dolor incidunt corporis ipsam eligendi. Minus est iste voluptatem repellat. Odit asperiores dignissimos quia laborum. Magnam repellendus molestias sed perspiciatis beatae.','2003-01-03 07:03:35'),(27,27,27,'Suscipit aliquid sequi sunt sed. A asperiores quia aliquam. Suscipit dolore a aut debitis saepe. Eveniet quae ullam tempore dolorem reprehenderit autem rem. Architecto ut iste omnis.','1972-03-25 14:23:59'),(28,28,28,'Sapiente dolores eum suscipit eius. Possimus dolorum cupiditate est ullam ullam. Qui necessitatibus illum aut modi explicabo fugiat molestias.','1997-04-02 19:19:19'),(29,29,29,'Eaque consequatur sapiente ut et omnis a odit. Ab incidunt minus sed reprehenderit est aut.','1970-05-17 03:45:50'),(30,30,30,'Placeat accusantium sed quia. Voluptatem minus culpa ipsa. Vero rerum enim quia consectetur inventore voluptas. Aspernatur facere non quis omnis omnis.','1978-02-23 07:27:51'),(31,31,31,'Et ea blanditiis quisquam mollitia voluptatum ex non. Necessitatibus ex nemo ducimus ea. Praesentium adipisci et repudiandae modi. Dolorem placeat officiis qui at dolorum ipsa eligendi.','2009-09-07 06:46:53'),(32,32,32,'Architecto quos earum sapiente reprehenderit facere consequatur. Exercitationem corporis delectus voluptatem voluptatem. Aliquam voluptate molestiae debitis et culpa eius assumenda odio.','2003-04-14 06:10:44'),(33,33,33,'Quos excepturi et mollitia libero quia placeat voluptatem. Rerum explicabo architecto dolore.','1976-01-30 15:34:47'),(34,34,34,'Deleniti magni voluptatibus dolores qui qui. Tempora vero reprehenderit qui officia. Nisi corrupti aliquid enim ducimus. Aut non eum explicabo et ut eaque.','1977-06-19 12:55:44'),(35,35,35,'Molestiae eius ut quam deleniti recusandae a. Officia mollitia aut occaecati sapiente. Aperiam assumenda ab non esse.','1989-08-17 13:29:06'),(36,36,36,'Dignissimos voluptatem perferendis occaecati qui magni animi. Id veritatis blanditiis modi et excepturi ut. Doloremque quasi eos quaerat sit. Assumenda dolorem consectetur voluptatem quos repellendus blanditiis.','2015-06-17 10:20:42'),(37,37,37,'Qui natus quia adipisci non architecto vitae. Officiis voluptatem aspernatur ipsa cupiditate et praesentium. Ut et dolor eius.','1972-11-23 14:05:33'),(38,38,38,'Aut adipisci et laborum cupiditate sit ad dolor. Eos odit a temporibus et unde. Id dolores quia ad cumque sit id. Itaque qui aut unde officiis ullam ut.','1987-09-10 22:02:27'),(39,39,39,'Molestias ipsam fuga et et qui quia repudiandae aliquid. Commodi perferendis eos sunt quidem omnis. Optio quia aut ea ad.','1998-02-11 11:03:39'),(40,40,40,'Expedita quae quidem magni est quam est. Assumenda eius in nisi nisi et. Vel eum sequi quae cum iusto et.','2007-04-24 03:37:03'),(41,41,41,'Ut ipsum ab assumenda sit adipisci modi. Quia et quo mollitia praesentium. Quos non harum et quam. Quis nulla repudiandae atque minima voluptatem et quae.','2017-09-27 01:22:52'),(42,42,42,'Rem placeat totam et ipsa odit omnis. Sed similique accusantium voluptatem distinctio. Consequatur eum tempora est. Consequuntur eaque blanditiis est dolorem.','2009-06-30 20:31:22'),(43,43,43,'Et amet veritatis saepe beatae et ex. Consequatur rerum quibusdam et rerum et eos molestiae. Similique quas alias magnam et occaecati autem ut inventore.','1970-05-17 02:45:54'),(44,44,44,'Dolorem autem sint est sint vitae. Atque aliquam quae labore quod et maiores. Inventore perferendis non ratione minima laudantium.','1973-07-15 06:06:37'),(45,45,45,'Ullam nisi quia autem est. Quasi aut officia perferendis hic dolor aut quibusdam.','1970-08-17 21:54:19'),(46,46,46,'Eos numquam maxime illo maxime est. Et iste assumenda est sit enim perspiciatis. Maiores dolor ipsa fuga vitae id voluptatem cum illum. Aut error nobis rerum libero.','1972-03-22 08:53:01'),(47,47,47,'Optio nostrum minima dolor adipisci delectus eligendi in. At porro ut ut quas quidem id. Qui est ipsa vel reprehenderit ullam occaecati. Voluptates impedit nam atque repellendus rerum consequuntur voluptatem optio.','1982-02-26 08:29:22'),(48,48,48,'Qui molestiae ea deleniti nemo qui. Sit quo quis est expedita maxime minus amet quae. Eaque voluptas veritatis placeat iste. Est vero qui sapiente placeat aut dicta cum ad.','1975-02-10 12:42:57'),(49,49,49,'Quidem occaecati rerum et et omnis itaque ex vel. Earum delectus eveniet doloremque voluptatem. Quis tempora numquam et quia quasi ab vel. Praesentium necessitatibus in et iusto sit quia.','2010-08-04 14:37:35'),(50,50,50,'Et nobis dolorum similique provident earum. Architecto molestiae quia eveniet at officia perspiciatis ut. Repellendus iusto sit voluptatibus at beatae dolorem. Qui delectus quia eligendi perferendis voluptatibus aperiam.','1999-07-17 20:10:10'),(51,51,51,'Ullam aut consequatur qui qui nulla in. Molestias voluptates est voluptate alias officia. Modi voluptas nostrum sint quia. Ipsam est quis tempora explicabo autem in qui.','1996-08-18 03:35:37'),(52,52,52,'Eveniet voluptatem ullam id nemo et vel. Magnam vitae accusamus at perferendis unde totam laboriosam. Facere ipsum qui rerum et minima in.','1972-02-01 01:05:54'),(53,53,53,'Aut officia rerum ut fugit. Consequatur recusandae molestias excepturi at quia suscipit. Et ea perferendis perferendis recusandae eligendi saepe.','2003-10-20 00:28:06'),(54,54,54,'Consectetur est fugit asperiores est repellendus aut temporibus. Excepturi omnis sit eius unde repellendus aut. Rem ratione a illum et illo mollitia.','2004-02-21 12:51:21'),(55,55,55,'Non qui rerum nostrum expedita et dicta. Aut ut non saepe cumque quia autem amet. Debitis ipsa blanditiis culpa optio ut omnis. Debitis sunt qui sed culpa.','2011-02-07 19:40:34'),(56,56,56,'Possimus quam quo in. Possimus ab deleniti nihil repudiandae commodi tempora maxime. Eaque occaecati repudiandae voluptatem sit consequatur et velit aut.','1987-11-19 07:15:52'),(57,57,57,'Et non tenetur possimus dolores. Perspiciatis exercitationem velit placeat occaecati saepe. Sunt est nihil ut nostrum eum.','1979-09-20 00:40:30'),(58,58,58,'Et unde voluptatem repellat voluptatem libero facere quidem esse. Enim dolor ex molestiae enim aut quibusdam repudiandae. Autem non pariatur porro ea hic et harum. Praesentium voluptatum labore iure ipsam magni nostrum.','1992-11-22 20:08:08'),(59,59,59,'Commodi illum suscipit sed sed deserunt itaque ea. Eum adipisci recusandae velit similique deserunt error. Harum et sit adipisci ea.','2006-01-17 14:27:38'),(60,60,60,'Ut maxime nisi iste debitis et occaecati eius. Aut est incidunt reiciendis minima. Vel aut tempora explicabo natus at et. Qui magni doloribus aperiam qui eos quisquam eos. Deleniti voluptate aut occaecati repudiandae animi natus illo.','2015-12-15 05:43:27'),(61,61,61,'Ullam quod dolor esse assumenda sit. Necessitatibus veritatis non facere dolorem saepe distinctio. Est velit ipsum molestiae tempore.','1984-02-01 13:41:29'),(62,62,62,'Vero quo architecto tempore harum perspiciatis laudantium quae. Enim dolores error ullam minima quia architecto nesciunt ab. Consectetur voluptatum cumque consequuntur cupiditate sunt adipisci quis. Earum sed ea id facilis.','2004-10-22 19:41:45'),(63,63,63,'Ut ut recusandae quia nobis incidunt laboriosam minus. Debitis enim accusamus occaecati quo quia dolore impedit. Non veniam tempore cumque reiciendis sapiente. Voluptatem consectetur ut fuga iusto.','2019-03-21 09:51:20'),(64,64,64,'Quo beatae maiores quisquam recusandae nesciunt sit non. Doloribus ipsum ut voluptatem voluptas ex. Facilis iure occaecati est culpa aut nisi qui. Aut est repellendus porro.','1991-11-03 17:36:19'),(65,65,65,'Itaque quia aut officiis omnis voluptates cum. Molestiae vitae nihil aut ea illo et. Ab mollitia facere quia quisquam.','2007-07-14 06:03:58'),(66,66,66,'Deserunt molestias adipisci error quas ad unde molestiae a. Quas quis necessitatibus tenetur possimus iure. Et possimus doloremque debitis dolorem est et. Ratione ut quo aut blanditiis minus.','2008-03-17 08:51:30'),(67,67,67,'Dignissimos sunt qui doloremque dolorum. Fuga rerum nemo perspiciatis maxime unde blanditiis. Magnam totam laudantium dolore praesentium odit repellendus tenetur. Mollitia placeat vitae voluptas excepturi incidunt eveniet.','1979-05-16 08:00:49'),(68,68,68,'Rerum cupiditate consequatur incidunt labore et est. Sit quasi blanditiis quisquam enim commodi. Voluptas voluptatem porro est aut voluptate architecto.','1987-02-04 08:02:40'),(69,69,69,'Facere voluptatem ab reprehenderit voluptatum similique fugit aliquid. Voluptatibus fugit libero ut. Rerum vitae saepe nam et reprehenderit magnam.','1979-12-03 08:08:37'),(70,70,70,'Aperiam architecto repudiandae vel qui ad. Exercitationem tempora officiis reprehenderit quae delectus error repellat accusamus. Sed qui voluptatem sint sequi. Quas numquam quo est architecto impedit nihil.','2011-06-17 11:34:23'),(71,71,71,'Magni nulla quis explicabo architecto adipisci. Quia et sed eum libero molestiae sed in. Ex sit placeat molestias id molestiae praesentium.','1984-02-27 18:58:11'),(72,72,72,'Dolor totam et eius sed. Doloremque tenetur totam nihil dolore. Consequatur quisquam perspiciatis qui distinctio vel.','1974-08-19 10:13:19'),(73,73,73,'Aut veniam neque error sed tempore cumque. Explicabo amet debitis non voluptatem doloribus quae. Ea eos autem harum.','2011-10-18 13:39:20'),(74,74,74,'Sint exercitationem qui quis placeat aut delectus quam. Sit fugiat est consequatur harum perferendis. Quo officiis dolorem unde rerum rerum iure. Dolor ea soluta eaque culpa.','2018-03-27 05:37:31'),(75,75,75,'Dolorum nihil totam odio provident velit amet voluptates. Ex aut aut et sit libero aut. Non velit possimus recusandae sed ducimus consequatur.','1970-03-09 15:35:03'),(76,76,76,'Quo quia et aliquam quia quia dolor. Quibusdam et in nam nihil. Nisi recusandae tempore architecto ipsam quibusdam et nam.','2018-03-06 05:26:33'),(77,77,77,'Vel ipsam atque odit autem pariatur maiores. Veritatis et magni nihil accusamus molestiae maiores. Repellat veritatis eligendi non ut at iste consectetur.','2004-12-30 06:44:48'),(78,78,78,'Qui aliquam molestiae illo libero. Animi accusantium harum corrupti ratione cumque quibusdam.','2004-06-23 21:29:50'),(79,79,79,'Numquam voluptatem sed omnis qui nam minus officiis. Quam magnam occaecati nihil dolores aliquam odio et. Veniam dolore quo sed accusantium placeat. Iste at unde esse dolores labore assumenda optio qui.','2018-12-28 02:35:35'),(80,80,80,'Quas autem tempora enim optio dolores. Omnis quaerat ex error. Labore blanditiis suscipit reiciendis ea accusamus voluptas cum.','1976-08-25 11:30:51'),(81,81,81,'Pariatur totam consequatur praesentium aut ut neque. Maiores commodi rem maxime.','1996-10-21 01:28:14'),(82,82,82,'Enim aliquid omnis nulla. Architecto ipsum ut occaecati harum earum praesentium. Sed ratione rem animi nostrum. Molestiae minima molestias ratione beatae.','1981-02-11 04:47:07'),(83,83,83,'Sunt iste veniam hic et sequi voluptas. Ut et porro voluptas voluptatem facere et ut. Tempore et et corrupti dicta.','2003-06-12 04:20:57'),(84,84,84,'Nobis veniam qui placeat voluptatum maxime quas. Et magnam doloremque eveniet quae et aut et non. Sit maiores laudantium autem eos voluptas ut dolorum.','2007-02-13 18:32:56'),(85,85,85,'Sed voluptatum porro sequi voluptatibus. Est recusandae eum voluptas qui quaerat. Ullam officia necessitatibus consequatur aut.','2010-08-25 15:32:30'),(86,86,86,'Velit omnis quo eius doloremque ea. Ut reprehenderit recusandae adipisci perferendis. Assumenda ipsa excepturi eaque.','1992-06-21 14:25:48'),(87,87,87,'Veritatis dolore et omnis aut. Aut consectetur facere pariatur hic vel aspernatur expedita. Dolore magni quas ducimus.','2016-06-20 15:43:13'),(88,88,88,'Omnis accusantium totam totam laudantium quod tempora voluptas. Quia minima cupiditate distinctio ut nihil. Quaerat eaque qui velit autem velit.','2012-07-07 03:20:07'),(89,89,89,'Accusamus ad quia maxime qui. Sunt laudantium ut ut omnis laudantium ex ad qui. Harum vel quibusdam sit ea. Pariatur et nesciunt illum minus reiciendis reprehenderit nostrum tempore.','1970-12-21 11:13:15'),(90,90,90,'Deleniti autem quaerat iste quisquam consequatur architecto soluta. Est dolor dignissimos beatae veritatis. Voluptatibus beatae molestias quae exercitationem aut illum cumque. Praesentium dignissimos aut et.','2012-10-15 07:43:15'),(91,91,91,'Occaecati debitis dignissimos consequuntur recusandae hic autem omnis. Rerum nihil cumque dolor molestiae ullam soluta. Sequi minus sint rerum impedit. Quo totam voluptates facilis saepe aut.','1972-12-07 16:19:15'),(92,92,92,'Totam distinctio quae facilis est nulla sequi voluptas. Voluptates repellendus nostrum eos numquam tenetur minima. Qui est nobis eos voluptatem.','1988-10-25 14:04:59'),(93,93,93,'Labore sit voluptas iste fugit explicabo atque ut amet. Recusandae sequi error temporibus eligendi voluptate. Qui perspiciatis libero qui temporibus laboriosam. Inventore perferendis rerum pariatur enim.','1987-10-19 16:43:46'),(94,94,94,'Aperiam et possimus autem corrupti distinctio voluptas. Ut cumque modi laudantium ut non ut et. Est quisquam qui sed mollitia. Dicta rem at omnis aut ea. Quaerat quia omnis voluptates repellat.','1998-10-05 11:14:26'),(95,95,95,'In sequi vitae et ut corrupti unde est. Porro animi magni ipsa voluptate eos tempora ipsum.','1986-08-12 15:57:08'),(96,96,96,'Rerum exercitationem velit cupiditate expedita et. Necessitatibus ullam dolores dolores sapiente fugit. Dolor exercitationem non modi est sapiente. Officia sit architecto aut alias sed.','1973-08-02 03:35:43'),(97,97,97,'Facilis qui alias consequatur quia consequuntur sequi exercitationem molestias. Ratione molestias dicta dolores. Explicabo maiores sequi tenetur expedita non nemo dolores.','1974-03-04 05:37:07'),(98,98,98,'At temporibus illo ipsum consequatur dolorum est officia libero. Perferendis recusandae laboriosam quis accusamus rerum. Voluptas assumenda eum accusamus voluptas dolor et. Dicta pariatur dolorem quisquam voluptate possimus.','2005-07-15 12:57:51'),(99,99,99,'Impedit et accusamus qui. Perferendis dolores labore commodi rem est. Eos quod eum ab illo dolor. Modi facilis rem rerum perferendis atque non repudiandae.','1984-10-05 07:47:51'),(100,100,100,'Distinctio earum repudiandae libero distinctio sunt nesciunt. Est rem error et aliquid aut. Nihil asperiores necessitatibus architecto dolorem voluptate ipsum a. Soluta quam officiis veniam eveniet architecto impedit.','2006-10-20 10:35:09'),(101,1,1,'Asperiores vero quia aliquid quasi. Possimus aut reiciendis nesciunt quia voluptates fugit ducimus.','1998-12-08 16:16:43'),(102,2,2,'Nam et ut illo enim. Omnis quod doloribus ad et quam eveniet culpa. Eligendi praesentium reprehenderit est dolorum quo unde cupiditate. Voluptas aut sed possimus molestias.','1975-04-13 03:24:49'),(103,3,3,'Maiores libero quaerat nihil et. Et natus vel ut qui. Assumenda nihil consequatur non sit.','1996-09-26 03:13:09'),(104,4,4,'Accusamus accusantium qui labore qui amet. Aperiam nihil illo totam libero. Distinctio harum non autem nihil voluptas omnis nihil ipsa. Maiores dignissimos temporibus praesentium sunt.','2020-11-21 04:05:37'),(105,5,5,'Aspernatur labore et quia delectus et quisquam culpa excepturi. Adipisci rem consectetur suscipit quibusdam est aut debitis. Necessitatibus iure provident rerum magni. Aspernatur voluptatem quia repellat quos eum illo. Velit repudiandae qui fugiat officiis vitae.','1971-10-14 18:43:08'),(106,6,6,'Aut placeat officia magnam quaerat doloribus. Expedita omnis iusto et perspiciatis eum voluptatibus porro. Ipsa illo occaecati mollitia in eos voluptatem.','2010-08-16 00:38:02'),(107,7,7,'Ullam deserunt voluptatem reprehenderit deserunt totam sapiente temporibus. Voluptas id pariatur vel illum laborum reprehenderit facilis. Qui beatae atque vel. Praesentium commodi dolor provident numquam.','1988-02-17 21:37:15'),(108,8,8,'Occaecati quia eos distinctio placeat perspiciatis beatae nihil. Reprehenderit eveniet rerum ut eos. Est sint saepe perferendis ut et maiores.','1973-04-11 10:13:48'),(109,9,9,'Aut hic explicabo asperiores architecto in. Placeat rerum et incidunt fugit. Dolor quasi omnis ut voluptates quibusdam deserunt. Nihil unde alias ut.','1988-06-19 11:24:21'),(110,10,10,'Qui qui et possimus neque iure eveniet similique. Et eveniet labore excepturi dolorem. Et quos adipisci cupiditate et veniam voluptatem ullam.','2012-12-28 19:43:17'),(111,11,11,'Quis molestias ea sit eligendi. Non accusantium expedita eos quod qui.','1974-09-23 02:15:00'),(112,12,12,'Velit ipsam illum sint distinctio. Quia velit dolores optio beatae debitis aliquid. Reprehenderit et quisquam et magni aut deleniti. Nesciunt officiis voluptatibus mollitia qui exercitationem.','2019-06-21 12:57:12'),(113,13,13,'Mollitia excepturi quia itaque perspiciatis qui. Delectus velit nihil non.','2002-10-22 20:10:27'),(114,14,14,'Libero sed voluptatibus explicabo cumque dolorum voluptatem et recusandae. Quidem deserunt sunt fugiat.','1975-09-17 09:28:03'),(115,15,15,'Quas alias qui accusamus dolorem. Mollitia dolorem quibusdam labore fugit est. Numquam quaerat iste sed ut. Velit est nulla dolorem ut voluptatem sint.','1996-05-04 08:14:23'),(116,16,16,'Quaerat maiores et sint molestias at quia. Possimus adipisci velit repellat possimus ut.','2014-02-15 18:32:34'),(117,17,17,'Cum laboriosam qui quae rerum totam est. Molestiae veniam quam eaque quasi enim. Aut nostrum doloremque debitis corporis.','1975-10-15 01:10:03'),(118,18,18,'Voluptatem excepturi sapiente quam veniam dolores at inventore. Et porro in ut est et. Alias incidunt voluptas in id velit ut eligendi. Saepe magnam eaque et et blanditiis vitae. Reiciendis ea voluptatem dolore atque.','2012-06-14 04:24:03'),(119,19,19,'Suscipit nesciunt maiores accusantium nostrum provident sint quas. Voluptas voluptatem eius odit vitae dolores unde. Ab commodi dolorem reprehenderit quis molestias vel nihil. Possimus ad aperiam incidunt odio consequatur nostrum magni.','1972-11-07 13:46:24'),(120,20,20,'Cumque placeat hic exercitationem aut sed. Nam qui et impedit. Sit soluta non beatae nihil laboriosam. Est et fuga rerum soluta illo nulla dolorum.','1989-01-08 00:53:28'),(121,21,21,'Quas aut harum molestiae et aliquam. Voluptatem ea magnam ipsam veniam est deserunt. Delectus velit laudantium error et praesentium numquam. Et autem velit qui in.','1992-03-31 15:41:04'),(122,22,22,'Repellat rerum reprehenderit exercitationem et voluptatibus sequi qui eligendi. Commodi repellendus quia tempore praesentium facilis autem ipsum. Voluptatem est temporibus quam excepturi expedita dolor impedit. Necessitatibus dolores sunt voluptatem veritatis.','1976-04-17 18:29:58'),(123,23,23,'Aliquam est architecto fuga molestias enim iste. Harum in laborum possimus iusto velit molestiae dolores. Voluptatum eum odio rerum voluptatem eum. Cumque vitae rem ipsam.','2009-06-09 11:15:31'),(124,24,24,'Harum et aspernatur perspiciatis. Aut aspernatur enim numquam consectetur illum quisquam. Omnis maxime est explicabo et illum omnis accusamus. Consequatur ullam sed vero laboriosam assumenda.','2007-07-21 02:44:02'),(125,25,25,'Rerum tempora rerum inventore. Molestias officiis et quod ea reiciendis commodi. Distinctio nam a quo itaque quia.','2009-12-28 11:32:03'),(126,26,26,'Quia blanditiis molestiae consequatur asperiores voluptas. Sit nostrum reiciendis voluptatem est. Excepturi similique voluptatem eveniet esse.','1974-03-12 03:51:07'),(127,27,27,'Nulla et autem dolorum vitae hic aut. Voluptatibus in quis sunt sequi. Unde alias minus quo consequatur ut cum accusantium a. Odit excepturi quia molestias hic qui corrupti autem.','1988-11-25 15:48:02'),(128,28,28,'Unde ducimus nulla aspernatur error quas fuga nesciunt. Inventore eaque asperiores exercitationem unde quas repellat. Inventore rerum ipsam velit vero voluptatibus voluptate.','2016-05-20 20:13:40'),(129,29,29,'Consequatur molestias accusamus assumenda sit. Nostrum libero minus repudiandae qui id distinctio. Molestiae eos accusantium eos quod ut. Ipsum in sit quia eum nihil suscipit.','1997-03-15 16:49:33'),(130,30,30,'Aliquam deserunt libero laborum at tenetur natus. Maxime deserunt accusantium optio harum repellat. Recusandae sapiente sequi est et.','1979-03-09 08:41:24'),(131,31,31,'Eius ipsa in sunt. Sed dolorem et sit sit qui ducimus voluptate. Numquam a molestias eligendi architecto. Alias hic dolorum nihil ea ut.','2012-09-27 22:26:54'),(132,32,32,'Ut et natus a perspiciatis. Sint excepturi qui aut sed. Iure quasi nostrum nisi reprehenderit magni. Id similique vero voluptas expedita ipsam. Consequuntur doloremque dolore ab et aut vitae aliquam assumenda.','2011-02-07 22:04:39'),(133,33,33,'Nihil voluptatem excepturi veritatis qui quis est quia. Ratione nostrum velit magnam tempore itaque commodi.','1981-10-12 19:29:30'),(134,34,34,'Asperiores mollitia ut perferendis excepturi. Id voluptatem dolores sit distinctio laudantium libero ratione. Eos qui aut laboriosam qui in dolores facere.','2010-06-13 15:38:38'),(135,35,35,'Aut quae enim eligendi ut saepe ex. Tempora sapiente quisquam impedit laborum. Dolor harum sed doloribus nemo doloremque dolorem odio. Dolores ut id facere non placeat sed ut.','1980-06-01 08:52:08'),(136,36,36,'Et quidem aut eos sed doloribus officiis modi. Sapiente soluta sed nesciunt assumenda beatae quae et quidem. Temporibus maiores nihil officia maiores sapiente non accusamus.','1984-03-09 16:18:56'),(137,37,37,'Ut recusandae iure est distinctio. Est architecto perspiciatis optio. Quos eum dicta neque perferendis dicta qui voluptatum.','2004-05-28 03:06:16'),(138,38,38,'Voluptatem voluptatem voluptatem deleniti nostrum. Voluptas enim numquam aut molestiae harum nulla. Tempore quo sit voluptatem dolores id laborum expedita. Sequi dicta quis similique autem.','2016-05-22 10:52:39'),(139,39,39,'Vel aut officia quia ut et porro nostrum. Nemo quaerat earum et omnis nisi eveniet unde similique. Iure odit et et consequatur quaerat in consequatur exercitationem.','1983-09-19 11:11:37'),(140,40,40,'Dignissimos quos asperiores aliquam dignissimos quia maiores velit. Praesentium sit dolorem possimus similique tenetur temporibus ea. Similique consequuntur cumque omnis id minima error molestiae quae. Perferendis iusto voluptate fuga.','2016-09-26 02:32:05'),(141,41,41,'Qui perspiciatis ad harum explicabo autem numquam. Sit quibusdam odit excepturi aut dolores deserunt. Molestiae ut ea quia. Rerum itaque ut placeat ea et rem voluptatem. Autem asperiores doloremque sit harum laudantium amet et repellendus.','1999-09-13 05:51:31'),(142,42,42,'Quia sed neque provident eos sit voluptatem alias. Minima natus aut iure. Et dolorem quo doloribus. Quasi labore suscipit et repudiandae animi et id quia.','1989-09-18 00:23:01'),(143,43,43,'Quis facere at labore odio et id. Molestias et suscipit omnis dolor.','2011-06-27 22:45:23'),(144,44,44,'Error architecto enim laudantium officiis explicabo. Aliquam autem est numquam minima voluptates.','1989-11-08 07:58:00'),(145,45,45,'Est rerum repellendus dignissimos ex voluptatem mollitia quia. Labore dolore veritatis consectetur et voluptas omnis eos. Aut modi aliquid blanditiis illo recusandae iure.','1976-11-08 22:01:38'),(146,46,46,'Eveniet sed ea voluptatem qui mollitia optio voluptatem. Sunt laboriosam incidunt iure molestiae dolorem corporis. Et harum provident et commodi occaecati magni voluptatibus. Nobis accusantium iusto itaque voluptas id error sit.','2000-11-10 02:18:06'),(147,47,47,'Voluptas aut et ullam ipsum minus. Veniam exercitationem eos asperiores impedit. Sequi ex iste laudantium inventore eos sint voluptas. Officia nulla quos dicta mollitia ut.','2006-12-31 06:21:26'),(148,48,48,'Fugiat asperiores perspiciatis repudiandae iusto mollitia ut quia. Harum illum facilis eum ipsum doloribus et facilis magnam. Non quam quo suscipit laudantium deserunt. Magni et distinctio officia possimus facere et.','1998-04-04 11:46:00'),(149,49,49,'Aut quo atque nihil sit sapiente non consequuntur. Et aut ipsum est voluptatem in quisquam quia.','2002-08-06 13:58:33'),(150,50,50,'Unde velit asperiores non adipisci pariatur eum blanditiis. Et nemo quis sit officiis harum ut. Quam repudiandae perferendis ut id eum quae.','1978-09-02 21:33:40'),(151,51,51,'Nemo consectetur dolorem est quam consequatur consequatur in. Quo ut non aspernatur omnis odio repudiandae impedit blanditiis.','2015-10-27 00:12:55'),(152,52,52,'Laudantium quis et totam officiis ea. Ut laborum nobis voluptatem aut sit. Reprehenderit qui quo in rerum eos omnis ipsam. Dolorem molestiae qui aut reiciendis nulla fuga.','1997-12-25 19:57:44'),(153,53,53,'Est iure ut sunt excepturi ea quia est. Maiores officiis optio adipisci et aspernatur voluptas. Rem vel a enim hic.','1995-06-20 05:58:54'),(154,54,54,'Iure modi qui autem autem cupiditate. Quaerat saepe inventore exercitationem nemo. Aut vero rerum inventore sed at natus.','1990-04-19 15:52:11'),(155,55,55,'Dolore iusto itaque id necessitatibus sint. Reiciendis aut qui iusto dolorem. Dolorem cum est quasi reiciendis quis. Voluptate voluptas eius corporis cum.','1986-01-17 21:51:37'),(156,56,56,'Dolores assumenda non nostrum et earum eius. Sed quasi doloremque nam saepe et. Nostrum eveniet pariatur libero ut expedita velit.','2001-03-21 10:38:11'),(157,57,57,'Voluptatem aperiam ipsum veritatis dolore esse voluptas. Eveniet delectus repellendus aut nam. Voluptatem repellendus voluptatem dignissimos quia. Fugit dolorem suscipit voluptas tempora delectus id.','1995-12-26 12:45:29'),(158,58,58,'Consequatur inventore repudiandae architecto suscipit. Explicabo corrupti placeat quisquam non. Nihil dolor doloremque assumenda enim quam maiores ratione incidunt. Dolore amet dolores ratione similique.','1990-05-21 21:15:44'),(159,59,59,'Esse quibusdam adipisci soluta. Enim quibusdam sunt corrupti dolorem ullam sit id nam. Quia voluptatem eveniet sint nostrum odio. Qui maiores et labore repudiandae repudiandae quibusdam rerum.','1976-08-05 10:48:32'),(160,60,60,'Porro et laborum et laborum ab ut aut quo. Eos repellendus consequatur odit ea molestiae quam unde. Sed aperiam voluptas labore dolores similique. Cumque aut optio cum qui hic veritatis.','1990-12-05 16:47:20'),(161,61,61,'Est non porro omnis error totam dolor alias. Vitae earum architecto dicta aut fugiat id. Exercitationem et eum officiis.','1978-09-23 16:01:14'),(162,62,62,'Nobis non corrupti deserunt aperiam. Et natus nostrum eligendi porro eos aperiam. Molestiae rerum ea nam est pariatur.','2012-06-01 16:35:03'),(163,63,63,'Est quod natus et saepe ipsum nulla suscipit. Qui nulla ut tenetur dolorum vero non. Perferendis tempora dolores facilis dolorum repellendus ut.','1985-02-07 13:09:12'),(164,64,64,'Ipsum dignissimos veritatis commodi vitae alias cupiditate. Explicabo fuga facere ut et officiis ut ratione. Qui officiis natus officia enim aut. Possimus illum at eveniet ut adipisci consequuntur quis.','1975-07-24 16:36:30'),(165,65,65,'Quia enim dicta aliquam esse eveniet. Quae illum dolore dolores sed aperiam. Dolore explicabo a eos occaecati voluptatum nisi et quis. Debitis delectus aut illum neque ducimus deserunt. Laborum nesciunt sapiente corporis dicta.','2018-02-16 00:41:19'),(166,66,66,'Qui neque ut voluptas et. Ad quibusdam eum quia animi nihil. Nisi quas et reprehenderit a. Consectetur qui harum eos.','2015-06-20 12:01:35'),(167,67,67,'Velit dignissimos itaque sunt error perferendis. Illo nostrum soluta placeat illo tempore fugit est porro.','1989-07-01 16:36:47'),(168,68,68,'Ab impedit sit vel deleniti voluptatem et minima id. Excepturi facere soluta enim eos hic ut. Consequatur aut quos esse non harum quam itaque est.','2016-05-04 02:54:03'),(169,69,69,'Magnam aliquam in nobis accusamus qui qui. Deleniti ut dolor voluptatem eum. Doloremque quisquam ut repellendus sapiente quam dolore est.','2015-07-12 10:53:01'),(170,70,70,'Quas ipsa ex quasi ut. Animi libero aliquid et facilis. Unde dolorum minus autem sint. Non ut nostrum veniam rem rerum voluptatem pariatur.','1996-09-23 16:46:59'),(171,71,71,'Iusto deserunt sit soluta. Qui atque sed et omnis. Molestiae commodi aut necessitatibus inventore accusamus ab velit.','2002-03-31 10:27:44'),(172,72,72,'Voluptatibus qui adipisci molestias eos qui. Dolorem fugiat commodi sit voluptatum reiciendis.','2015-01-17 00:49:59'),(173,73,73,'Et praesentium laboriosam velit rerum aut. Deleniti voluptatem blanditiis quidem id explicabo accusantium et. Non fugiat consequuntur qui quis quo quas.','1970-09-22 13:32:22'),(174,74,74,'Sunt ab asperiores explicabo facere. Impedit consequuntur molestiae aut rem eum. Blanditiis fugiat quia nihil aut facere enim. Sit enim nisi quasi ex vitae.','1998-10-17 01:59:53'),(175,75,75,'Quia eveniet odit temporibus qui pariatur assumenda dolorem architecto. Mollitia voluptas nostrum dolorem sed tenetur doloremque asperiores est. Amet qui labore temporibus.','1973-09-01 00:52:38'),(176,76,76,'Ex velit et eos repellendus animi aut temporibus. At sit iusto laborum inventore. Laborum illo et inventore eligendi nihil iste sed nesciunt.','2016-08-26 22:58:55'),(177,77,77,'Consequatur quia delectus perferendis rerum sit. Exercitationem a ea rerum quidem velit. Exercitationem voluptates omnis quo non laudantium exercitationem sunt dolor. Nisi voluptas similique iure tempore dolor officiis sed.','2002-10-29 11:56:28'),(178,78,78,'Et et nihil iste maxime. Excepturi aut et quia hic cupiditate neque.','1982-09-23 01:38:58'),(179,79,79,'Quia perferendis dicta laborum debitis. Nemo ex et quia corporis autem porro tenetur. Eveniet sit earum ex debitis excepturi aperiam quia.','2010-01-26 09:36:31'),(180,80,80,'Eum ut voluptatem corporis distinctio. Dolor nulla nesciunt vitae et minus aliquid. Placeat eveniet dolorem ad reiciendis sed et incidunt. Maxime temporibus enim accusamus.','1980-11-03 23:40:09'),(181,81,81,'Aut magnam deserunt qui sunt explicabo quam nihil. Repellat repellat eum in similique quia ea. Consequuntur excepturi sed autem temporibus possimus. Laudantium aspernatur sed numquam voluptatum libero saepe.','1991-01-10 07:06:55'),(182,82,82,'Ut in aspernatur necessitatibus et animi harum officiis. Facilis perferendis rerum ea quasi recusandae qui sint. Quos animi iusto culpa voluptatum est maiores aperiam.','1975-10-22 09:53:11'),(183,83,83,'Non consequatur culpa quia odio recusandae qui. Voluptate reprehenderit neque dolorem aperiam voluptates accusantium assumenda. Ratione esse aperiam cumque voluptatum.','2002-05-16 00:12:39'),(184,84,84,'Quas ut cum aliquam consectetur corporis molestiae. Tenetur voluptatem veritatis aperiam vel quia. Accusamus architecto rerum aut explicabo amet laboriosam aut.','1992-03-15 13:43:11'),(185,85,85,'Dolorum corrupti accusantium at molestias. Possimus et voluptatem tempore necessitatibus eveniet ex.','1971-08-20 09:54:27'),(186,86,86,'Quidem placeat et fugit consequatur et magni dignissimos quo. Ut ab impedit necessitatibus dicta ea mollitia est. Qui quaerat et facilis assumenda dignissimos sit quia.','2004-02-28 02:46:11'),(187,87,87,'Est autem aliquid illo numquam rem officiis. Praesentium et id laborum natus. Dicta tenetur debitis excepturi est eveniet commodi. Sint cumque ipsa sunt perferendis corrupti qui.','1997-02-14 10:01:53'),(188,88,88,'Quaerat consequatur beatae sapiente dicta minus doloremque ratione. Id ea ullam repellat ab. Non reprehenderit id placeat error sed nihil maxime. Qui et modi aspernatur eligendi vitae.','2001-03-03 12:48:28'),(189,89,89,'Officiis neque qui asperiores quisquam debitis. Et eaque maxime magni atque adipisci. Sed ducimus exercitationem suscipit aut vitae. Labore facilis consequatur sit atque illo omnis nulla adipisci.','2008-04-11 01:38:12'),(190,90,90,'Illum sit quidem id non ut cupiditate. Et sit ab ut error eum voluptatem. Assumenda et deserunt hic. Doloremque enim omnis rerum iste repudiandae.','2004-03-10 04:39:49'),(191,91,91,'Facere temporibus sequi quos quo. Praesentium corrupti sunt harum vel.','2005-03-28 16:53:18'),(192,92,92,'Occaecati voluptatibus recusandae harum est. Cupiditate hic numquam et ipsa autem inventore.','1999-03-07 04:35:45'),(193,93,93,'Accusantium officia qui placeat a. Vitae repudiandae neque expedita voluptatibus esse corporis et. Harum qui delectus rem est est alias harum. Ut repudiandae autem officiis optio rerum asperiores pariatur.','2016-10-06 01:07:51'),(194,94,94,'Provident at aut minus et. Voluptatum voluptatum pariatur asperiores nam eveniet illum consectetur sint. Architecto eius quasi tenetur culpa ipsum nesciunt odio animi.','1997-04-03 15:54:11'),(195,95,95,'Sunt in in impedit voluptatem ipsum qui sapiente voluptatem. Et quo enim temporibus aperiam autem odio. Illo voluptatibus ducimus deleniti ut.','2005-07-23 05:32:34'),(196,96,96,'Sunt eum facere laboriosam expedita laudantium dolorem. Temporibus aperiam tenetur illum quibusdam saepe qui. Magni vero iure dolor quasi.','2006-10-24 21:50:07'),(197,97,97,'Laboriosam velit et fugit voluptas tenetur distinctio. Et molestias voluptatum qui quos in architecto consectetur repudiandae. Et nostrum quia est et voluptatum.','1996-03-09 09:04:44'),(198,98,98,'Repellendus incidunt et nulla voluptatum et commodi voluptatum. Aut sit tenetur excepturi sit. Eius dolore doloribus architecto voluptatem sit autem labore. Eos voluptate fuga voluptatem. Reiciendis vel id harum omnis vel.','1971-10-29 17:01:10'),(199,99,99,'Est id eum itaque et et cupiditate debitis. Cumque adipisci fugiat aut laboriosam libero. Dolorem harum reprehenderit sunt possimus corrupti voluptatum.','1991-06-25 08:22:39'),(200,100,100,'Molestias dicta odio corrupti provident. Eligendi provident sequi molestiae voluptatem. Consequatur et recusandae provident ratione sint. Labore quae nisi sunt itaque.','2010-04-12 12:16:21'),(201,1,1,'Consequatur ad voluptas provident rerum. Dolores aut ipsa amet numquam vel. Officiis consectetur dolor eum suscipit autem. Blanditiis culpa incidunt in aperiam. Beatae quaerat hic sapiente ex optio.','2006-05-05 16:56:49'),(202,2,2,'Accusantium ad eos quo et. Vero expedita veniam corrupti dolorem error est ipsum. Facilis amet illo dolore corporis dolorum quod. Praesentium magni qui sequi assumenda voluptate.','1979-06-04 13:20:18'),(203,3,3,'Quam totam iste vel voluptas eum quo. Repudiandae dolore qui recusandae quam dolorum libero officiis velit. Voluptatem perspiciatis autem ab numquam qui.','2000-12-20 23:05:29'),(204,4,4,'Quis alias ut et sapiente itaque. Dolore fuga quam tenetur similique. Ut quidem quis quibusdam.','1993-05-07 01:09:13'),(205,5,5,'Ipsam magni dolores beatae minus sit. Tenetur accusantium aut accusantium esse debitis inventore. Perspiciatis at omnis voluptas animi. Molestiae sapiente nulla qui sapiente voluptatem officiis sequi maxime.','1971-06-20 16:11:10'),(206,6,6,'At nesciunt esse sint cum illo dolorem quo eos. Et earum blanditiis laborum voluptatem. Doloremque corporis sequi reiciendis.','2011-12-12 23:14:23'),(207,7,7,'Voluptas facere est nemo recusandae tenetur possimus rerum delectus. Ea debitis voluptates quae blanditiis. Explicabo velit velit est laboriosam.','2000-06-26 01:01:43'),(208,8,8,'Quia eum in omnis debitis. Provident nulla qui voluptas fuga eaque qui ratione. Omnis tempore quibusdam amet ut.','1986-07-30 19:36:08'),(209,9,9,'Sapiente tempora aut ut voluptatem at. Corrupti ratione unde sed voluptas mollitia illo illum. Provident beatae libero quis aperiam architecto dolorum repellat. Sunt et at quam libero.','2018-06-24 15:30:25'),(210,10,10,'Dolor in velit et iusto. Dolorum eveniet voluptas laboriosam praesentium. Pariatur in sed mollitia et quaerat fugiat. Quis ut quis nam maiores quis error facilis. Nihil id dolor magni id quibusdam nobis.','1990-04-09 05:26:31'),(211,11,11,'Excepturi in et nobis aut. Aliquam quia accusantium assumenda amet similique voluptas impedit. Veniam nobis quibusdam et dolor eum consectetur.','2009-11-25 21:40:46'),(212,12,12,'Autem molestiae accusamus quia tempora excepturi aut. Non a amet voluptatem ea aperiam doloremque. Et fuga voluptas maxime ex.','2000-05-26 03:15:42'),(213,13,13,'Ut sit neque adipisci dolor molestias aut voluptatibus ut. Et ratione et provident. Magnam saepe voluptates ut maiores. Quia aspernatur aperiam voluptas ab.','2001-01-09 17:19:36'),(214,14,14,'Et cupiditate quisquam et saepe. Quam commodi corporis autem quas. Omnis nobis odio possimus adipisci. Ex ratione quo repellat aut sint voluptatibus ducimus qui.','1980-05-19 18:06:15'),(215,15,15,'Eveniet et quisquam occaecati debitis quasi. Tempore et itaque necessitatibus repellendus sequi quibusdam maiores ut. Eaque quia dolorem veniam dolorem sit et.','1988-08-31 06:01:02'),(216,16,16,'Tempora porro a ea. Aspernatur cupiditate aliquid rem voluptas repudiandae doloremque quasi. Cupiditate voluptas et esse quis natus quia. Quia expedita quae accusamus voluptatem quia sit facere ullam.','2014-06-27 03:29:18'),(217,17,17,'Sint reiciendis autem eos necessitatibus. Et quas minus earum quis. Omnis asperiores rerum quidem voluptatem autem.','1983-04-01 21:09:21'),(218,18,18,'Commodi et sit voluptatum facilis tempora unde facere. Molestiae nihil cumque ut cumque. Voluptates consequatur ut doloremque repellendus sint illum. Rerum cumque eum doloribus hic consequatur recusandae.','1983-01-27 18:26:36'),(219,19,19,'Beatae tempora accusamus animi. Ea quasi recusandae et aperiam voluptatem aspernatur excepturi eum. Omnis quo deleniti quo et sed ullam voluptatem magni. Aut fuga aut ea.','2003-08-26 22:39:18'),(220,20,20,'Cum cum voluptatem autem magnam error. Eos nemo et aliquid ad quia quas. Et blanditiis sunt temporibus facere. Vel repellat delectus veritatis.','2006-03-14 13:19:24'),(221,21,21,'Et neque explicabo quidem. Nulla non reiciendis velit dolorem. Ad et fuga ex. Consequatur esse laboriosam non.','1971-03-20 01:06:22'),(222,22,22,'Voluptatem voluptas culpa quidem quas ea. Quis laboriosam nisi qui dolores quia rerum. Et ut quod veritatis minima. Tenetur repellendus doloribus eos velit. Sed fugit aliquam ut consectetur ut molestiae.','1994-08-19 17:47:54'),(223,23,23,'Magnam omnis quaerat tenetur ut et. Error molestiae explicabo reiciendis vel qui atque sit.','1993-11-02 07:14:09'),(224,24,24,'Autem esse eos saepe non. Sit sed eaque impedit et est. Sunt non accusamus incidunt qui. Rerum modi unde non esse aut velit.','2001-10-25 14:22:53'),(225,25,25,'Blanditiis harum eius enim eius temporibus. Assumenda recusandae molestiae non corporis ut ad nobis quibusdam. Quia in dolorem pariatur. Dolorem ut est qui officia alias nobis porro.','1976-05-19 23:47:34'),(226,26,26,'Quis et ut sunt accusantium nobis numquam. Quaerat sit assumenda quisquam eveniet.','2008-08-13 09:35:13'),(227,27,27,'Et repellat soluta dolorem in id officiis. Eveniet rerum aut ut cupiditate. Pariatur vel et qui veritatis.','2008-07-26 11:19:05'),(228,28,28,'Et ea consectetur autem eligendi omnis. Veritatis soluta quo quas facere voluptas. Eos ut officiis doloremque.','1995-01-30 14:26:07'),(229,29,29,'Ut quia cumque quisquam illo magnam aspernatur placeat. Odio aliquid illum voluptas animi reprehenderit. Aut dolores totam aut fugiat asperiores neque. Saepe nam ipsum omnis.','1993-10-28 08:41:22'),(230,30,30,'Neque a suscipit incidunt quia laborum eum veniam. Nulla quam ipsam distinctio et suscipit ab ex est. Exercitationem nobis assumenda quia repellat ratione fugit est quia.','2002-03-30 03:02:54'),(231,31,31,'Beatae rerum sint quia eum. Et ab ratione quidem sequi autem. Qui consequatur sequi dolor. Aliquam eum neque delectus ex tempora et.','2004-01-31 00:14:05'),(232,32,32,'Et facilis aut autem praesentium et voluptatem. Voluptatem expedita quia qui voluptate qui aut. Esse similique illum porro voluptatem.','1982-11-15 10:17:18'),(233,33,33,'Sed possimus cum doloremque doloribus est illo qui. Voluptates culpa ut et quo quas dolor eius consectetur. Et aspernatur itaque in quae quia totam veritatis. Est autem magnam laborum dolores vero et.','2013-08-10 22:01:01'),(234,34,34,'Et sunt expedita in impedit molestias ut. Harum ut sapiente quia fugit quam tenetur. Deserunt aut voluptatem tenetur necessitatibus quidem ut non ullam. Ducimus quia consequuntur est minus tenetur quo.','2009-11-17 17:12:04'),(235,35,35,'Natus cumque accusamus temporibus. Consectetur consectetur voluptatem rerum blanditiis.','1979-12-06 19:27:46'),(236,36,36,'Nihil sed fugit sint dolores quidem quis sunt. Molestias tempora sit quibusdam dolores et est id.','2014-09-07 12:02:31'),(237,37,37,'Aspernatur a ea qui sed incidunt voluptates magni. Facilis culpa libero nisi sed explicabo autem praesentium. Quibusdam et quos nesciunt rerum. Velit quos autem temporibus.','1996-03-17 01:39:32'),(238,38,38,'Sapiente quia animi quisquam debitis voluptatem ad. Et ex voluptatem repellat repellat a eum ut quidem. Quis voluptatem omnis nam nihil. Aut reprehenderit nobis facere praesentium molestiae odit.','1984-05-31 08:41:16'),(239,39,39,'Et odio atque quia labore dicta alias. Recusandae harum provident dignissimos rem eligendi sint. Perferendis omnis quas veritatis porro dolorem quia maxime consequatur. Ipsum corporis ut ex ea sit deleniti sint.','2013-12-20 22:30:34'),(240,40,40,'Sit in blanditiis quisquam ex excepturi. Veniam ut aperiam praesentium maxime qui explicabo aliquid quos. Quod maiores nihil blanditiis nulla.','1985-09-06 23:07:42'),(241,41,41,'Quis id optio placeat sed illo voluptatem. Inventore natus rerum iure blanditiis laboriosam non sunt. Id assumenda eum fuga ut quia laudantium. Et praesentium tempora vero.','1991-06-10 10:27:39'),(242,42,42,'In doloremque nisi blanditiis et aliquid et accusamus voluptatem. Doloremque quae sint commodi perspiciatis est voluptatem dolorem.','1997-07-14 22:18:10'),(243,43,43,'Earum quis eaque dolorum nostrum. Beatae voluptates fuga et culpa ducimus. Unde enim ad perferendis quis fugit et voluptas repudiandae.','1993-10-26 05:08:09'),(244,44,44,'Similique labore repellat unde id et quas praesentium. Aut est voluptatem reiciendis voluptas est. Tenetur facere dolor autem totam consequatur.','2019-06-24 04:31:24'),(245,45,45,'Voluptatem quae asperiores nihil illum iure sed voluptas. In excepturi quia molestiae quod voluptas. Quia ut error recusandae porro quam et. Minima repudiandae et debitis voluptas tempora.','1982-08-09 01:13:54'),(246,46,46,'Quisquam est architecto deserunt et. Quas quisquam sint saepe. Et quisquam voluptas aliquam dolores est nihil et. Et quia amet laborum.','2002-04-28 10:42:24'),(247,47,47,'Deserunt ratione et accusantium. Veniam sint aut saepe rerum id laudantium quos. Ut vero omnis ut est.','1999-08-29 17:34:31'),(248,48,48,'Quod omnis ducimus enim placeat sint. Inventore ut consectetur atque. In minus voluptates provident.','1979-04-30 09:27:52'),(249,49,49,'Molestiae enim laudantium modi harum ea quasi ut quibusdam. Accusamus fugit est deserunt in vel praesentium ex. Laborum aut amet unde porro est distinctio.','1995-04-06 20:59:09'),(250,50,50,'Fugiat quia voluptas a dolores vel explicabo minima quas. Aut enim enim ipsum. Nemo labore consequatur sed quasi libero fugiat inventore.','2001-03-02 00:23:22'),(251,51,51,'Sint qui hic eius voluptatem est doloribus quidem id. Sunt maiores labore nesciunt. Ut harum atque eum quas.','1997-05-03 20:41:35'),(252,52,52,'Eum excepturi minus beatae iusto et maiores. Provident accusamus ullam iure quos accusamus. Laborum qui ratione libero culpa voluptatem. Corporis veritatis sed explicabo et autem.','1971-11-01 13:31:08'),(253,53,53,'Et laudantium aut modi facere aut. Porro ratione iusto sunt nihil quas voluptatem nulla. Temporibus eum vel et vitae et quae dolore.','1978-04-04 11:25:41'),(254,54,54,'Consequatur ea nesciunt nisi et iusto. Sed rerum iste aliquid eos vitae. Fugiat expedita accusantium quia quo.','1981-10-09 04:52:53'),(255,55,55,'Praesentium dolores consequatur omnis culpa. Rerum eaque eos iure. Possimus suscipit esse saepe neque.','1994-02-25 06:44:54'),(256,56,56,'Veritatis qui quod sit eaque laboriosam ab quidem officiis. Voluptatem eum rerum fugiat sint ea minus. Consequatur non error eius alias molestiae expedita harum.','2015-04-25 08:18:55'),(257,57,57,'Rerum at odio aut omnis praesentium qui ab. Voluptatem et sunt dolorum. Officiis fuga illum neque quia ratione. Blanditiis consequatur nam eum et magnam.','2021-04-09 15:20:38'),(258,58,58,'Non illum aut enim iure fugit voluptatem. Expedita minima voluptas et illo. Quibusdam quos est reiciendis et.','1999-06-02 01:58:48'),(259,59,59,'Distinctio provident nostrum alias praesentium et occaecati illum. Sed sit quia repellat id nobis. Alias veritatis non nostrum.','2008-12-26 21:47:37'),(260,60,60,'Et accusamus totam soluta quos quisquam est commodi. Ad eaque odio laudantium. Eius sint quia eum cupiditate enim fugit dolor. Praesentium sunt eum nemo ut.','2007-09-19 09:36:34'),(261,61,61,'Qui voluptatem natus ad quae accusantium temporibus. Rem ut quasi et eveniet nobis nisi deleniti. Consequatur dolor adipisci dignissimos aut. Dolorem sed unde tenetur.','1996-06-06 03:51:52'),(262,62,62,'Qui velit modi quisquam et a. Ab dolorum hic id qui et beatae consequatur cumque. Tempora enim ut et ipsa.','2005-11-14 10:21:36'),(263,63,63,'Veritatis maxime deserunt illo inventore illum quo. Non numquam facere delectus porro modi aut. Nihil atque dolorum ut id sed magni.','1985-03-10 10:35:06'),(264,64,64,'Quia occaecati sunt et eum voluptatem. Rerum molestiae aut et fuga nam. Quod voluptas aliquam quam rem debitis.','2016-02-29 20:54:34'),(265,65,65,'Praesentium laborum possimus dolorem odio sunt temporibus. Repudiandae et magni magni vitae quos voluptates vero. Pariatur corporis non voluptatibus sed iusto pariatur est sunt. Quia alias minus excepturi molestiae est odit.','2008-05-08 12:05:05'),(266,66,66,'Fugit dicta distinctio sed ad voluptatibus sunt. Facere earum fugit ea reprehenderit. Ex quo eligendi ut voluptates animi asperiores iusto. Ipsum cum debitis aliquid modi odio dolores laudantium.','2018-11-04 09:56:55'),(267,67,67,'Dolorem laboriosam dolorum qui. Animi voluptate et dolores officiis sed autem esse. Totam omnis fuga incidunt aspernatur tempora velit quas.','1985-01-08 20:20:57'),(268,68,68,'Voluptatem aut distinctio veritatis impedit. Voluptates tempora est rerum voluptatem atque eos animi. Amet quam expedita possimus asperiores repellat vel. Est facilis incidunt ipsum mollitia ea accusantium.','1986-04-16 06:54:35'),(269,69,69,'Similique est aut qui excepturi aut. Voluptatem optio perspiciatis voluptatibus accusamus veritatis est rerum. Dolor aut soluta qui aut omnis. Provident aut ratione aut optio minus. Reprehenderit est non facere sint inventore illum nihil.','1993-08-13 03:48:32'),(270,70,70,'Voluptatem ex quam ut reiciendis necessitatibus sed blanditiis. Tempora sit rem consequatur cupiditate quo non. Quae vitae quia fugiat eligendi.','2011-11-10 02:15:26'),(271,71,71,'Assumenda eligendi dolores odio ea iure veniam. Asperiores et dignissimos explicabo ratione enim animi. Delectus dolores consectetur omnis placeat pariatur animi molestiae aperiam.','1974-03-20 11:29:18'),(272,72,72,'Aut non itaque quia est eos illum. Ullam ducimus porro iusto quae suscipit molestias nobis. Adipisci et cumque provident repellendus nihil.','1989-02-13 02:05:55'),(273,73,73,'Expedita ut minus vel est esse et. Odio nam repellendus architecto porro dolores suscipit ea. Dolorem sit perspiciatis rerum sed autem molestiae quos numquam.','1975-10-10 00:54:09'),(274,74,74,'Rerum aut et a. Et enim facilis occaecati. Et velit voluptas quia est. Aut corrupti maxime aliquam atque ut omnis harum.','1973-03-01 18:25:51'),(275,75,75,'Quia cupiditate sit voluptatem ea id quae. Id eos qui molestias et. Aperiam itaque dolore rerum saepe recusandae. Quod ducimus sunt expedita enim.','2020-08-16 06:04:03'),(276,76,76,'Optio eos quia voluptas libero explicabo. Vel dolores dolorem exercitationem doloremque consequatur quae. A perferendis ea molestiae eius.','1997-10-21 20:21:19'),(277,77,77,'Aut dolorem aut itaque eaque nihil molestiae. Optio et aspernatur dolor et. Consequatur eos et minima et et commodi veniam. Odio ratione voluptas ad id.','1976-01-29 22:54:48'),(278,78,78,'Illum voluptas aut quia quisquam ut. Suscipit voluptatem occaecati molestias eius in maxime dolores. Et necessitatibus velit similique dignissimos cumque facere consectetur. Vero sit enim voluptate nostrum ad id ut.','1970-05-12 10:42:06'),(279,79,79,'Fuga nisi et ea voluptas. Sed officiis consequatur consectetur fugit qui. Dicta dolorem sit doloribus dolorem voluptatem. Dolores sapiente enim illum accusamus earum impedit.','2010-11-15 23:15:15'),(280,80,80,'Velit odio eos voluptates. Enim ea eum consequuntur temporibus et. In nesciunt iure non fugiat magni aliquid et.','1980-06-21 16:57:11'),(281,81,81,'Assumenda eaque consequatur harum iusto natus. Laudantium officia voluptas laudantium neque assumenda.','1979-09-26 00:58:43'),(282,82,82,'Sint architecto aliquid sit delectus sunt perferendis ducimus. Aut provident et et vitae. Sed rem quae minima vero. Sequi dolor distinctio fuga hic.','1990-12-01 12:38:34'),(283,83,83,'Qui distinctio quo quibusdam ut possimus sed. Error perferendis unde ex quas perferendis tempore iure et. Expedita accusantium et error incidunt. Impedit qui rerum iste itaque blanditiis.','2018-10-21 04:29:05'),(284,84,84,'Exercitationem ipsam libero corporis unde quibusdam officia. Magnam sint non voluptatum quis ea quidem qui. Rerum doloribus deserunt ut ut deleniti maxime consequuntur. Occaecati accusamus alias natus.','1995-04-02 03:05:13'),(285,85,85,'Eius tenetur voluptas dolorem maiores placeat rem. Quo ducimus quam rerum illo voluptatum at. Sit ut id quo.','2000-05-21 10:02:47'),(286,86,86,'Quae accusantium quo rerum. Aliquid minima sequi aut hic deleniti voluptate ducimus. Aperiam sapiente harum voluptatem dolor ratione qui.','2020-03-31 21:09:03'),(287,87,87,'Nam mollitia perferendis reprehenderit. Illum fugit voluptatem et culpa et nobis. Quisquam blanditiis inventore aut odit culpa sit ut.','1982-01-06 07:03:46'),(288,88,88,'Eos reiciendis et itaque fugiat. Et nihil eum molestiae ea voluptas. Iste debitis exercitationem aliquid nihil magnam error.','1974-08-09 20:47:04'),(289,89,89,'Iure sit id sit iusto voluptatibus magnam. Porro quo voluptas in porro consequuntur voluptatibus fugit. Natus et culpa tempora eum tempora. Exercitationem dolore et accusantium sit.','1979-06-13 13:02:32'),(290,90,90,'Voluptatem et dolores libero. Possimus sunt eos aut maxime omnis est sequi. Nobis dolor laudantium neque beatae. Veritatis soluta tenetur ipsam tempore. Veritatis dignissimos occaecati aut asperiores minus.','2005-03-27 10:21:32'),(291,91,91,'Harum qui rerum id ipsum distinctio et. Cumque nihil sapiente est rem et id numquam. Reprehenderit mollitia similique est debitis qui harum voluptatum error.','2005-12-19 05:01:02'),(292,92,92,'Voluptas magnam consequuntur voluptas non nesciunt et dignissimos sunt. Voluptate odit ut similique repellat quam atque. Voluptatem sed autem eos beatae debitis officia dignissimos. Quis quo velit in quaerat.','1980-07-03 13:34:36'),(293,93,93,'Iste eos provident consequatur aut iusto ad. Qui temporibus totam sapiente nisi recusandae similique qui. Quidem assumenda voluptatibus repellendus incidunt. Maiores cum et sint fugit.','1984-12-09 09:23:55'),(294,94,94,'Id maxime alias facilis ullam aliquid molestiae qui. Corporis sed omnis impedit pariatur illum. Non qui quo doloremque quis natus delectus rerum porro.','1984-09-30 17:55:45'),(295,95,95,'Omnis minima officia repellendus ut corrupti. Qui quas molestiae maxime rerum et asperiores. Vitae omnis est sint et. Non commodi ex aut atque incidunt et voluptas. Impedit quibusdam consequatur expedita distinctio ea dolorem ducimus.','2018-10-25 11:27:43'),(296,96,96,'Dolore dolorem et reiciendis repellat quia dolorum alias. Qui vero dolorem nam ut. Nulla sunt officiis doloribus architecto architecto. Ea sequi et hic officia sequi culpa.','1988-01-31 19:40:53'),(297,97,97,'Quos sapiente fugit ex doloremque. Animi voluptas officia quasi dolores sint illum quod. Adipisci consequuntur et error magnam. Autem porro possimus ea ut soluta veniam expedita atque.','2019-06-24 02:05:27'),(298,98,98,'Sed et modi eius laboriosam doloribus velit. Quo corrupti cum aut fugit laborum aut sint. In itaque nostrum sint. Similique id voluptas molestias.','1986-06-17 15:44:17'),(299,99,99,'Cumque temporibus nulla fugiat mollitia rerum enim. Ducimus dolorem doloribus dolor minima quia.','1983-01-08 18:16:05'),(300,100,100,'Expedita neque maxime dolor sit voluptate. Tempore dolores et distinctio similique. Voluptates iste assumenda consectetur quasi. Commodi ex eius error harum minima voluptate hic. Voluptatem dignissimos quibusdam dolorum aut autem reprehenderit.','2016-12-28 10:41:02');
/*!40000 ALTER TABLE `messages` ENABLE KEYS */;
UNLOCK TABLES;

--
-- Table structure for table `photo_albums`
--

DROP TABLE IF EXISTS `photo_albums`;
/*!40101 SET @saved_cs_client     = @@character_set_client */;
/*!40101 SET character_set_client = utf8 */;
CREATE TABLE `photo_albums` (
  `id` bigint(20) unsigned NOT NULL AUTO_INCREMENT,
  `name` varchar(255) COLLATE utf8mb4_unicode_ci DEFAULT NULL,
  `user_id` bigint(20) unsigned DEFAULT NULL,
  PRIMARY KEY (`id`),
  UNIQUE KEY `id` (`id`),
  KEY `user_id` (`user_id`),
  CONSTRAINT `photo_albums_ibfk_1` FOREIGN KEY (`user_id`) REFERENCES `users` (`id`)
) ENGINE=InnoDB AUTO_INCREMENT=51 DEFAULT CHARSET=utf8mb4 COLLATE=utf8mb4_unicode_ci;
/*!40101 SET character_set_client = @saved_cs_client */;

--
-- Dumping data for table `photo_albums`
--

LOCK TABLES `photo_albums` WRITE;
/*!40000 ALTER TABLE `photo_albums` DISABLE KEYS */;
INSERT INTO `photo_albums` VALUES (1,'sit',1),(2,'tenetur',2),(3,'nemo',3),(4,'corporis',4),(5,'delectus',5),(6,'modi',6),(7,'doloremque',7),(8,'debitis',8),(9,'fuga',9),(10,'fugit',10),(11,'in',11),(12,'a',12),(13,'voluptatem',13),(14,'quam',14),(15,'earum',15),(16,'adipisci',16),(17,'placeat',17),(18,'deserunt',18),(19,'doloribus',19),(20,'cum',20),(21,'porro',21),(22,'perferendis',22),(23,'ut',23),(24,'facilis',24),(25,'qui',25),(26,'neque',26),(27,'omnis',27),(28,'tenetur',28),(29,'velit',29),(30,'et',30),(31,'est',31),(32,'suscipit',32),(33,'tenetur',33),(34,'vitae',34),(35,'et',35),(36,'ullam',36),(37,'suscipit',37),(38,'accusantium',38),(39,'nobis',39),(40,'pariatur',40),(41,'at',41),(42,'sint',42),(43,'ut',43),(44,'eius',44),(45,'aut',45),(46,'tenetur',46),(47,'iste',47),(48,'quam',48),(49,'qui',49),(50,'atque',50);
/*!40000 ALTER TABLE `photo_albums` ENABLE KEYS */;
UNLOCK TABLES;

--
-- Table structure for table `photos`
--

DROP TABLE IF EXISTS `photos`;
/*!40101 SET @saved_cs_client     = @@character_set_client */;
/*!40101 SET character_set_client = utf8 */;
CREATE TABLE `photos` (
  `id` bigint(20) unsigned NOT NULL AUTO_INCREMENT,
  `album_id` bigint(20) unsigned DEFAULT NULL,
  `media_id` bigint(20) unsigned NOT NULL,
  UNIQUE KEY `id` (`id`),
  KEY `album_id` (`album_id`),
  KEY `media_id` (`media_id`),
  CONSTRAINT `photos_ibfk_1` FOREIGN KEY (`album_id`) REFERENCES `photo_albums` (`id`),
  CONSTRAINT `photos_ibfk_2` FOREIGN KEY (`media_id`) REFERENCES `media` (`id`)
) ENGINE=InnoDB AUTO_INCREMENT=101 DEFAULT CHARSET=utf8mb4 COLLATE=utf8mb4_unicode_ci;
/*!40101 SET character_set_client = @saved_cs_client */;

--
-- Dumping data for table `photos`
--

LOCK TABLES `photos` WRITE;
/*!40000 ALTER TABLE `photos` DISABLE KEYS */;
INSERT INTO `photos` VALUES (1,1,1),(2,2,2),(3,3,3),(4,4,4),(5,5,5),(6,6,6),(7,7,7),(8,8,8),(9,9,9),(10,10,10),(11,11,11),(12,12,12),(13,13,13),(14,14,14),(15,15,15),(16,16,16),(17,17,17),(18,18,18),(19,19,19),(20,20,20),(21,21,21),(22,22,22),(23,23,23),(24,24,24),(25,25,25),(26,26,26),(27,27,27),(28,28,28),(29,29,29),(30,30,30),(31,31,31),(32,32,32),(33,33,33),(34,34,34),(35,35,35),(36,36,36),(37,37,37),(38,38,38),(39,39,39),(40,40,40),(41,41,41),(42,42,42),(43,43,43),(44,44,44),(45,45,45),(46,46,46),(47,47,47),(48,48,48),(49,49,49),(50,50,50),(51,1,51),(52,2,52),(53,3,53),(54,4,54),(55,5,55),(56,6,56),(57,7,57),(58,8,58),(59,9,59),(60,10,60),(61,11,61),(62,12,62),(63,13,63),(64,14,64),(65,15,65),(66,16,66),(67,17,67),(68,18,68),(69,19,69),(70,20,70),(71,21,71),(72,22,72),(73,23,73),(74,24,74),(75,25,75),(76,26,76),(77,27,77),(78,28,78),(79,29,79),(80,30,80),(81,31,81),(82,32,82),(83,33,83),(84,34,84),(85,35,85),(86,36,86),(87,37,87),(88,38,88),(89,39,89),(90,40,90),(91,41,91),(92,42,92),(93,43,93),(94,44,94),(95,45,95),(96,46,96),(97,47,97),(98,48,98),(99,49,99),(100,50,100);
/*!40000 ALTER TABLE `photos` ENABLE KEYS */;
UNLOCK TABLES;

--
-- Table structure for table `profiles`
--

DROP TABLE IF EXISTS `profiles`;
/*!40101 SET @saved_cs_client     = @@character_set_client */;
/*!40101 SET character_set_client = utf8 */;
CREATE TABLE `profiles` (
  `user_id` bigint(20) unsigned NOT NULL,
  `gender` char(1) COLLATE utf8mb4_unicode_ci DEFAULT NULL,
  `birthday` date DEFAULT NULL,
  `photo_id` bigint(20) unsigned DEFAULT NULL,
  `created_at` datetime DEFAULT current_timestamp(),
  `hometown` varchar(100) COLLATE utf8mb4_unicode_ci DEFAULT NULL,
  UNIQUE KEY `user_id` (`user_id`),
  CONSTRAINT `fk_user_id` FOREIGN KEY (`user_id`) REFERENCES `users` (`id`) ON DELETE NO ACTION ON UPDATE CASCADE
) ENGINE=InnoDB DEFAULT CHARSET=utf8mb4 COLLATE=utf8mb4_unicode_ci;
/*!40101 SET character_set_client = @saved_cs_client */;

--
-- Dumping data for table `profiles`
--

LOCK TABLES `profiles` WRITE;
/*!40000 ALTER TABLE `profiles` DISABLE KEYS */;
INSERT INTO `profiles` VALUES (1,'f','1996-07-19',1,'2011-10-03 04:46:05',NULL),(2,'f','1974-10-12',2,'1983-08-27 18:47:59',NULL),(3,'m','1985-08-27',3,'1972-01-14 14:02:36',NULL),(4,'m','2016-06-19',4,'2020-05-06 12:33:30',NULL),(5,'m','1985-08-04',5,'2000-03-17 12:00:57',NULL),(6,'f','1989-06-16',6,'2006-06-17 07:55:09',NULL),(7,'m','1986-02-22',7,'1970-10-11 04:06:49',NULL),(8,'m','1985-05-02',8,'1989-08-05 05:51:04',NULL),(9,'f','1982-02-19',9,'1976-11-03 03:03:02',NULL),(10,'m','1978-07-01',10,'1972-01-13 15:15:58',NULL),(11,'f','2002-08-16',11,'2006-04-16 03:30:55',NULL),(12,'f','1991-04-20',12,'2009-03-20 07:45:40',NULL),(13,'m','1998-02-23',13,'1986-06-20 15:42:29',NULL),(14,'f','2008-01-30',14,'2005-07-20 02:03:56',NULL),(15,'f','1996-06-14',15,'2016-11-27 00:03:19',NULL),(16,'f','1986-05-27',16,'1981-03-28 15:52:37',NULL),(17,'m','1970-07-20',17,'2003-03-24 21:54:26',NULL),(18,'m','2018-07-27',18,'2011-06-05 12:50:20',NULL),(19,'m','1972-03-17',19,'1974-06-21 19:48:57',NULL),(20,'m','2015-11-13',20,'1976-02-22 00:24:14',NULL),(21,'m','1980-11-12',21,'1987-07-15 18:36:58',NULL),(22,'m','1991-12-28',22,'1992-07-11 10:59:52',NULL),(23,'m','2002-04-07',23,'1972-09-28 23:12:27',NULL),(24,'m','2006-05-07',24,'2020-01-20 23:02:54',NULL),(25,'f','1983-12-17',25,'1983-03-27 02:43:17',NULL),(26,'m','1975-07-24',26,'2001-01-08 00:07:51',NULL),(27,'f','2008-02-13',27,'1998-05-23 09:02:23',NULL),(28,'f','2010-05-29',28,'1970-09-13 15:18:03',NULL),(29,'m','2000-10-23',29,'1986-09-16 21:26:10',NULL),(30,'m','1995-12-10',30,'1984-07-20 01:13:44',NULL),(31,'m','1976-10-24',31,'1997-11-26 09:35:45',NULL),(32,'m','2002-08-11',32,'1981-12-09 14:00:16',NULL),(33,'f','1983-04-10',33,'1983-10-01 09:05:02',NULL),(34,'m','1985-05-25',34,'2017-12-18 14:37:30',NULL),(35,'f','1992-04-06',35,'1998-06-20 12:15:28',NULL),(36,'m','1976-01-20',36,'1983-11-22 06:56:46',NULL),(37,'m','2012-09-06',37,'1973-06-06 12:25:33',NULL),(38,'m','1982-03-17',38,'1970-04-14 09:50:58',NULL),(39,'f','1971-09-20',39,'1993-05-11 09:19:40',NULL),(40,'m','2016-12-10',40,'2007-01-18 14:55:32',NULL),(41,'m','2010-12-15',41,'1986-08-10 02:44:47',NULL),(42,'m','2016-07-06',42,'2010-10-10 19:19:44',NULL),(43,'m','2017-01-15',43,'1985-11-01 16:20:56',NULL),(44,'f','2010-08-25',44,'2016-02-01 05:03:14',NULL),(45,'m','1998-08-20',45,'1996-07-06 17:01:48',NULL),(46,'m','1992-03-30',46,'2000-01-30 10:43:50',NULL),(47,'m','1991-07-12',47,'2006-02-28 13:59:34',NULL),(48,'m','1980-12-31',48,'2021-06-02 05:28:56',NULL),(49,'f','1988-09-07',49,'2010-01-28 12:17:17',NULL),(50,'f','2003-08-08',50,'1989-04-12 11:49:56',NULL),(51,'f','1980-06-27',51,'1988-07-13 20:02:55',NULL),(52,'f','1980-07-21',52,'1971-09-14 16:49:51',NULL),(53,'m','2021-01-12',53,'1991-11-03 03:34:47',NULL),(54,'f','1993-11-15',54,'2020-06-30 06:07:36',NULL),(55,'f','1977-05-24',55,'2006-11-04 00:48:22',NULL),(56,'m','1978-02-25',56,'2016-12-01 02:10:14',NULL),(57,'f','1974-04-07',57,'1991-05-05 22:40:51',NULL),(58,'f','1990-04-19',58,'1976-02-23 07:33:09',NULL),(59,'f','2010-12-18',59,'2017-10-20 16:42:48',NULL),(60,'m','1983-06-20',60,'1998-07-05 22:03:30',NULL),(61,'f','1977-10-18',61,'2016-04-14 00:08:40',NULL),(62,'f','1974-11-01',62,'1980-09-29 12:36:24',NULL),(63,'f','1976-11-26',63,'2015-06-01 10:51:41',NULL),(64,'f','1997-11-26',64,'1973-02-28 22:28:46',NULL),(65,'f','2017-12-13',65,'1994-06-15 11:18:16',NULL),(66,'f','1986-11-29',66,'1989-09-07 17:09:55',NULL),(67,'m','1978-06-22',67,'2017-08-26 20:23:14',NULL),(68,'f','2011-11-07',68,'1970-05-31 01:24:18',NULL),(69,'m','1972-08-20',69,'1971-07-25 20:22:04',NULL),(70,'f','1995-03-15',70,'1974-07-27 01:13:19',NULL),(71,'m','1983-05-21',71,'2011-01-02 16:20:31',NULL),(72,'f','1971-05-14',72,'1998-12-15 14:40:10',NULL),(73,'f','1970-12-04',73,'2012-07-28 21:53:46',NULL),(74,'m','1984-05-29',74,'2006-02-20 17:51:05',NULL),(75,'f','2009-08-14',75,'1975-07-22 18:20:38',NULL),(76,'m','1986-04-02',76,'1987-07-01 00:31:05',NULL),(77,'m','1992-08-29',77,'2010-11-13 22:12:16',NULL),(78,'m','2010-08-14',78,'2007-02-01 12:34:04',NULL),(79,'f','1973-03-14',79,'1978-07-07 03:52:29',NULL),(80,'f','1981-08-23',80,'2008-11-27 08:36:52',NULL),(81,'f','2012-02-28',81,'1990-12-23 11:56:45',NULL),(82,'f','1993-09-03',82,'2003-11-27 08:01:24',NULL),(83,'m','2010-07-07',83,'1993-07-31 19:15:59',NULL),(84,'m','1989-11-14',84,'2018-06-08 15:15:07',NULL),(85,'f','2015-11-13',85,'1973-05-07 04:35:05',NULL),(86,'f','1972-06-22',86,'2008-07-14 09:54:38',NULL),(87,'m','2009-01-14',87,'2003-03-13 21:44:33',NULL),(88,'f','2005-06-28',88,'1996-04-28 02:15:56',NULL),(89,'m','2002-07-14',89,'1971-01-18 23:56:04',NULL),(90,'m','2018-06-27',90,'2001-07-11 22:19:05',NULL),(91,'f','1987-07-29',91,'1988-06-30 00:36:29',NULL),(92,'m','2009-03-03',92,'2007-12-11 07:57:09',NULL),(93,'m','1988-10-09',93,'1992-04-04 05:59:37',NULL),(94,'m','2016-11-24',94,'1971-05-18 09:45:33',NULL),(95,'f','1996-11-29',95,'1988-02-11 08:30:50',NULL),(96,'f','1980-12-06',96,'1985-03-31 07:09:09',NULL),(97,'m','1984-05-07',97,'1975-03-13 08:18:18',NULL),(98,'m','1974-08-13',98,'2000-11-20 21:18:58',NULL),(99,'m','1998-05-10',99,'2001-06-17 06:57:20',NULL),(100,'f','1974-07-02',100,'1987-02-10 08:53:19',NULL);
/*!40000 ALTER TABLE `profiles` ENABLE KEYS */;
UNLOCK TABLES;

--
-- Table structure for table `users`
--

DROP TABLE IF EXISTS `users`;
/*!40101 SET @saved_cs_client     = @@character_set_client */;
/*!40101 SET character_set_client = utf8 */;
CREATE TABLE `users` (
  `id` bigint(20) unsigned NOT NULL AUTO_INCREMENT,
  `firstname` varchar(50) COLLATE utf8mb4_unicode_ci DEFAULT NULL,
  `lastname` varchar(50) COLLATE utf8mb4_unicode_ci DEFAULT NULL COMMENT '',
  `email` varchar(120) COLLATE utf8mb4_unicode_ci DEFAULT NULL,
  `password_hash` varchar(100) COLLATE utf8mb4_unicode_ci DEFAULT NULL,
  `phone` bigint(20) unsigned DEFAULT NULL,
  PRIMARY KEY (`id`),
  UNIQUE KEY `email` (`email`),
  UNIQUE KEY `phone` (`phone`),
  KEY `users_firstname_lastname_idx` (`firstname`,`lastname`)
) ENGINE=InnoDB AUTO_INCREMENT=101 DEFAULT CHARSET=utf8mb4 COLLATE=utf8mb4_unicode_ci COMMENT='';
/*!40101 SET character_set_client = @saved_cs_client */;

--
-- Dumping data for table `users`
--

LOCK TABLES `users` WRITE;
/*!40000 ALTER TABLE `users` DISABLE KEYS */;
INSERT INTO `users` VALUES (1,'Abdul','Hand','velva.dare@example.net','9fe7fbf5f6feac2e563d90b8c8be0938fe1dd28b',79669052728),(2,'Hayden','Gutmann','berneice91@example.net','2dece6ba29ba1b04e1bc702e99b726b1fab3ce9d',79946693990),(3,'Jeramy','Sawayn','brekke.claudie@example.com','500f58813c09460b4792713d1da0cf353714a2c5',79301121788),(4,'Kolby','Marvin','yundt.liza@example.org','e20c9171823d7f3544b2336098bf865ec5ce8b3e',79521885926),(5,'Modesta','Hammes','jreynolds@example.net','16c3a08c23e83e9e73f4332931bb8619a9f0452e',79581846402),(6,'Amya','O\'Hara','walsh.nickolas@example.com','824335669f82e12f659549c9d2b05bbc0158b420',79868447907),(7,'Otha','Mosciski','ladams@example.net','a4555dc2787eb730944b29e67b9a105a73d56002',79493590502),(8,'Nettie','Ondricka','waelchi.joanny@example.com','84561ac2f8c339683632178cb44ca364ea095bd4',79949355379),(9,'Adriel','Fay','carter.daphney@example.org','3db1b1017ed4addd83eac309c7d1fe8f9aacff2a',79908927123),(10,'Maryse','Batz','elfrieda.schoen@example.com','1639c0cb03c522f837c8d60d5d3000133cb6db1f',79843240701),(11,'Wilson','Moore','fwiza@example.com','1e6e8dc3d8b8c5a8a6c80be032fd0e1f84710a32',79066990783),(12,'Frances','Kozey','randall83@example.org','211dd113d8ca961b0559b812c6467fe9d9460d6a',79430974205),(13,'Felipe','Collins','hhand@example.net','555693a67d9ad23b4f11ccd30aa8d7905f3be1a8',79152085024),(14,'Deshawn','Schmeler','schinner.zaria@example.org','40b94402f125faa9ee7c7ec86632bab565315c34',79859648500),(15,'Kade','Sporer','kelsie46@example.net','0e6f5e549468a13cd3cdc80f9eb25803020f1f91',79278245355),(16,'Brooke','Osinski','haag.edwina@example.net','708ffcfa42ad5e4f5b10ba19d1de75c0a12cf062',79326420082),(17,'Dorcas','Mitchell','sonya.hoeger@example.net','0db9ddbe65db0bfd0195f53e76404d128acec7cd',79073334012),(18,'Renee','Prosacco','amann@example.org','5dda66b665510f72b4dcf93e7dc4c00f43834360',79990153335),(19,'Lola','Schulist','turner.alvis@example.com','9ff966cefbcfb131de650c73105c50b01ac471c6',79835128543),(20,'Marcellus','Fay','lily34@example.com','1875090e6b762a3da536175834c47892d8808945',79741656094),(21,'Kieran','Kovacek','vonrueden.garett@example.org','71b0ee3e904c50e41809895e311fa8384d266435',79199690104),(22,'Hobart','Kilback','jast.emmie@example.net','f065283a14a4449d4cda6a342cf91fa0861ee9e5',79012729634),(23,'Jalyn','Thompson','ankunding.marilyne@example.org','10ee4da3fb73ac135490bc957cf84d21b3151440',79019434866),(24,'Casimir','Kuvalis','pprice@example.com','ef56abea712aa79b5f19ce2d32891b5148548e98',79929772038),(25,'Marian','Zboncak','schneider.alvera@example.com','c6375d79387f090ddc8e3678f9385a729f69c835',79346417139),(26,'Eduardo','Schaden','rwunsch@example.org','cb9a6a45112e5f387c05add39bb42c033dea0e63',79605181626),(27,'Javier','Stark','uquigley@example.org','ef758ac982c8847a872aafef6654ae0488da6ee2',79887834018),(28,'Kathryn','Graham','tristin18@example.org','dcd015ebd8a7856703f47322e3c48fc687376f7f',79438965264),(29,'Harvey','Frami','schowalter.luna@example.org','313792e669583cd779290b070aeaeb4ad0037f1e',79967172983),(30,'Willy','Terry','gerda38@example.net','28c54a81d731e0845cf80e03b060bda35144af61',79566725744),(31,'Cheyenne','Rempel','franz.upton@example.net','1cd29c32a4576b636eec51c11b9c85146bb5258d',79315927852),(32,'Camryn','Thiel','tad.bins@example.net','89f45c6a657810df6652c7791cc00d1f5a668b26',79936035863),(33,'Burdette','Hyatt','tyra12@example.org','bc4d35d5b305964464d91b59cc6aad7c3aef49e7',79395536598),(34,'Horace','Barton','maxime69@example.net','80d37d6a52968b239f28a46d94e9cff788753cd7',79920615332),(35,'Candace','Langosh','harber.aisha@example.org','85eecc77ed6264c1002eeb443e65baf8fa51ace3',79820283107),(36,'Marques','Bednar','corkery.rodrigo@example.com','8bb3be13f9d9086d011c8ee74474963989ca3949',79377530758),(37,'Cordell','Schultz','ledner.tony@example.com','b6a8270b5ce69a0eef4329ed26844c31b33d9163',79968081258),(38,'Hershel','Paucek','schneider.donnie@example.org','e9211d183d94ce70b4b9d9a6386ae18ad91b2477',79562934185),(39,'Katelyn','Olson','maybell.klocko@example.org','1179990627d0386c5c8ce55834cd3ea3954a3704',79249837962),(40,'Tod','Morar','wellington.kuhic@example.com','4d98d1d00f3347a9606f51a1a5131dc06b07da11',79485491464),(41,'Larissa','Spinka','klein.norval@example.net','d05cb73aa906d3369ffacbceb881bbef75a68b2d',79905121656),(42,'Velda','Schaden','herzog.hailie@example.org','a72666b181877a7aadc570026edb9a84673a450e',79867536289),(43,'Keshaun','McClure','doris86@example.net','0a86b224ae78913b106fe33e04a812315d513190',79769241451),(44,'Dillan','Wilkinson','sheathcote@example.com','b2d4034de192a08232c30e7e3c0fa9a75f5fc66a',79503437840),(45,'Alan','Schamberger','acummings@example.net','052acd4cb25ebc3c579f921a02b0a793b9157133',79843043443),(46,'Jayden','Quigley','qhartmann@example.net','0e28719333bb078592fec842790e3b1eec595cc2',79614207863),(47,'Miles','Kuhlman','marguerite81@example.com','15788e144ef4566cca500cf0adefbde6a7e8546a',79442108452),(48,'Joesph','Reichert','qwest@example.com','3c7bd3ccfd09cd5d2b8c4684e4f7c5ec17fdc48c',79778662061),(49,'Ricky','Monahan','emerson80@example.org','98b79fa264a2d6324844e84201a6e5d392ba92a5',79652959662),(50,'Thea','Zemlak','giovanna.yost@example.com','88cd1611c55a061eac235a6533ac488a3f683e87',79699592128),(51,'Isabell','Johnson','padberg.enola@example.org','b9e5e370b6e1c65a358c3d137cde32b6b5d0c5f0',79942878725),(52,'Keanu','Bernhard','ystark@example.net','486565d0fb76315a75d3e7599d61c9e27002cb8e',79360718606),(53,'Hope','Schoen','swift.johann@example.net','0a752895ebf4223aebcae0659204b5a10cc84cf3',79821131038),(54,'Tevin','Funk','freida.fahey@example.net','b0886777f4fa3942dacc84787f7f7fe15fd909a2',79282236692),(55,'Henderson','Schultz','koss.rick@example.org','c7f75b82d438b38393db2c6c24c8b112163c24ac',79095829813),(56,'Gloria','Williamson','stephanie.hudson@example.org','212c5fd8da06340f1cd429a6244206c3d9e25bd8',79048307254),(57,'Timothy','Lesch','sabrina47@example.org','9c0338a8f36d8a625e30d261bd916db209440aa4',79163971630),(58,'Vinnie','Abshire','dsipes@example.net','36c1c4df7cc7262788da9bcaf1f8b475c6b59fe7',79504010287),(59,'Kaley','Shields','jairo.gislason@example.net','dc502ae027aa6469d1d070fb083557b9d09430eb',79797968351),(60,'Destiney','Lesch','fhessel@example.net','f4de8a84531c32a9103843d822f5100813b908cf',79631881837),(61,'Caterina','O\'Kon','cielo19@example.org','621828797b51610e7842845cf12e4a1e1f0b66ca',79460829556),(62,'Lizeth','O\'Kon','deckow.gordon@example.com','481a0caeb6b896b9230ec96d22202e45bc29e810',79040742405),(63,'Maurice','Pfannerstill','lkunde@example.com','b282ad0abb1b14d0d802ea2d5edc5959f85b98e0',79114526411),(64,'Jeanne','Morissette','carlie.kautzer@example.net','1fbb818bc3cf4361db394634f95bef2cce86b3eb',79765633564),(65,'Adelbert','Murazik','emmerich.charles@example.org','b903fa095d60d5e822e31097e8e309bc151b2dd6',79515824463),(66,'Vanessa','Moore','xupton@example.org','642092067774312a3eda568c444f007e21f34bc2',79753884586),(67,'Jaydon','Morissette','brown.cynthia@example.net','9f8eb128ea702aa0974a04940b702fb64827c195',79466814908),(68,'Furman','Cole','dietrich.johnpaul@example.com','9056118a1adb3084e5ebe19a405cc08a606254a1',79266555479),(69,'Phyllis','Olson','austin.hickle@example.org','6156884b8ae17f07c7a1cc6bf71d44314af7d1e5',79253997241),(70,'Nels','Hodkiewicz','mcclure.albertha@example.org','105b0e02f87ed91173a53b951945a5c51f1d8d89',79784652741),(71,'Jedediah','Bayer','madalyn.satterfield@example.org','a32e1cd7660a407f0faad610b97d0e286cd56358',79354623842),(72,'Elfrieda','Littel','tevin63@example.org','79d4a27e8546796c67527f688157b56af559ce2f',79913334204),(73,'Amiya','Hilll','chanel17@example.org','042751ce03316ae310cbd687fa3017a0e1609a31',79484853029),(74,'Deven','Mertz','gutkowski.mariane@example.org','b8af0bfbc9297cc490df07af24008d5070aa3ac2',79320899982),(75,'Nolan','Blanda','oblock@example.org','969da3936874f6a5ac0858efd68ec2b9673ef312',79431229267),(76,'Darren','Koss','balistreri.lavon@example.com','e0c7c036f2bffa889bcb113db15bc88bc674c442',79409476319),(77,'Rodrigo','Collier','hamill.irwin@example.com','df6b9b8c30d207fcf2069406a1f624a8f052e93c',79163602794),(78,'Fernando','Rutherford','mabelle.streich@example.net','1e0a5aa4dd5fa28e97d27dbf40323bc051dd34aa',79856924319),(79,'Kamren','Rogahn','kaden43@example.org','2ab2935d7f8f73158c818cbe7136d91161926ede',79925460066),(80,'Kristoffer','Fahey','schiller.cicero@example.net','5707e2353220987f7a9b6fc56a0239675741b270',79266792351),(81,'Casper','O\'Keefe','kiehn.stewart@example.net','f5652ffaee1aae0630334939c6d767ca20a9d2b7',79043782519),(82,'Avis','Bayer','wlegros@example.org','85d4c921f1fbba293d59f68d5da34e0aba877f74',79171811368),(83,'Joan','Schuppe','kunze.irma@example.net','416ff1bc9a38918a44c1a84dc606e7d8e2f4a0ab',79443355568),(84,'Sammie','Rogahn','bergnaum.mitchell@example.com','d09dd3135a71a995b48253fb49537220a297ab67',79114607890),(85,'Colleen','Denesik','brekke.joannie@example.com','e2cde6b52182c3df889be4262443f4e5489f0308',79334283063),(86,'Romaine','Pfeffer','elva89@example.org','550f20e4b22c6863104089e99bba8d4e182b7453',79028948457),(87,'Gustave','Harris','selena.lehner@example.org','b94cc1c7d7ddfa5b88a151d670bb5a4adb347e8f',79278906845),(88,'Nicolas','Zemlak','forest39@example.org','0acf2cebf0d89ae0633aeaa14c7d70cafa8d265c',79216495343),(89,'Della','Murray','yfunk@example.net','c24f385d60f529743aebe139eef8bf29f4d6aa42',79407194216),(90,'Gerson','Herman','travis39@example.com','7e4d682796caea57cf9886b028ba4542163b0bbf',79658765011),(91,'Kellen','Zboncak','hyman25@example.net','1eac27e3598caf69d0042b65a292ab5d4fa360a4',79401065743),(92,'Adella','Reilly','harber.jennie@example.org','5d64211aa252c8985d8cea90582ca77d4583f22e',79471171236),(93,'Bria','Hayes','kenny.lueilwitz@example.net','3472e17eeb95b3e086becf9d6395eacce75479e5',79300799627),(94,'Brionna','Padberg','noemy85@example.net','2a9128f33b59b169583eff83af64a4587a0a860e',79366618286),(95,'Bertram','Kuphal','raven13@example.com','1e8c139b9b5e40422be91d6ffa4d58b5eee408e3',79201593399),(96,'Chet','Swift','doyle.oda@example.net','e5259cdee58c038bd2bd08543e573bf4748206e3',79956584041),(97,'Jerel','Ferry','xhammes@example.com','91747ec1b35470e8dc96d1d44bc5b9438b7fb9a5',79691492435),(98,'Jensen','Kuhlman','nicole74@example.org','8fb90219328a543876e8f4947a3ae5552897b2a0',79549343496),(99,'Sienna','Streich','marta.gorczany@example.net','bcfdea7f31478a273aed0382768e33d31ad51ea9',79279378066),(100,'Antoinette','Collins','tyrell.bashirian@example.com','898df6e2141e36bae8b4ddd13602acd0ac920b56',79280361693);
/*!40000 ALTER TABLE `users` ENABLE KEYS */;
UNLOCK TABLES;

--
-- Table structure for table `users_communities`
--

DROP TABLE IF EXISTS `users_communities`;
/*!40101 SET @saved_cs_client     = @@character_set_client */;
/*!40101 SET character_set_client = utf8 */;
CREATE TABLE `users_communities` (
  `user_id` bigint(20) unsigned NOT NULL,
  `community_id` bigint(20) unsigned NOT NULL,
  PRIMARY KEY (`user_id`,`community_id`),
  KEY `community_id` (`community_id`),
  CONSTRAINT `users_communities_ibfk_1` FOREIGN KEY (`user_id`) REFERENCES `users` (`id`),
  CONSTRAINT `users_communities_ibfk_2` FOREIGN KEY (`community_id`) REFERENCES `communities` (`id`)
) ENGINE=InnoDB DEFAULT CHARSET=utf8mb4 COLLATE=utf8mb4_unicode_ci;
/*!40101 SET character_set_client = @saved_cs_client */;

--
-- Dumping data for table `users_communities`
--

LOCK TABLES `users_communities` WRITE;
/*!40000 ALTER TABLE `users_communities` DISABLE KEYS */;
INSERT INTO `users_communities` VALUES (1,1),(2,2),(3,3),(4,4),(5,5),(6,6),(7,7),(8,8),(9,9),(10,10),(11,11),(12,12),(13,13),(14,14),(15,15),(16,16),(17,17),(18,18),(19,19),(20,20),(21,1),(22,2),(23,3),(24,4),(25,5),(26,6),(27,7),(28,8),(29,9),(30,10),(31,11),(32,12),(33,13),(34,14),(35,15),(36,16),(37,17),(38,18),(39,19),(40,20),(41,1),(42,2),(43,3),(44,4),(45,5),(46,6),(47,7),(48,8),(49,9),(50,10),(51,11),(52,12),(53,13),(54,14),(55,15),(56,16),(57,17),(58,18),(59,19),(60,20),(61,1),(62,2),(63,3),(64,4),(65,5),(66,6),(67,7),(68,8),(69,9),(70,10),(71,11),(72,12),(73,13),(74,14),(75,15),(76,16),(77,17),(78,18),(79,19),(80,20),(81,1),(82,2),(83,3),(84,4),(85,5),(86,6),(87,7),(88,8),(89,9),(90,10),(91,11),(92,12),(93,13),(94,14),(95,15),(96,16),(97,17),(98,18),(99,19),(100,20);
/*!40000 ALTER TABLE `users_communities` ENABLE KEYS */;
UNLOCK TABLES;
/*!40103 SET TIME_ZONE=@OLD_TIME_ZONE */;

/*!40101 SET SQL_MODE=@OLD_SQL_MODE */;
/*!40014 SET FOREIGN_KEY_CHECKS=@OLD_FOREIGN_KEY_CHECKS */;
/*!40014 SET UNIQUE_CHECKS=@OLD_UNIQUE_CHECKS */;
/*!40101 SET CHARACTER_SET_CLIENT=@OLD_CHARACTER_SET_CLIENT */;
/*!40101 SET CHARACTER_SET_RESULTS=@OLD_CHARACTER_SET_RESULTS */;
/*!40101 SET COLLATION_CONNECTION=@OLD_COLLATION_CONNECTION */;
/*!40111 SET SQL_NOTES=@OLD_SQL_NOTES */;

-- Dump completed on 2021-08-24 19:37:29
